609;Sanit;76.15
335;Pb;4.65
967;Country;Brazil
337;Diarrhea;267
572;Bact;1396
1005;Country;Pakistan
1436;pH;8.21
720;Region;East
285;IMR;89.19
82;pH;8.16
199;pH;6.81
542;Sanit;80.47
230;Diarrhea;376
491;Bact;910
177;GDP;16915
919;AccessClean;75.16
236;Region;East
364;Diarrhea;378
360;Contam;0.32
1182;Contam;1.85
982;Pb;5.45
761;NO3;4.09
339;Contam;2.93
495;Contam;2.7
131;Region;North
766;Year;2004
1430;Region;South
593;GDP;16673
677;Sanit;94.15
952;AccessClean;61.3
751;Bact;3408
426;GDP;79232
503;pH;7.43
523;NO3;5.15
569;Treatment;No Treatment
1069;Bact;2543
1335;Pb;6.33
1436;Pb;4.41
1240;Pb;18.3
89;pH;8.25
533;Year;2019
220;NO3;0.68
37;IMR;3.62
602;AccessClean;38.44
250;Year;2016
634;IMR;41.14
349;Region;East
1239;Diarrhea;384
1240;NO3;45.02
349;Country;USA
700;GDP;25872
113;Contam;7.46
39;AccessClean;61.35
1001;Source;Lake
1374;Contam;6.43
1449;Bact;334
206;Sanit;48.35
577;IMR;9.08
30;Source;River
755;Source;Lake
731;Source;Tap
495;Sanit;57.05
737;pH;6.11
529;Pb;7.83
159;Region;South
1094;Diarrhea;497
972;IMR;7.48
279;Diarrhea;402
156;Source;Well
709;Year;2023
803;Bact;1618
651;Sanit;45.25
220;Diarrhea;214
1313;Pb;1.33
1032;Pb;19.95
978;Sanit;27.81
484;Sanit;95.09
1060;Sanit;61.74
561;Region;North
897;GDP;79852
1419;pH;7.29
954;Sanit;65.77
1235;Contam;6.25
509;Year;2023
656;Contam;3.57
138;Sanit;68.85
1001;GDP;29335
1226;Treatment;Filtration
393;GDP;42749
367;Diarrhea;395
1328;Country;Pakistan
621;Sanit;89.58
1018;Year;2012
641;Contam;2.21
1366;Region;South
526;Diarrhea;31
93;Diarrhea;24
837;Year;2018
18;Contam;7.18
1237;GDP;59725
785;Bact;254
12;AccessClean;72.76
809;Source;Spring
612;Year;2009
174;pH;7.08
943;Bact;3883
1228;Sanit;67.35
1139;Contam;5.63
1434;Region;Central
1325;Diarrhea;234
565;AccessClean;69.13
28;Year;2000
1233;Contam;6.2
1027;GDP;46538
431;Source;Tap
1351;AccessClean;80.53
232;IMR;86.45
586;Treatment;No Treatment
303;IMR;67.35
607;IMR;47.5
1024;Bact;3892
1164;Treatment;Boiling
60;GDP;40064
304;Contam;0.74
312;Contam;3.21
1216;Treatment;Boiling
174;Diarrhea;118
1275;Contam;3.95
812;Pb;3.83
1063;Country;Ethiopia
258;NO3;39.92
382;Bact;4771
568;NO3;14.77
648;IMR;84.0
887;Source;Tap
1218;Treatment;Chlorination
1245;Pb;18.32
287;Treatment;Boiling
1382;Bact;165
762;Source;Tap
527;Treatment;Chlorination
118;Country;Mexico
1057;Treatment;Filtration
31;NO3;27.28
524;NO3;3.91
718;Bact;3362
1155;GDP;40975
117;Sanit;46.74
925;Region;East
1195;Diarrhea;398
1378;Pb;5.4
471;GDP;65626
1210;Country;India
464;GDP;58046
1464;Source;Tap
804;pH;8.34
715;Source;Tap
270;Sanit;50.37
74;Source;Well
158;Sanit;35.41
111;Diarrhea;160
229;Sanit;98.25
465;Year;2003
716;Bact;1410
502;Source;Pond
302;Bact;3167
1122;pH;7.23
785;Pb;16.51
306;GDP;88032
1179;IMR;32.56
1101;IMR;51.02
961;Sanit;87.26
799;Pb;6.65
1427;Contam;9.69
935;Sanit;34.37
821;NO3;37.53
166;Treatment;Filtration
772;AccessClean;38.4
1484;Sanit;36.25
388;Diarrhea;385
436;Treatment;Chlorination
624;Year;2001
590;Year;2013
1126;Bact;1396
500;Region;Central
135;Source;Spring
1415;IMR;77.27
230;Treatment;Boiling
673;Source;River
1010;NO3;25.84
1298;Sanit;34.98
249;Treatment;Boiling
312;Sanit;73.02
974;Year;2000
1032;AccessClean;76.68
1054;Diarrhea;265
129;pH;6.04
860;Year;2010
693;NO3;23.61
60;Pb;19.15
1012;IMR;60.7
325;IMR;84.93
1175;Country;Nigeria
288;Bact;2663
1367;pH;6.63
371;NO3;35.16
41;Year;2009
381;Contam;2.16
156;Diarrhea;289
518;NO3;47.33
1350;IMR;47.77
1216;Bact;295
894;Region;East
1064;Pb;18.4
539;Region;Central
1137;Bact;812
190;IMR;62.14
1121;AccessClean;88.55
1407;Bact;1610
1215;pH;7.21
40;GDP;48274
188;pH;7.14
756;Region;West
500;Pb;3.69
603;GDP;24852
1473;Source;Tap
453;Diarrhea;355
576;NO3;22.35
215;Region;East
390;AccessClean;41.82
1105;Sanit;34.17
94;AccessClean;53.79
967;Pb;10.64
1067;Contam;6.89
293;IMR;20.7
1208;AccessClean;88.22
738;Diarrhea;495
631;Contam;1.41
812;Sanit;68.7
819;Treatment;Filtration
473;Contam;0.19
904;Contam;9.12
705;Country;Pakistan
1063;Contam;2.71
1455;pH;7.69
1366;pH;6.4
362;Contam;5.79
510;Source;Pond
254;Source;Lake
125;Bact;389
304;Sanit;21.87
206;AccessClean;65.06
1301;Region;Central
810;Pb;17.43
215;IMR;3.44
1106;Treatment;Filtration
176;Year;2003
180;Source;Spring
278;Contam;2.5
1185;Sanit;77.35
1415;Diarrhea;41
7;Country;Indonesia
1385;NO3;30.14
1060;IMR;88.14
20;pH;6.25
407;Year;2015
373;Diarrhea;433
368;Sanit;27.56
302;Country;Indonesia
1281;Source;Well
63;Region;East
604;IMR;76.7
1282;Year;2004
534;IMR;71.48
1325;IMR;66.92
982;Diarrhea;300
1242;AccessClean;42.62
540;Region;North
82;Year;2009
1313;Source;Spring
1318;Contam;7.9
828;Country;Mexico
90;Treatment;Boiling
814;Country;Indonesia
706;IMR;46.12
674;Country;Mexico
1164;Country;Mexico
419;Diarrhea;221
943;IMR;39.18
732;Sanit;72.75
479;Contam;3.33
313;NO3;48.38
154;Pb;8.0
1492;Pb;12.11
134;GDP;33649
1248;Contam;1.65
1268;Sanit;93.84
1086;Contam;6.58
1406;Diarrhea;350
1343;Year;2022
483;IMR;25.4
1462;GDP;31441
220;pH;8.36
283;IMR;82.45
1018;Treatment;Chlorination
237;Diarrhea;462
459;IMR;13.38
744;Sanit;69.02
583;Contam;3.09
1041;IMR;45.11
699;GDP;60041
1491;Country;Indonesia
1290;GDP;13144
1033;pH;8.15
293;NO3;3.07
326;IMR;7.64
213;Sanit;61.19
595;Sanit;25.71
1108;Source;Spring
639;AccessClean;92.14
135;Bact;1041
732;Year;2004
1146;Year;2023
667;Treatment;Chlorination
231;Country;China
1012;AccessClean;94.52
440;IMR;27.13
475;Source;Tap
619;Country;Mexico
633;Pb;5.71
121;AccessClean;92.75
456;GDP;70568
1212;Pb;11.25
743;pH;6.1
674;Source;River
903;IMR;56.97
556;IMR;99.21
652;Country;Bangladesh
709;GDP;77910
618;Region;West
1067;IMR;92.11
796;pH;7.43
788;Country;Bangladesh
448;Diarrhea;273
116;GDP;93746
859;Region;East
1111;pH;6.07
635;Contam;5.02
576;Region;East
394;Source;Tap
1278;Country;Brazil
466;Source;Lake
400;Bact;4097
1033;Contam;4.31
688;NO3;13.3
1452;Year;2016
84;Treatment;Boiling
1110;Region;South
226;pH;7.3
1446;Treatment;No Treatment
1130;Pb;9.23
50;Contam;5.67
351;Region;East
1340;Region;West
1417;Bact;2840
421;Treatment;Chlorination
381;AccessClean;35.64
1352;pH;7.33
1267;pH;6.23
178;AccessClean;37.23
799;NO3;48.71
159;Country;China
326;NO3;19.15
154;Diarrhea;56
275;Diarrhea;228
1404;Country;Bangladesh
505;pH;8.31
957;Year;2013
1048;AccessClean;89.03
1448;Source;Tap
1168;Source;Well
1273;Source;River
762;AccessClean;82.72
243;NO3;43.93
1281;Treatment;Filtration
1124;Region;Central
811;Bact;4819
225;NO3;11.41
1359;Bact;1857
1208;Diarrhea;298
527;Country;Nigeria
1161;Contam;1.1
1111;Treatment;Boiling
417;Country;Nigeria
1421;GDP;6070
275;Year;2005
514;GDP;71333
905;GDP;25018
211;AccessClean;58.86
176;Bact;1977
702;Source;Spring
839;IMR;50.01
790;Pb;14.95
204;Year;2013
68;Treatment;No Treatment
551;Region;Central
963;AccessClean;43.6
1401;Treatment;Chlorination
1330;Year;2009
216;pH;7.1
149;Year;2019
922;Country;Bangladesh
9;NO3;42.44
652;AccessClean;37.13
1368;Year;2001
143;pH;7.64
1449;GDP;81631
1176;Pb;8.97
1424;Source;Well
758;Contam;3.44
867;NO3;15.1
289;Source;River
296;IMR;91.67
775;Source;Spring
1367;Pb;6.76
110;Country;Nigeria
1069;GDP;35339
1311;Pb;14.81
298;pH;8.17
803;Source;Tap
1369;Country;China
151;Country;Pakistan
4;Year;2013
1464;NO3;7.68
1182;Bact;4452
1277;AccessClean;71.53
1371;NO3;40.68
461;IMR;45.41
848;AccessClean;88.75
995;AccessClean;45.05
1289;Country;USA
661;Year;2015
1006;IMR;60.62
582;pH;6.02
361;Sanit;51.07
1261;Country;Nigeria
713;NO3;46.5
278;GDP;57178
629;Bact;1564
822;NO3;39.26
571;pH;6.1
859;GDP;82551
778;Diarrhea;6
1052;pH;7.93
225;Source;Pond
1189;Treatment;Boiling
569;AccessClean;65.43
814;Pb;7.94
1392;NO3;12.35
915;Sanit;74.23
551;Bact;3726
1211;Source;River
737;Pb;17.62
1286;Region;East
622;Diarrhea;1
1252;NO3;14.75
1079;Diarrhea;461
711;Region;South
278;pH;7.99
578;pH;6.92
662;Contam;3.82
1361;Sanit;32.6
324;Bact;3604
426;Diarrhea;27
647;Contam;0.99
187;Country;Brazil
1392;pH;7.69
93;Region;Central
357;Country;Pakistan
1143;Bact;4957
1443;IMR;78.91
285;AccessClean;66.0
175;pH;7.78
152;Treatment;Chlorination
1314;AccessClean;53.76
118;Diarrhea;378
1354;NO3;27.59
941;Bact;3691
1483;Country;Nigeria
289;Region;Central
1128;Bact;3595
48;Treatment;Filtration
1334;AccessClean;73.97
48;GDP;47186
130;AccessClean;91.34
1311;GDP;11883
1135;Source;River
586;IMR;44.41
892;Contam;6.68
879;Sanit;98.59
628;IMR;29.28
32;NO3;6.56
852;Source;River
247;Bact;3911
290;Year;2015
1079;GDP;17972
902;IMR;32.5
1141;NO3;1.1
1365;Bact;3683
182;AccessClean;36.07
551;Year;2019
1393;Treatment;Boiling
1483;Region;East
276;Diarrhea;430
196;Region;Central
1216;Region;East
1247;GDP;2705
993;AccessClean;72.21
174;Country;China
427;GDP;52509
137;Year;2024
90;Region;East
1191;pH;6.28
103;Bact;2156
1346;GDP;57409
964;Pb;18.99
427;Diarrhea;497
993;Pb;3.83
413;Pb;9.98
753;Bact;1825
691;Pb;6.92
892;Bact;1639
475;Pb;13.41
1264;Region;East
408;IMR;43.9
222;pH;6.12
969;IMR;61.31
574;IMR;47.13
32;Source;Pond
7;AccessClean;89.69
1321;AccessClean;93.52
1462;AccessClean;80.63
1465;AccessClean;51.79
1006;AccessClean;95.57
226;Source;Well
12;Region;South
749;GDP;79750
1410;pH;8.09
803;AccessClean;81.59
1374;Source;Tap
250;Country;China
1139;AccessClean;80.74
161;AccessClean;99.9
1436;AccessClean;54.55
419;AccessClean;69.61
680;Bact;4122
1100;Country;USA
1285;pH;6.72
573;Region;North
541;IMR;30.49
1215;AccessClean;66.58
91;Bact;4340
1252;Contam;3.22
96;AccessClean;80.07
497;IMR;16.54
1206;Region;East
1119;Contam;7.4
1056;Sanit;34.3
368;AccessClean;65.46
248;Region;West
358;Diarrhea;180
98;IMR;79.6
492;Diarrhea;80
45;Bact;1885
1131;GDP;7120
1065;GDP;8657
1310;pH;7.68
966;Country;Pakistan
144;Region;Central
1232;Region;South
1127;Sanit;71.86
742;Pb;0.81
1293;Treatment;Chlorination
278;Year;2022
924;Year;2001
728;AccessClean;51.55
1470;Year;2017
38;Contam;1.93
928;Region;West
1155;Sanit;92.62
1360;pH;7.98
653;GDP;91791
859;NO3;31.54
865;Region;North
928;Source;Spring
209;Diarrhea;177
802;Pb;17.33
399;Contam;7.19
799;Source;Tap
106;AccessClean;84.85
492;Bact;3849
240;Treatment;No Treatment
1319;Sanit;55.42
1481;Pb;10.43
1203;Treatment;Boiling
981;NO3;16.16
295;Country;Nigeria
986;NO3;8.43
800;Bact;337
535;Country;Bangladesh
1450;pH;6.29
1039;Region;North
424;Country;Ethiopia
1261;AccessClean;34.39
1431;NO3;36.95
586;Region;South
404;Source;Well
923;Sanit;20.57
166;Country;Ethiopia
793;NO3;13.95
1313;Contam;4.21
955;AccessClean;57.48
401;Pb;19.48
485;NO3;37.78
633;GDP;17296
56;Sanit;68.13
11;IMR;55.99
1132;Diarrhea;415
321;Diarrhea;96
628;Contam;1.57
572;Diarrhea;230
163;Bact;42
699;NO3;8.31
1149;Pb;14.51
1392;Year;2017
692;NO3;30.98
374;Year;2006
1299;Contam;3.47
898;Diarrhea;87
91;pH;6.66
823;IMR;79.47
854;Diarrhea;352
290;Source;River
644;Diarrhea;11
30;GDP;33703
561;Sanit;95.47
1156;Source;Tap
520;Sanit;54.3
730;Country;China
468;GDP;71924
131;GDP;62339
1149;pH;7.43
1068;Contam;5.59
1256;Year;2012
228;Contam;4.97
1375;Treatment;Chlorination
635;pH;6.51
407;GDP;74358
1349;Pb;17.78
1187;AccessClean;84.12
1429;Source;Tap
295;Source;River
1115;Contam;6.72
1393;Contam;6.21
354;Diarrhea;2
1235;Country;Nigeria
743;AccessClean;41.58
272;Year;2017
271;Contam;9.89
89;Source;Lake
211;Diarrhea;61
1440;Contam;5.79
1274;pH;8.21
80;NO3;29.71
945;Country;Indonesia
825;Treatment;Boiling
357;Treatment;Filtration
918;Year;2005
498;GDP;68109
201;Diarrhea;81
841;Source;Well
435;GDP;44013
1038;Sanit;49.5
1335;Treatment;No Treatment
398;Sanit;40.82
506;GDP;99444
174;Sanit;26.83
692;Year;2009
907;Treatment;Chlorination
1298;Diarrhea;347
1226;Contam;4.66
1031;Sanit;38.7
672;Diarrhea;411
584;NO3;27.35
146;Source;Spring
1340;Contam;9.88
850;GDP;70219
954;Treatment;No Treatment
412;Country;Ethiopia
1349;IMR;44.36
1450;Contam;3.1
1455;IMR;80.02
1265;Country;Ethiopia
1272;AccessClean;53.16
1077;Diarrhea;46
98;Pb;19.43
695;Country;Brazil
948;NO3;29.88
541;Region;West
176;Country;Ethiopia
184;Sanit;40.34
489;Country;Indonesia
1299;Year;2006
1096;Source;River
191;Bact;3101
812;Country;China
672;AccessClean;70.56
152;Region;East
1286;Contam;4.75
1079;Bact;3554
542;IMR;70.89
672;GDP;51417
170;Bact;2867
1080;Bact;4094
220;Country;Pakistan
920;AccessClean;43.92
152;Bact;4269
128;Diarrhea;188
515;Bact;305
1298;pH;7.08
200;Sanit;60.75
492;GDP;67495
976;Diarrhea;206
880;IMR;91.65
1348;Contam;1.43
398;Year;2006
1068;Diarrhea;26
1052;Diarrhea;278
1040;Treatment;Chlorination
532;AccessClean;88.79
119;pH;8.24
636;pH;7.16
1264;AccessClean;55.18
981;Region;North
438;GDP;65143
182;Region;East
399;NO3;47.05
1145;Source;Pond
839;Country;Bangladesh
77;NO3;29.22
882;Pb;16.59
85;Source;River
1397;GDP;36533
713;IMR;34.76
1132;AccessClean;97.89
932;Source;Well
948;AccessClean;59.98
1480;Country;Indonesia
403;AccessClean;98.03
1387;AccessClean;63.96
1295;NO3;12.86
970;Bact;1688
1214;AccessClean;91.81
228;NO3;19.17
1043;Pb;17.83
777;Country;India
500;AccessClean;79.47
46;NO3;32.88
1066;NO3;47.23
1357;Diarrhea;117
1436;IMR;49.4
1201;Treatment;Chlorination
1402;GDP;31953
1343;Country;Brazil
470;Country;Nigeria
1419;Pb;5.44
1135;Year;2000
847;Treatment;No Treatment
1048;Bact;803
394;Country;USA
675;Treatment;Filtration
407;NO3;32.72
102;Year;2001
668;Bact;3123
489;Year;2003
273;Treatment;Chlorination
909;pH;6.82
1124;pH;8.06
1121;Sanit;96.81
112;Contam;9.18
157;pH;6.14
571;Pb;5.87
899;pH;7.58
1130;Region;North
171;AccessClean;46.17
53;Region;South
1071;Diarrhea;21
104;NO3;12.57
328;Contam;9.71
470;IMR;38.65
1008;pH;6.72
336;pH;6.94
1165;Year;2006
1065;Country;Ethiopia
1211;Country;Ethiopia
1384;Country;Pakistan
175;Region;Central
1475;Sanit;57.64
679;AccessClean;43.27
1306;Region;West
600;Diarrhea;483
776;Treatment;No Treatment
925;pH;6.62
715;IMR;89.72
832;NO3;46.19
222;Year;2000
575;AccessClean;56.79
1364;Sanit;90.67
299;Bact;2368
935;Source;Well
185;NO3;0.65
211;Source;River
708;Bact;1459
871;GDP;43637
354;IMR;70.33
565;Contam;1.16
1211;GDP;25455
511;Year;2002
1306;Country;Ethiopia
582;Sanit;25.54
596;Sanit;65.57
1197;Year;2024
1326;Treatment;No Treatment
1459;GDP;63637
420;Sanit;27.84
214;Country;Mexico
619;Contam;5.09
1470;Treatment;Chlorination
583;Pb;6.17
1262;pH;7.68
1336;Region;East
690;IMR;55.55
419;Country;Ethiopia
1474;IMR;87.42
958;Diarrhea;116
693;Year;2003
620;GDP;59388
1160;Region;North
604;Bact;942
12;IMR;44.45
1328;Bact;2057
107;Diarrhea;248
670;Source;Pond
557;GDP;59367
517;Treatment;Chlorination
308;Pb;14.26
986;Region;West
689;pH;6.46
1418;Pb;10.03
1415;Treatment;No Treatment
741;Diarrhea;296
286;Bact;4994
1099;Contam;0.52
251;NO3;25.28
579;Contam;7.43
973;Sanit;76.42
760;Year;2001
753;Contam;9.87
501;IMR;22.95
96;NO3;18.52
1290;NO3;23.4
970;AccessClean;32.4
199;Treatment;Boiling
395;Source;Pond
1387;GDP;78705
494;Country;Mexico
358;Treatment;Boiling
994;Diarrhea;321
1281;Pb;1.78
1003;Country;Brazil
295;Diarrhea;92
962;NO3;11.38
278;IMR;95.27
501;NO3;13.22
1468;GDP;87750
687;Source;Spring
203;Diarrhea;460
499;Pb;19.68
1331;Diarrhea;229
738;Sanit;33.76
873;GDP;33259
1184;Sanit;94.35
930;Source;Well
1408;Sanit;62.43
1415;Source;Tap
346;Bact;4768
1280;Sanit;54.28
337;Pb;12.09
62;Contam;7.48
698;IMR;2.78
1061;AccessClean;73.27
1478;Sanit;84.21
593;Diarrhea;481
438;pH;7.28
1355;Pb;0.03
927;Year;2000
1054;pH;6.75
1346;Sanit;93.55
253;NO3;45.06
309;NO3;32.46
26;Diarrhea;375
492;Sanit;24.88
766;Region;North
385;Diarrhea;101
78;Sanit;45.99
435;Diarrhea;292
1196;Year;2014
54;AccessClean;56.25
157;Country;Nigeria
565;pH;7.39
1151;Treatment;Chlorination
564;Source;Lake
1377;NO3;26.69
169;pH;6.94
634;Contam;3.99
780;Diarrhea;315
1290;Country;Indonesia
118;Bact;3823
1475;GDP;55508
1398;Diarrhea;440
837;Contam;1.25
841;NO3;28.96
132;IMR;89.99
1370;Pb;1.09
1473;Treatment;Chlorination
55;GDP;31512
521;NO3;45.06
1222;pH;6.47
1026;Bact;808
35;Diarrhea;272
25;AccessClean;42.83
1147;GDP;31049
919;Pb;5.91
956;Source;Lake
142;AccessClean;83.43
296;Bact;3102
761;IMR;6.06
743;Source;Lake
304;Country;India
398;Source;Pond
436;IMR;75.43
349;IMR;84.1
438;Region;South
711;AccessClean;44.88
477;Country;Pakistan
1062;AccessClean;35.66
1399;Year;2013
866;NO3;26.35
432;NO3;34.61
670;Pb;19.86
1498;NO3;1.91
1368;GDP;6027
1417;IMR;89.1
750;Year;2003
162;Diarrhea;66
1435;Sanit;82.23
762;Region;Central
472;pH;6.37
1454;GDP;27029
51;Region;East
1294;Diarrhea;250
199;Sanit;48.47
547;AccessClean;30.53
899;Sanit;95.56
344;Treatment;Boiling
1200;GDP;16240
974;IMR;71.24
1476;Region;South
1324;pH;6.94
1008;Diarrhea;133
1324;Diarrhea;312
558;Sanit;92.46
1221;AccessClean;39.99
504;Treatment;No Treatment
934;Diarrhea;372
1494;GDP;72448
1116;GDP;78711
1275;Source;Well
602;Contam;5.57
345;Contam;2.66
1259;Sanit;28.79
607;Diarrhea;252
1190;Sanit;66.65
620;Pb;18.0
667;Year;2008
223;Treatment;Boiling
1109;Year;2008
865;IMR;60.39
1159;Year;2016
408;pH;8.08
117;Source;Well
969;pH;7.48
1220;Pb;14.44
398;Treatment;Chlorination
506;Treatment;Chlorination
1083;Source;River
1018;AccessClean;90.55
136;Year;2008
959;NO3;23.47
1384;Treatment;Filtration
739;Treatment;Filtration
566;Source;Tap
210;Region;East
1046;pH;7.43
888;AccessClean;89.2
256;NO3;24.94
653;Year;2024
26;GDP;51695
117;Treatment;Boiling
883;Contam;1.39
1498;Contam;5.79
890;Bact;1817
854;IMR;60.32
51;Contam;3.37
712;GDP;32844
633;AccessClean;58.31
453;Bact;2206
706;Pb;7.65
141;AccessClean;83.69
1399;Region;Central
376;Region;Central
63;IMR;10.67
555;IMR;58.05
1165;Bact;3676
115;GDP;94067
228;Sanit;21.56
1196;Treatment;No Treatment
1211;Treatment;Chlorination
872;Source;Tap
616;Bact;2922
307;Source;Tap
633;Bact;3113
548;Source;River
1244;NO3;14.14
781;GDP;24986
83;AccessClean;44.65
637;Sanit;95.2
487;Region;Central
349;GDP;87750
35;pH;6.84
776;Diarrhea;20
176;GDP;9740
131;pH;6.48
25;pH;7.99
946;IMR;93.74
476;Bact;1918
534;Pb;16.76
550;Year;2018
842;Pb;14.66
919;Diarrhea;390
1331;Bact;3550
277;NO3;48.73
766;Pb;18.66
893;Year;2009
1261;Diarrhea;256
61;Diarrhea;133
230;IMR;36.14
1103;Treatment;Boiling
924;Bact;251
763;Diarrhea;243
952;pH;6.28
491;Region;North
938;Source;Tap
1488;Treatment;Filtration
163;Source;Spring
1276;IMR;31.7
1246;Source;Lake
1086;AccessClean;76.6
101;Sanit;45.98
1279;Treatment;No Treatment
613;Country;Brazil
1351;Bact;380
548;Region;Central
1311;Sanit;79.19
491;GDP;23236
1040;Diarrhea;138
1321;Pb;1.13
816;Sanit;33.77
1234;Country;Ethiopia
1408;Source;Spring
929;AccessClean;36.65
684;Country;Mexico
1453;Source;Tap
242;Sanit;78.0
1027;Treatment;Boiling
1469;Year;2011
237;Source;Well
18;Pb;18.03
611;Treatment;Chlorination
539;Contam;8.34
520;Diarrhea;69
840;Diarrhea;476
1086;Bact;3174
387;Region;East
1200;IMR;77.87
729;Sanit;25.26
425;Treatment;Boiling
1351;Sanit;43.87
338;Country;Pakistan
139;pH;7.11
1301;NO3;0.73
313;pH;6.55
816;Pb;10.84
997;Sanit;20.01
672;Contam;9.5
450;Region;Central
399;IMR;87.24
373;Bact;4902
219;Country;China
488;Bact;2489
91;IMR;69.34
545;Year;2002
1470;pH;6.85
330;GDP;48877
575;Source;Well
996;Contam;8.01
663;Sanit;50.07
329;Source;Tap
864;Pb;11.86
1095;Contam;1.53
1123;Contam;3.66
1222;AccessClean;56.97
182;Bact;1012
972;Pb;1.33
433;Country;India
1123;IMR;37.09
123;Country;Ethiopia
16;pH;6.44
539;GDP;48767
1335;IMR;43.05
105;Treatment;Filtration
817;Year;2000
491;NO3;0.99
1278;NO3;16.04
1266;Diarrhea;475
1120;Region;West
58;IMR;16.33
1399;Bact;2383
64;Country;Pakistan
1411;Region;East
365;Pb;8.37
1421;Treatment;No Treatment
78;Year;2024
772;Year;2023
1266;Year;2016
1153;Diarrhea;89
1305;GDP;16715
592;Sanit;60.83
315;GDP;10753
475;AccessClean;99.94
1291;IMR;45.58
132;AccessClean;35.15
665;Treatment;Chlorination
212;Contam;9.23
657;Contam;7.19
1069;Source;River
854;GDP;56542
19;GDP;1780
757;Diarrhea;207
801;GDP;60697
81;pH;7.09
207;NO3;30.41
468;pH;6.67
1094;Contam;2.54
930;Sanit;41.48
868;Year;2009
748;Source;River
1358;Pb;19.06
991;NO3;9.31
1417;Pb;5.72
349;Treatment;Filtration
562;Pb;2.26
1061;GDP;8077
51;Year;2006
413;AccessClean;48.91
53;GDP;31686
456;Year;2023
197;Sanit;52.91
973;Bact;2783
813;Region;Central
445;pH;7.25
888;Source;Lake
500;GDP;47034
439;Source;Spring
822;Source;River
885;Source;Pond
1124;Country;USA
680;Country;China
1180;Region;East
1014;Sanit;42.09
310;Sanit;72.11
791;Pb;13.13
1063;Bact;503
878;Pb;13.58
1297;Region;South
516;pH;6.13
1003;Bact;904
260;pH;7.4
732;GDP;82579
1015;Diarrhea;279
100;Contam;5.45
200;Country;China
1471;Contam;3.53
1345;Contam;0.52
1101;Region;Central
115;IMR;84.49
1306;pH;6.08
422;Country;Indonesia
579;pH;7.54
1455;Contam;9.63
351;NO3;22.17
1355;pH;6.33
1174;Sanit;27.78
449;Diarrhea;36
840;Pb;19.29
1350;Country;Mexico
784;AccessClean;42.85
1462;Contam;8.42
1220;Treatment;Chlorination
158;Treatment;Chlorination
330;pH;8.39
748;Sanit;95.96
389;NO3;42.51
1342;Year;2004
1013;Pb;16.04
207;Region;North
790;Contam;5.6
277;Contam;8.55
769;Treatment;Filtration
523;Contam;7.14
1096;Contam;0.08
970;Region;West
852;Treatment;No Treatment
1377;Bact;1412
446;Year;2019
570;NO3;28.86
172;Region;Central
1312;GDP;6249
274;IMR;32.49
626;Contam;0.02
332;Region;South
984;NO3;10.38
42;Source;Well
1248;Sanit;42.38
549;Region;East
1003;IMR;73.01
730;Sanit;38.03
1383;Contam;9.35
31;Source;River
448;Contam;2.1
1016;GDP;26424
1218;AccessClean;37.83
916;NO3;2.67
31;IMR;61.81
593;Bact;1354
1318;Region;Central
702;Pb;17.19
1419;Sanit;57.06
1188;NO3;2.3
297;Contam;0.11
1196;pH;6.73
613;NO3;5.74
1396;Country;Mexico
549;Pb;1.59
1375;IMR;97.29
1116;NO3;24.24
944;Bact;1908
1144;pH;8.26
716;Region;South
673;Pb;9.63
69;Treatment;No Treatment
163;Treatment;Boiling
1093;Bact;623
850;Country;Pakistan
1283;NO3;3.23
1394;Contam;7.49
1159;Sanit;93.5
589;IMR;53.17
69;Country;China
165;Source;Pond
176;Pb;4.78
1150;Bact;1948
120;Year;2004
1091;Diarrhea;229
1068;Pb;18.14
832;Contam;9.97
25;Country;Indonesia
747;Year;2008
211;Region;West
18;GDP;90239
306;NO3;5.26
640;GDP;42869
1300;NO3;48.03
395;Bact;101
349;AccessClean;89.12
1462;Sanit;54.52
747;IMR;8.26
765;Country;Mexico
874;Region;West
204;Source;Well
965;IMR;40.28
581;GDP;8322
766;Country;USA
804;NO3;24.72
208;Pb;4.07
137;Treatment;No Treatment
716;AccessClean;84.86
1151;Source;River
1303;Treatment;Filtration
1253;Diarrhea;165
575;Sanit;29.53
901;Diarrhea;300
630;Contam;1.24
8;GDP;80635
1179;Source;Lake
1253;Sanit;38.69
1094;Country;Bangladesh
259;Contam;9.51
1336;IMR;43.67
1218;Source;Spring
1102;pH;7.82
323;Diarrhea;46
960;NO3;2.3
273;GDP;75573
200;Diarrhea;411
616;Country;Mexico
1481;pH;7.36
1338;Contam;2.63
915;Year;2006
288;IMR;62.4
1027;Source;River
319;Bact;4224
1000;IMR;26.77
834;GDP;78548
322;NO3;42.28
1063;Region;Central
1126;Region;North
1488;Bact;1903
259;Sanit;56.07
785;Region;South
226;Sanit;21.63
206;IMR;60.32
543;Pb;5.87
636;Source;River
216;Country;Indonesia
15;Source;River
909;Source;Spring
948;Treatment;No Treatment
53;Year;2017
1379;pH;7.04
36;IMR;99.74
450;pH;8.43
657;Treatment;Boiling
509;Contam;1.57
339;Sanit;51.11
976;Treatment;Boiling
1255;Sanit;49.54
215;pH;6.41
324;GDP;16086
357;Bact;3522
529;Country;Nigeria
1338;pH;6.8
739;Year;2020
573;Year;2001
1008;Source;Spring
429;Region;South
347;Bact;3740
435;Country;China
693;IMR;38.62
302;GDP;30574
1179;Bact;4242
967;Sanit;29.39
926;Pb;16.27
297;Sanit;38.97
470;Year;2008
736;IMR;10.97
544;IMR;8.04
672;Region;West
1470;NO3;27.68
983;Pb;19.19
511;Sanit;82.23
257;Year;2010
873;NO3;11.56
1255;Source;Pond
1026;Country;Mexico
1370;Year;2006
164;pH;7.91
113;Sanit;68.99
877;Region;East
52;Year;2008
954;Country;Ethiopia
38;AccessClean;35.35
683;Country;China
352;Source;Spring
682;IMR;94.89
97;Treatment;Boiling
1254;NO3;19.35
67;Bact;1044
523;IMR;68.97
1422;Sanit;21.48
1458;Region;Central
712;Source;River
27;Bact;3615
245;AccessClean;57.04
455;Bact;1332
1317;Bact;896
686;GDP;59776
55;Region;North
825;Region;East
730;GDP;45832
689;Year;2002
886;Region;South
1222;Sanit;88.63
607;Year;2010
809;Sanit;91.58
1417;Contam;5.99
117;Diarrhea;102
547;Country;Brazil
1300;Bact;3828
1422;pH;8.26
866;Country;Pakistan
126;Contam;2.91
1420;Sanit;56.3
1144;IMR;13.42
1315;Sanit;73.64
478;Diarrhea;168
560;NO3;19.15
1027;Bact;4471
900;NO3;44.69
1176;Contam;5.89
675;AccessClean;92.94
737;IMR;97.05
1414;Pb;17.89
1037;NO3;49.68
1024;Diarrhea;302
1234;Sanit;56.03
460;AccessClean;66.62
836;Bact;3332
1442;Year;2019
323;Contam;6.09
1257;pH;7.32
62;GDP;22443
1407;Diarrhea;487
1476;AccessClean;32.69
719;Country;Brazil
348;pH;8.41
887;Treatment;Chlorination
228;Diarrhea;267
434;IMR;68.24
600;Source;Tap
217;GDP;85689
597;Bact;4878
488;Contam;9.86
1391;Pb;2.59
842;GDP;27313
96;IMR;92.12
1082;Bact;2330
415;GDP;13953
1049;GDP;88734
106;NO3;14.81
677;Diarrhea;169
1369;IMR;64.32
748;IMR;26.96
875;Country;Nigeria
1019;Sanit;74.74
587;Region;North
993;Year;2014
271;Pb;11.9
43;GDP;92733
502;NO3;37.41
1054;GDP;15189
491;Pb;4.39
1449;IMR;56.07
972;GDP;90843
239;Diarrhea;259
656;Source;River
1408;Country;China
37;Year;2013
128;NO3;39.78
1146;Sanit;69.35
1421;Region;Central
55;AccessClean;82.83
254;Country;India
1164;pH;6.84
980;Treatment;No Treatment
1167;Year;2005
296;pH;6.53
988;Bact;4219
743;Contam;9.05
231;NO3;9.12
1317;Diarrhea;104
1171;Sanit;86.99
202;IMR;23.81
600;Bact;3719
667;AccessClean;71.11
725;AccessClean;30.06
1119;pH;6.96
1495;Contam;3.42
561;pH;8.07
1285;GDP;4605
1403;Bact;2093
1415;Sanit;42.29
166;Region;South
1342;AccessClean;98.82
951;Contam;4.6
706;Treatment;No Treatment
1322;Region;North
571;Sanit;34.4
1246;Bact;1268
1004;Sanit;59.56
217;Treatment;Boiling
667;Source;Tap
1061;NO3;2.05
1166;Contam;6.22
955;Region;North
236;Bact;1336
360;Source;Spring
1082;Year;2022
376;AccessClean;99.68
827;Contam;4.0
1383;pH;7.94
1392;Treatment;Boiling
827;Bact;2142
1394;Diarrhea;318
859;Sanit;54.42
1001;Treatment;Boiling
495;Diarrhea;247
372;Region;North
1140;NO3;18.25
267;Region;Central
1209;Diarrhea;205
192;Treatment;Filtration
1287;AccessClean;59.12
1156;Region;North
1006;Year;2017
132;Pb;16.48
453;IMR;10.73
487;Country;China
528;Treatment;Chlorination
300;Region;West
38;Year;2009
1458;Contam;8.11
578;Treatment;Chlorination
821;Sanit;67.97
1288;GDP;30216
1385;Treatment;Chlorination
250;AccessClean;81.55
1407;AccessClean;49.25
1379;Region;West
1171;AccessClean;50.32
258;pH;8.34
825;Sanit;87.89
1302;Treatment;No Treatment
334;Contam;0.64
928;NO3;44.06
42;IMR;21.85
1056;pH;7.85
773;AccessClean;34.66
966;pH;6.65
1154;pH;7.94
625;GDP;37524
1199;Diarrhea;339
950;GDP;13489
957;Contam;9.08
188;Country;China
1043;AccessClean;85.88
242;Contam;1.88
677;pH;6.62
840;Bact;1878
244;Contam;9.63
1042;Source;River
1409;Pb;14.3
1272;Year;2009
1259;AccessClean;66.16
1304;Region;North
587;Treatment;No Treatment
740;Diarrhea;330
135;Year;2007
738;Country;Pakistan
1370;Diarrhea;253
1449;NO3;25.43
1399;GDP;87207
1076;AccessClean;68.29
997;Diarrhea;483
723;Sanit;92.54
886;Sanit;42.67
185;Year;2010
767;AccessClean;43.1
1309;Source;Well
492;Pb;15.41
316;pH;6.93
1079;Year;2005
1221;GDP;45579
438;IMR;35.18
947;Year;2019
303;Region;South
34;Sanit;46.42
627;Source;River
390;Diarrhea;318
1005;GDP;91306
902;Region;Central
1238;Contam;1.53
1113;NO3;17.6
1153;Pb;18.98
1340;Country;China
1271;Sanit;59.25
820;Year;2005
640;Diarrhea;250
983;Treatment;Filtration
55;Country;Brazil
1339;IMR;90.31
317;Contam;1.47
277;pH;7.32
960;Diarrhea;145
1091;IMR;7.0
410;NO3;8.76
1485;pH;6.37
475;Contam;8.06
750;Source;Pond
718;IMR;62.59
1156;Sanit;40.2
952;IMR;28.8
210;Year;2005
1427;IMR;67.33
704;Diarrhea;100
33;IMR;51.45
104;Diarrhea;146
991;Pb;3.46
907;Pb;19.58
683;GDP;20820
27;GDP;21025
794;Year;2002
203;Bact;3390
435;Pb;5.32
460;Treatment;Boiling
412;Year;2012
974;Country;Brazil
68;Sanit;91.18
1448;AccessClean;56.44
386;Year;2016
1147;Diarrhea;486
1461;Sanit;67.4
962;Treatment;Filtration
784;Country;USA
1155;Region;West
1019;IMR;87.46
977;IMR;72.96
70;Sanit;35.01
1259;Treatment;Filtration
870;Country;India
197;Treatment;Chlorination
921;pH;6.26
1497;Treatment;Boiling
404;Region;North
1363;Sanit;72.66
1085;NO3;28.04
278;AccessClean;74.63
757;Region;East
472;Diarrhea;350
571;IMR;44.81
1425;Bact;4981
1364;IMR;96.98
923;Pb;7.34
1070;Source;Tap
1233;pH;7.4
1070;Pb;2.61
177;Bact;4183
334;IMR;83.44
1282;pH;6.86
490;Bact;4149
236;Country;Nigeria
252;AccessClean;32.27
295;Sanit;61.1
1338;Country;Ethiopia
740;Year;2011
972;AccessClean;68.48
25;Bact;3374
809;NO3;31.9
644;Sanit;71.59
811;pH;6.69
567;pH;7.8
1343;NO3;9.58
1282;Treatment;Boiling
1101;Bact;1636
988;Contam;2.87
1448;Pb;10.4
452;NO3;20.39
980;Pb;14.31
85;AccessClean;83.15
1447;AccessClean;50.4
1424;GDP;6738
980;Country;Nigeria
1134;AccessClean;89.61
1114;Contam;3.69
109;GDP;58986
467;Contam;2.38
59;GDP;55499
551;GDP;54443
949;Contam;5.59
1245;GDP;38039
1064;Treatment;No Treatment
205;Country;China
999;Country;India
1211;Sanit;39.62
1136;NO3;45.91
993;NO3;44.57
765;Source;Tap
482;Treatment;Chlorination
765;Pb;6.42
905;Country;China
813;Country;India
576;Treatment;Boiling
193;Pb;8.56
1287;Country;USA
1453;Pb;3.91
56;Source;Spring
254;Pb;13.24
300;Treatment;Chlorination
671;Treatment;Boiling
330;Treatment;Chlorination
599;Sanit;72.15
166;Diarrhea;96
233;AccessClean;95.17
489;Source;Spring
846;Bact;1564
1255;pH;7.07
1095;Diarrhea;451
497;GDP;11227
1057;Bact;2568
1191;Contam;5.44
415;Region;Central
542;Bact;4307
1197;Country;Bangladesh
725;pH;7.42
987;Source;Well
1243;Bact;2192
1048;Contam;5.08
321;Country;Mexico
414;Region;East
905;Treatment;Boiling
631;Country;Nigeria
225;Pb;1.5
632;pH;8.35
59;pH;8.35
97;NO3;20.08
871;NO3;21.84
16;AccessClean;45.61
1220;Sanit;46.45
705;pH;6.66
221;Source;Lake
231;AccessClean;99.08
64;Treatment;Chlorination
884;IMR;21.78
501;Year;2002
1024;AccessClean;48.44
751;Contam;2.11
1214;Treatment;Boiling
899;Treatment;No Treatment
421;Country;Ethiopia
742;pH;6.83
1133;Sanit;78.28
1114;pH;7.72
815;Diarrhea;391
411;Contam;8.34
221;Region;North
692;Source;Spring
123;Bact;2521
666;Contam;6.3
1270;Treatment;No Treatment
455;Region;North
236;Sanit;82.39
20;GDP;64978
1236;Country;Pakistan
653;Diarrhea;169
56;Bact;3908
971;Bact;3459
149;AccessClean;87.13
41;AccessClean;97.59
1205;IMR;74.13
267;Sanit;95.18
1436;Source;Lake
1358;AccessClean;52.0
91;Source;Pond
1152;AccessClean;93.29
478;Treatment;No Treatment
91;Treatment;No Treatment
1362;Region;Central
1401;Source;Tap
333;Contam;0.8
1296;Sanit;47.48
678;NO3;11.33
395;IMR;45.52
1254;IMR;96.08
1482;NO3;48.38
664;AccessClean;60.25
267;AccessClean;37.69
1491;Contam;8.46
934;pH;7.56
290;pH;6.35
1480;pH;6.47
331;Country;China
512;Source;Spring
819;Source;Well
1122;Pb;15.4
173;Source;Tap
405;Region;East
957;AccessClean;58.54
1436;Diarrhea;233
674;Bact;1204
508;GDP;69050
821;IMR;54.73
61;pH;7.15
175;Year;2004
1195;Pb;17.75
999;AccessClean;78.31
208;Treatment;Filtration
84;Sanit;29.12
15;IMR;13.89
996;Diarrhea;112
816;NO3;5.78
811;Contam;4.81
1306;Bact;4990
627;Country;Pakistan
624;Source;Tap
953;Source;Well
1380;Source;Spring
669;pH;6.05
918;Country;Pakistan
779;Sanit;22.56
311;Diarrhea;36
1042;Year;2003
879;Pb;8.74
407;Region;South
729;Year;2014
1084;Diarrhea;321
679;pH;6.42
1090;Sanit;43.59
1187;Country;Pakistan
78;GDP;58560
266;Treatment;Boiling
1017;Country;USA
366;Bact;4021
1429;AccessClean;95.71
1237;IMR;64.58
396;Region;Central
825;Contam;5.93
421;Source;Spring
301;pH;6.34
645;Sanit;27.42
1053;AccessClean;74.3
918;Bact;1419
1351;Treatment;No Treatment
59;Region;Central
905;Year;2009
1271;GDP;54203
229;IMR;69.99
683;Bact;2060
515;Source;Lake
6;IMR;5.62
1324;Region;Central
644;GDP;37530
823;Sanit;44.16
1223;IMR;21.1
1466;Bact;4008
778;Region;South
591;IMR;35.74
481;NO3;15.01
500;Country;Ethiopia
812;Source;Lake
1164;Year;2024
7;pH;7.6
923;Region;East
344;Source;Tap
762;Year;2023
660;Country;Brazil
874;AccessClean;95.12
1378;NO3;3.97
1069;Contam;1.58
98;Sanit;98.11
1168;Region;South
654;Country;India
180;NO3;36.95
609;Country;India
1201;pH;7.38
872;Bact;3669
1483;Contam;7.79
1434;Bact;1087
215;Year;2013
1124;Source;Lake
203;Treatment;Chlorination
1018;Bact;1317
638;Year;2014
956;IMR;16.12
1031;Country;Bangladesh
364;Bact;1357
129;Sanit;95.96
856;Pb;0.46
653;Pb;8.16
64;Pb;19.85
661;GDP;60025
1492;IMR;80.11
1178;NO3;38.78
1369;Year;2013
1257;GDP;30652
1301;Sanit;61.39
467;Year;2016
265;GDP;99007
167;Source;Well
225;Diarrhea;228
122;Year;2000
714;Pb;14.92
554;IMR;66.08
1252;IMR;94.35
1037;Sanit;97.89
936;NO3;23.7
980;Year;2022
1403;Source;Pond
174;Bact;4732
566;Sanit;46.35
780;Pb;11.25
1147;Region;North
789;NO3;8.69
24;Pb;5.85
302;pH;7.75
990;GDP;19229
1484;IMR;8.09
671;Source;Tap
694;AccessClean;81.3
441;AccessClean;60.94
1412;Diarrhea;393
1240;Bact;1525
263;Source;River
619;NO3;8.53
487;Sanit;33.58
809;Year;2021
703;Country;Brazil
931;Source;Well
476;Pb;5.5
1285;Region;South
538;Sanit;52.19
859;AccessClean;82.74
342;Treatment;Chlorination
70;IMR;25.87
611;Diarrhea;277
1178;Source;River
1224;Year;2002
1063;Source;Pond
153;Bact;327
34;GDP;31132
308;GDP;29531
418;Contam;3.39
991;Year;2020
928;Bact;2796
1093;Sanit;85.41
382;AccessClean;90.87
165;pH;7.7
516;Source;Spring
1197;Contam;8.45
1273;Country;Nigeria
1246;pH;7.79
1169;GDP;72469
1026;Year;2013
657;Country;China
724;Sanit;38.95
265;Source;Spring
433;AccessClean;47.72
474;GDP;17687
1335;AccessClean;53.3
868;NO3;9.86
816;Bact;566
198;Contam;4.81
794;NO3;31.82
939;pH;7.24
881;Source;Well
284;Pb;13.37
864;AccessClean;76.36
873;Contam;9.13
18;Bact;2072
1440;Treatment;Chlorination
1339;Pb;7.84
884;Country;Mexico
1477;NO3;35.54
1359;Treatment;Chlorination
1290;Contam;2.5
14;Treatment;Filtration
784;pH;6.05
1049;Diarrhea;340
684;Diarrhea;216
849;Diarrhea;206
728;Region;South
145;NO3;42.44
1363;Source;Well
1221;Contam;3.43
794;Region;North
900;Year;2004
939;GDP;80350
111;GDP;76737
355;pH;7.88
191;NO3;0.7
857;GDP;28648
1104;Year;2021
1380;IMR;60.95
157;NO3;11.17
1327;Country;Indonesia
1358;Diarrhea;169
593;Source;Well
999;GDP;1097
368;Treatment;Boiling
980;pH;6.43
436;Sanit;58.96
886;Country;Indonesia
792;IMR;96.98
876;Country;Bangladesh
667;Sanit;72.4
910;pH;6.42
1010;Diarrhea;387
1171;GDP;89246
195;IMR;45.11
801;Country;China
669;Source;Spring
333;GDP;76099
358;Region;North
771;AccessClean;74.47
921;Bact;796
222;Contam;9.75
224;NO3;17.52
938;Bact;4167
343;Region;East
1457;pH;7.37
818;Pb;7.42
1332;NO3;1.96
93;Pb;0.53
759;Sanit;31.11
1348;pH;8.5
532;Pb;15.9
596;pH;6.32
452;Treatment;Filtration
1446;NO3;40.79
959;pH;6.46
792;Source;Tap
327;Pb;16.42
312;Country;Brazil
669;NO3;11.95
286;pH;7.11
1477;Contam;2.82
934;Contam;7.08
651;AccessClean;33.66
976;Pb;15.55
1175;Region;East
353;Pb;3.89
780;GDP;54944
453;NO3;8.39
349;NO3;17.09
1370;Treatment;Boiling
1165;IMR;13.22
1030;Contam;0.44
377;Region;West
853;Treatment;Filtration
1276;Contam;1.8
1299;Treatment;Filtration
341;pH;8.23
1159;Country;Indonesia
420;Pb;16.02
332;AccessClean;87.44
819;Sanit;68.02
596;Source;River
1041;Treatment;No Treatment
207;Bact;1882
741;NO3;23.21
163;Contam;9.59
473;pH;8.1
1207;Bact;966
750;GDP;68198
1282;GDP;24930
115;Treatment;No Treatment
583;Year;2001
518;Source;Tap
726;NO3;27.14
1491;IMR;32.62
846;Diarrhea;32
76;Diarrhea;84
1244;Year;2021
1370;Contam;8.87
319;AccessClean;72.36
607;GDP;1136
903;GDP;50002
1435;Contam;4.51
604;AccessClean;37.75
1109;Region;East
1322;pH;6.27
730;Bact;180
1249;IMR;29.29
929;Source;River
624;Diarrhea;466
1000;NO3;11.73
1495;Year;2014
1084;pH;7.6
1448;GDP;11476
282;Diarrhea;87
1167;Pb;6.19
835;Pb;1.22
672;pH;7.97
726;IMR;87.63
1317;Sanit;37.1
1343;Source;Spring
1299;Pb;0.87
566;AccessClean;85.87
1472;Year;2014
28;AccessClean;45.99
1245;IMR;78.42
251;Treatment;Filtration
103;Diarrhea;325
1367;AccessClean;72.74
727;IMR;13.37
1305;NO3;47.56
708;IMR;8.31
1045;IMR;97.89
1235;AccessClean;52.64
1130;Year;2024
764;pH;8.13
1095;pH;8.27
168;pH;7.55
582;Source;Well
1392;Source;River
64;GDP;20121
553;Treatment;Chlorination
1395;Year;2023
245;Sanit;52.57
1026;IMR;66.06
572;Year;2019
446;AccessClean;79.56
126;Bact;2567
1069;Country;Bangladesh
493;Contam;7.1
1390;Bact;4601
918;Source;Tap
1110;AccessClean;75.53
231;Contam;7.05
1000;GDP;85359
138;Region;North
587;Bact;2366
1385;pH;6.09
1371;GDP;81193
1045;GDP;68673
1243;Diarrhea;28
321;Sanit;91.42
62;Country;Ethiopia
806;Region;South
918;IMR;11.18
1294;Country;Pakistan
1070;Sanit;70.34
281;Country;Brazil
777;NO3;31.39
751;Year;2009
1227;Bact;2021
1409;AccessClean;44.76
1374;Country;USA
191;Country;Brazil
35;AccessClean;45.14
126;IMR;92.21
1319;AccessClean;93.45
881;Country;Indonesia
1484;Region;South
1225;AccessClean;39.11
686;IMR;58.59
1392;Region;Central
589;Treatment;Filtration
580;IMR;44.4
204;Region;North
468;Region;East
554;Bact;4109
352;NO3;36.49
1104;IMR;43.58
333;AccessClean;85.68
347;Source;Tap
1107;Country;USA
1364;Treatment;Boiling
548;Year;2015
810;pH;8.37
286;NO3;28.34
296;AccessClean;99.94
697;Sanit;62.58
574;Sanit;88.25
460;Year;2012
906;Treatment;No Treatment
1444;Contam;7.19
792;Pb;2.86
1307;GDP;26044
992;Treatment;Boiling
317;Bact;4309
661;Treatment;Chlorination
658;Sanit;61.12
740;Treatment;Filtration
1178;Contam;8.36
720;Source;Pond
352;IMR;84.77
767;Diarrhea;302
1289;NO3;36.46
317;GDP;59468
1310;Treatment;No Treatment
311;NO3;35.6
706;Source;Spring
1072;Country;Bangladesh
546;Region;North
975;pH;7.06
700;Region;West
1409;Sanit;76.96
1275;GDP;21987
1357;Source;Spring
1286;Bact;920
6;Sanit;78.3
377;AccessClean;68.95
586;Bact;4801
913;Region;West
596;Diarrhea;436
381;pH;7.23
945;Region;South
1447;NO3;46.03
246;Source;Lake
1234;IMR;90.13
1436;Treatment;Filtration
1012;NO3;35.89
499;Year;2022
58;Bact;1064
236;Year;2023
358;IMR;95.42
132;Source;Spring
305;Sanit;39.55
84;GDP;17220
366;Source;River
258;Pb;10.44
926;IMR;82.27
1391;Contam;8.6
157;GDP;25187
624;GDP;76182
626;Bact;1248
1130;Country;Mexico
1344;IMR;59.9
333;pH;7.95
1315;NO3;20.57
1471;Year;2016
72;AccessClean;44.19
345;Country;USA
1379;Treatment;Boiling
1377;GDP;61931
617;pH;7.31
725;Bact;1277
1341;Sanit;26.39
81;IMR;45.3
1242;Year;2019
499;NO3;24.81
645;Region;West
1473;IMR;52.65
742;Diarrhea;236
722;Sanit;76.41
1372;Pb;19.86
184;NO3;26.64
1485;Source;Well
1354;Diarrhea;70
1124;Sanit;77.92
431;Country;Nigeria
839;NO3;0.79
418;Year;2012
383;IMR;64.08
122;Sanit;45.94
1267;Bact;1465
438;Contam;7.14
290;Pb;4.61
1320;Year;2000
268;Treatment;No Treatment
408;Source;River
929;Contam;9.62
432;Pb;15.74
35;Source;Pond
858;IMR;27.31
1491;Year;2014
575;Region;North
1063;AccessClean;68.3
358;Source;River
1265;Region;Central
818;AccessClean;62.03
177;Treatment;No Treatment
1140;IMR;2.9
709;Diarrhea;264
425;Source;Pond
1394;Region;East
512;IMR;43.92
1014;NO3;27.36
465;pH;6.02
1045;Treatment;No Treatment
339;AccessClean;69.48
1013;pH;6.58
1456;GDP;25478
261;Contam;5.22
93;Country;India
165;Sanit;27.04
1160;pH;7.03
1310;IMR;78.07
1374;IMR;24.57
1377;pH;6.65
1153;Treatment;Boiling
669;Region;Central
833;Source;Lake
963;Region;East
1181;Contam;7.72
1084;Sanit;50.58
461;pH;7.88
657;GDP;47178
903;Year;2021
555;Sanit;90.42
1257;Diarrhea;419
521;Pb;7.49
1021;NO3;23.78
121;IMR;4.8
442;Pb;8.76
742;AccessClean;49.28
69;NO3;35.62
1275;NO3;34.54
1296;Year;2012
1055;Pb;7.86
494;Sanit;63.02
822;Country;Nigeria
1170;Contam;8.42
159;Sanit;87.48
697;pH;7.9
1486;NO3;29.8
53;IMR;13.99
1383;NO3;3.77
1433;NO3;23.8
1101;GDP;20829
448;AccessClean;82.69
42;pH;7.71
827;Source;Spring
1469;pH;6.45
19;IMR;76.38
100;Source;Tap
694;Treatment;No Treatment
208;IMR;51.11
1224;Contam;4.79
206;Diarrhea;224
1388;Treatment;Filtration
306;Source;Tap
859;Country;Mexico
614;NO3;26.18
1004;Treatment;Boiling
486;Region;East
1220;Country;India
1018;Country;Brazil
1143;Region;East
780;IMR;23.3
748;Pb;16.84
352;AccessClean;86.46
1490;Source;River
209;Pb;10.13
515;Country;China
1140;Year;2016
100;Sanit;93.08
283;Pb;17.74
1443;pH;7.48
1031;GDP;51492
1166;Country;India
72;IMR;95.08
198;IMR;32.7
978;NO3;14.74
1446;Contam;9.77
1457;NO3;18.38
283;Diarrhea;366
536;NO3;44.44
859;Year;2007
1462;Source;Pond
376;NO3;12.5
1043;Diarrhea;155
966;Bact;2041
1496;pH;7.41
687;Diarrhea;317
1193;Bact;1660
691;Contam;3.24
615;Source;Well
654;IMR;25.56
539;Diarrhea;118
1125;Sanit;97.56
253;GDP;41626
61;NO3;10.27
573;Sanit;47.41
1254;Contam;0.38
802;AccessClean;73.41
440;Treatment;Filtration
1315;Treatment;Filtration
421;AccessClean;68.66
619;Diarrhea;197
877;NO3;39.67
360;Country;China
20;Pb;9.44
200;IMR;43.16
1203;IMR;6.43
767;Bact;3721
395;pH;8.37
201;Year;2001
372;Treatment;No Treatment
1377;Country;China
480;Bact;849
837;Bact;4250
563;pH;6.39
1089;AccessClean;73.33
1039;Country;Brazil
801;Bact;331
213;AccessClean;87.44
946;Diarrhea;216
296;NO3;42.36
440;pH;8.19
1154;Contam;0.55
315;Bact;2939
1488;Contam;0.47
218;Diarrhea;229
696;Year;2015
749;Year;2016
453;Source;Spring
992;Contam;4.13
702;Treatment;Boiling
133;pH;6.29
1043;Sanit;48.8
91;GDP;56301
978;Region;South
409;Treatment;Chlorination
1128;NO3;34.93
1172;GDP;19821
299;AccessClean;60.09
1147;Contam;5.47
397;Bact;154
26;pH;7.96
921;Sanit;74.38
1298;Bact;4332
36;Region;North
413;pH;6.61
673;Sanit;53.59
1326;Region;East
46;IMR;9.87
25;Diarrhea;277
687;pH;7.93
1496;AccessClean;80.12
1153;Bact;97
734;Country;India
489;pH;6.8
88;Treatment;Boiling
7;Contam;3.55
983;Contam;6.26
312;Treatment;Chlorination
235;Contam;0.35
737;Source;River
813;Contam;7.8
388;Source;Well
1148;Diarrhea;313
370;Sanit;68.53
854;NO3;35.03
984;Source;Pond
641;Country;Indonesia
871;Region;North
1165;Country;Bangladesh
934;Country;Indonesia
100;IMR;33.56
31;Region;North
57;Treatment;Filtration
297;NO3;47.41
1142;IMR;66.33
1265;Source;Tap
1193;Contam;3.5
394;NO3;8.11
342;Contam;5.19
882;Region;Central
931;pH;7.37
278;NO3;19.35
638;Source;Spring
738;Year;2020
1075;NO3;16.61
978;AccessClean;73.13
120;Sanit;88.27
191;Sanit;93.29
396;Pb;3.02
916;Region;Central
1151;Country;Mexico
748;Treatment;No Treatment
9;GDP;8969
326;Pb;3.31
924;GDP;71626
1465;NO3;14.98
588;Contam;6.88
902;Pb;5.39
148;Contam;9.09
558;Source;River
107;Sanit;29.89
1357;Region;East
534;Diarrhea;355
1144;NO3;0.64
456;Diarrhea;173
1173;Diarrhea;16
50;Diarrhea;120
1297;IMR;11.29
535;Bact;3282
277;AccessClean;53.06
533;Source;River
1224;Sanit;63.66
494;Source;Pond
578;Contam;0.72
1124;Bact;4889
515;Contam;5.21
302;Region;Central
945;AccessClean;59.71
1138;Diarrhea;491
1152;Source;Spring
434;Bact;505
185;Bact;1277
107;pH;6.64
229;Region;West
688;Pb;7.25
1449;Country;India
1384;Source;Tap
146;Year;2018
1388;Sanit;49.04
940;Sanit;24.38
1258;Diarrhea;199
1305;Pb;8.96
216;NO3;45.41
583;Diarrhea;201
567;Region;North
1177;Source;River
1483;Year;2007
939;Sanit;77.39
1483;GDP;6503
1185;pH;7.73
675;Bact;3871
1155;Year;2022
954;AccessClean;85.93
1318;Diarrhea;450
968;Source;River
482;NO3;15.08
945;Year;2023
1209;Source;Well
594;IMR;6.89
966;Sanit;47.61
1242;Sanit;76.6
447;Region;East
269;Pb;1.99
948;Pb;0.05
158;Source;Well
1288;Region;East
476;Year;2004
1174;Year;2020
767;IMR;10.79
486;Sanit;27.87
976;AccessClean;40.28
910;NO3;26.79
1112;pH;7.4
892;NO3;17.84
1180;Sanit;79.95
280;Region;Central
1017;NO3;35.06
982;Year;2010
1156;NO3;43.35
1414;Sanit;45.69
695;Treatment;Boiling
71;Bact;2505
821;Contam;9.21
611;Sanit;66.68
400;Pb;16.26
710;Contam;0.37
78;Treatment;Chlorination
797;pH;7.88
597;Contam;1.62
770;Sanit;70.59
1145;Country;Mexico
507;Contam;6.67
1056;Contam;1.79
286;Treatment;No Treatment
896;Year;2015
244;Sanit;97.31
960;AccessClean;97.87
1263;Bact;4986
1301;Source;Spring
137;Sanit;98.43
1246;Diarrhea;22
770;Country;China
716;Country;USA
399;pH;7.67
764;Sanit;31.67
163;AccessClean;38.62
1212;pH;7.62
1284;Pb;18.97
189;Bact;4958
720;GDP;82532
682;pH;7.47
560;Region;East
390;Year;2005
1140;Contam;7.93
354;GDP;99120
1139;Pb;7.01
251;AccessClean;83.28
363;Source;Well
1142;Year;2018
494;Treatment;Boiling
861;Diarrhea;491
434;Diarrhea;244
974;Contam;5.8
169;AccessClean;68.62
631;Bact;2148
233;Sanit;75.84
324;Contam;6.26
958;GDP;37795
698;Bact;533
499;Bact;4206
958;Year;2019
1463;Diarrhea;220
988;NO3;10.17
1093;Year;2004
1111;Region;North
240;Sanit;52.75
1424;NO3;10.7
1404;Contam;8.23
653;NO3;19.2
1243;NO3;25.87
1396;Year;2013
889;Sanit;63.82
1346;Source;Well
1215;IMR;6.91
704;Pb;0.8
875;IMR;5.49
1136;Bact;1112
659;Country;USA
568;Sanit;55.27
410;Contam;7.16
1223;Region;North
735;Pb;19.77
1392;AccessClean;33.74
933;AccessClean;99.3
1467;Source;Well
998;IMR;33.55
147;Country;India
972;Diarrhea;144
1087;Contam;1.25
702;pH;7.69
1078;Pb;11.76
474;Pb;8.5
1209;NO3;48.13
990;Treatment;No Treatment
276;NO3;21.2
1338;Pb;19.59
155;AccessClean;87.28
771;Diarrhea;313
495;pH;7.0
281;pH;7.86
400;Year;2018
300;Sanit;21.91
1421;Diarrhea;447
863;Country;China
370;IMR;92.58
477;pH;7.79
897;IMR;33.4
476;Treatment;Chlorination
1097;Source;Well
1327;NO3;26.09
1019;Region;East
778;Country;China
525;Region;North
1171;Year;2022
992;Region;South
607;Contam;4.26
209;Year;2002
825;Bact;4576
1073;Country;Brazil
1311;AccessClean;49.67
1285;Diarrhea;326
1269;Country;Brazil
47;Country;Brazil
491;Source;Spring
1367;GDP;17174
284;GDP;55462
1231;IMR;83.61
1188;Pb;14.52
368;GDP;96736
691;Treatment;Boiling
21;Region;West
1161;pH;8.13
1103;Contam;0.61
1239;Contam;0.49
1178;Country;Nigeria
1102;Sanit;43.87
1301;Country;Indonesia
821;Source;Well
745;Pb;8.52
612;NO3;31.18
909;Pb;4.21
252;Year;2001
533;GDP;70500
1020;Pb;6.85
1339;NO3;49.23
788;Contam;3.44
1422;NO3;18.05
649;Region;Central
1046;Diarrhea;345
1087;Treatment;No Treatment
149;NO3;15.23
927;Treatment;Chlorination
1085;Bact;4629
465;Region;East
907;Sanit;96.25
1157;Year;2024
140;Diarrhea;63
418;Source;Tap
40;Treatment;No Treatment
355;Country;Nigeria
927;Diarrhea;201
826;Sanit;78.19
984;Pb;5.81
87;Bact;1537
597;Country;Brazil
632;GDP;75775
1047;Treatment;No Treatment
934;Treatment;No Treatment
573;Source;Tap
1036;Bact;877
52;NO3;31.3
1240;Source;Well
1063;Pb;13.23
503;AccessClean;77.75
1279;GDP;22173
796;Pb;3.8
428;pH;7.28
649;Treatment;Filtration
960;Contam;4.64
1459;AccessClean;44.82
904;NO3;2.54
936;AccessClean;51.88
389;Bact;3560
90;NO3;3.51
410;Region;South
1356;Sanit;51.52
1091;Source;River
1427;Country;China
938;Contam;3.99
501;Region;West
1408;Year;2016
143;Treatment;No Treatment
583;Sanit;22.24
1463;Country;China
913;NO3;20.84
1465;Diarrhea;56
808;pH;6.61
1158;NO3;29.68
1295;IMR;8.58
1429;Region;Central
148;Pb;19.01
265;Region;East
559;Source;Spring
1387;Year;2020
12;Source;Lake
910;Country;Indonesia
625;Country;India
945;GDP;53291
357;Source;Pond
973;Pb;12.55
1179;AccessClean;87.93
187;NO3;38.53
702;Bact;2752
1103;pH;8.4
361;Bact;1542
701;Year;2003
427;Source;River
586;Year;2014
1043;Source;Well
1064;GDP;13976
913;Source;Tap
218;Region;Central
853;Contam;1.32
570;Treatment;Filtration
416;GDP;82988
1070;Year;2016
696;pH;6.53
343;AccessClean;65.89
1225;GDP;20487
1425;Contam;4.58
523;Sanit;96.91
1363;Diarrhea;231
1308;Source;Spring
76;pH;6.76
1209;GDP;29898
1247;Treatment;Boiling
542;Year;2004
193;Year;2007
763;Region;Central
788;Bact;1
1299;Country;Indonesia
1187;pH;7.73
914;Sanit;89.64
1280;Treatment;Chlorination
1376;Country;Ethiopia
932;GDP;89857
573;Bact;4067
751;Region;North
427;AccessClean;60.68
820;Region;Central
1256;Bact;611
880;GDP;79511
1398;Bact;569
456;Pb;15.82
656;Region;West
1276;Region;Central
773;Sanit;48.92
389;Sanit;90.96
1083;AccessClean;34.89
1206;AccessClean;89.48
1297;Bact;2281
920;Diarrhea;320
462;AccessClean;58.96
723;Pb;9.02
1308;Year;2000
659;Sanit;27.69
1447;Treatment;No Treatment
379;IMR;26.69
1456;Country;Indonesia
1163;Source;Lake
891;Sanit;86.76
81;Year;2004
1091;NO3;23.35
1338;GDP;77999
800;IMR;96.51
941;NO3;14.34
1030;IMR;57.65
239;Year;2015
156;pH;6.32
787;Source;Spring
1394;Bact;845
1029;AccessClean;46.08
1025;Region;North
936;Pb;2.32
1007;Pb;14.17
1059;Diarrhea;358
1304;Source;Tap
719;GDP;82052
56;Treatment;Chlorination
555;Contam;0.39
220;AccessClean;50.82
293;Treatment;Filtration
186;Sanit;27.44
1211;pH;6.35
973;Source;Lake
839;Year;2022
1056;Year;2014
494;GDP;21944
207;Country;China
1319;GDP;70248
735;pH;6.9
989;Year;2005
1446;Sanit;20.91
1349;Treatment;No Treatment
688;Contam;2.78
1160;Pb;12.17
835;pH;7.5
1064;AccessClean;64.17
1438;Bact;436
1284;Source;Lake
452;Bact;887
712;Bact;165
298;Sanit;41.72
743;NO3;5.59
1083;Sanit;27.84
1414;GDP;34719
317;IMR;64.65
489;IMR;6.08
307;Country;China
865;Pb;9.68
805;Source;Well
1414;Source;Pond
1216;AccessClean;39.14
260;GDP;39040
40;Contam;0.35
579;Region;North
918;Pb;14.24
218;Treatment;Chlorination
1296;NO3;6.53
490;Source;Well
570;Region;South
547;Region;South
1147;Source;Pond
1029;NO3;6.2
453;Region;Central
1132;Sanit;77.87
1095;Sanit;74.1
331;Region;South
257;Contam;5.26
771;pH;8.44
710;AccessClean;36.99
1127;Bact;4216
1037;Pb;7.66
790;Year;2020
860;Country;Pakistan
945;pH;7.74
67;GDP;2841
26;NO3;48.46
582;Bact;3973
1210;Source;Lake
229;Contam;4.07
758;AccessClean;73.89
223;Region;Central
1112;GDP;72371
1402;Sanit;49.25
1264;pH;7.98
889;Treatment;Filtration
1340;Treatment;No Treatment
99;Sanit;42.55
585;Country;Ethiopia
562;AccessClean;50.95
1071;Country;Brazil
1187;Region;South
539;Bact;349
1197;Region;West
261;Year;2017
1120;AccessClean;73.13
299;NO3;49.57
619;Year;2022
433;GDP;50889
233;Source;Pond
1022;Bact;3035
33;Treatment;Boiling
260;Contam;2.14
1145;Pb;12.61
1258;Pb;1.57
866;Contam;6.45
628;Year;2019
103;pH;6.51
155;pH;6.12
298;Bact;4422
1009;pH;6.48
699;Region;East
609;NO3;10.2
46;AccessClean;58.09
1459;NO3;21.36
630;GDP;49236
1274;IMR;39.15
171;Year;2013
1479;GDP;33716
43;Year;2017
320;Sanit;71.29
1342;Bact;1335
1021;pH;8.44
932;NO3;30.79
1071;Region;North
535;Region;East
1013;Treatment;Filtration
1278;IMR;57.5
827;GDP;11876
1412;Source;Lake
143;Contam;9.9
427;Sanit;97.85
997;Pb;3.66
40;Bact;4568
731;IMR;63.34
846;NO3;31.34
32;AccessClean;34.18
1116;Country;Mexico
724;Year;2010
367;NO3;11.93
1099;Source;Well
439;Diarrhea;266
36;Year;2023
1458;Treatment;Chlorination
1348;IMR;34.53
874;IMR;9.64
142;Treatment;No Treatment
465;AccessClean;89.25
343;Diarrhea;413
337;Contam;0.62
1415;Country;Brazil
551;pH;7.48
1220;Bact;4960
461;NO3;49.87
1280;IMR;57.34
1061;pH;6.77
116;pH;7.32
1133;Treatment;Chlorination
737;Bact;4079
349;Pb;11.63
207;AccessClean;32.61
1438;Treatment;Filtration
284;Diarrhea;358
397;Pb;4.31
211;Pb;8.21
449;Pb;12.4
551;AccessClean;83.05
1028;Diarrhea;93
274;Bact;15
771;Source;River
858;Sanit;24.87
1161;Sanit;48.92
260;Pb;3.93
1125;NO3;40.05
1496;Bact;1624
330;Pb;2.55
1150;Contam;3.61
175;Source;Spring
1132;IMR;43.25
1157;pH;7.54
278;Country;India
1497;Contam;6.76
489;Sanit;48.63
996;IMR;29.17
1064;Sanit;69.24
863;Contam;7.64
737;GDP;90796
543;Sanit;61.0
767;Contam;4.97
75;Treatment;Chlorination
1299;Bact;3092
286;Pb;5.18
353;pH;6.08
379;Country;Bangladesh
165;GDP;23425
1051;IMR;49.61
1166;Treatment;Filtration
24;Contam;8.68
1322;Source;Well
94;Treatment;Filtration
902;Diarrhea;322
964;AccessClean;90.1
1138;Bact;3470
795;Contam;4.44
227;Contam;0.18
854;Source;River
363;AccessClean;65.26
690;Year;2002
893;Contam;6.43
1346;AccessClean;46.11
1114;Diarrhea;242
1234;GDP;98794
243;Diarrhea;375
1385;Source;River
1389;Region;South
747;AccessClean;66.06
462;Sanit;45.4
739;Contam;8.57
313;Contam;7.65
746;IMR;39.26
648;Year;2019
761;pH;6.8
458;AccessClean;76.41
1293;Sanit;62.27
1451;Treatment;Boiling
457;Bact;2914
292;IMR;88.86
276;Source;Lake
247;Diarrhea;399
901;Pb;19.59
1048;Pb;8.56
717;AccessClean;60.61
195;Country;Pakistan
711;Contam;8.32
67;Source;River
538;Pb;17.42
605;Sanit;20.69
1235;pH;7.2
653;Source;River
892;AccessClean;62.16
30;Diarrhea;74
176;pH;7.86
774;Source;Tap
1464;Treatment;Filtration
892;IMR;79.22
452;Diarrhea;424
749;NO3;35.3
1367;NO3;31.63
752;Year;2017
639;Country;Nigeria
131;NO3;1.41
118;pH;6.46
1057;Source;Tap
485;Bact;3319
824;Region;South
824;Diarrhea;195
74;GDP;44917
272;Pb;16.63
868;Sanit;28.12
135;Treatment;Chlorination
688;Sanit;24.39
408;GDP;23616
1174;Pb;8.8
253;Pb;8.53
816;Diarrhea;30
530;Contam;6.46
953;AccessClean;93.43
1064;Bact;2097
996;Region;North
447;Pb;13.46
1218;Sanit;70.68
100;Country;Brazil
982;IMR;15.04
555;NO3;47.72
265;Pb;13.49
856;AccessClean;38.57
308;Contam;1.22
661;Bact;2234
241;Sanit;91.77
9;Bact;4929
1484;GDP;28943
33;Diarrhea;36
878;Country;China
389;Region;Central
1401;Year;2015
1088;Pb;13.59
734;Year;2005
98;Contam;3.19
541;Year;2023
844;GDP;53756
1121;Pb;19.58
195;pH;7.4
759;pH;7.31
725;Diarrhea;71
64;pH;8.14
1275;Diarrhea;498
1211;Pb;11.34
228;Region;South
1359;pH;7.47
626;NO3;44.98
703;IMR;75.82
568;Country;Bangladesh
159;Bact;3622
1302;AccessClean;63.43
1094;Source;Pond
1477;Country;India
167;Region;North
256;Contam;3.04
886;GDP;81862
341;Bact;984
267;Country;USA
1434;Treatment;Filtration
948;GDP;29098
100;Treatment;No Treatment
439;Bact;154
1331;Contam;5.95
1431;Region;North
103;NO3;16.16
721;Diarrhea;451
64;Region;North
29;Sanit;87.59
262;pH;7.73
242;IMR;65.25
1451;Region;North
1302;Source;Spring
1208;GDP;52898
977;AccessClean;76.98
393;NO3;37.5
1;Region;South
1231;Diarrhea;119
185;Contam;6.49
1322;Contam;5.94
316;Region;West
575;GDP;38813
800;Sanit;57.34
115;Pb;12.84
627;Region;South
1385;Bact;523
892;Diarrhea;281
463;AccessClean;88.31
951;GDP;23862
61;Pb;19.8
1359;Country;Ethiopia
1387;IMR;28.83
503;NO3;47.25
952;Year;2002
711;Diarrhea;139
485;Country;Ethiopia
1428;Treatment;Filtration
1081;Diarrhea;287
1307;NO3;45.29
1282;Bact;1886
1458;Bact;2345
74;Region;Central
1495;GDP;46110
840;Treatment;Filtration
519;Sanit;72.73
1408;IMR;85.94
1076;Treatment;Filtration
1016;IMR;97.03
927;Bact;3318
1358;Treatment;No Treatment
1472;IMR;30.81
1245;Year;2019
416;Country;India
1453;Region;North
1490;Diarrhea;208
1208;pH;8.31
1317;IMR;70.31
1108;Country;Bangladesh
363;GDP;11954
1487;Contam;5.6
241;Contam;5.75
1016;Region;West
1389;NO3;35.45
728;NO3;32.45
433;Contam;7.57
143;AccessClean;74.78
287;Contam;6.38
851;Region;South
1269;Contam;0.24
915;Country;China
328;NO3;14.13
626;Diarrhea;121
1101;NO3;8.75
1438;IMR;9.53
863;Pb;19.96
525;NO3;48.72
1295;GDP;77762
1340;Pb;5.6
569;Contam;7.02
70;Contam;7.43
652;NO3;42.99
324;IMR;56.82
504;IMR;83.3
1408;Diarrhea;119
494;NO3;19.57
192;Region;West
1015;Source;Tap
920;pH;7.47
307;Diarrhea;105
405;AccessClean;57.36
1366;Year;2015
1123;Treatment;Chlorination
1465;Sanit;40.09
824;Pb;11.6
1150;NO3;27.91
280;IMR;60.77
1481;IMR;16.42
1042;Sanit;74.64
1330;Contam;3.12
609;Diarrhea;489
205;Treatment;Boiling
1116;Contam;2.19
637;Region;West
1040;Source;River
65;IMR;7.72
1097;pH;7.57
1432;Pb;4.75
430;Region;Central
852;Country;Ethiopia
1285;Year;2011
1028;Contam;2.8
1409;Contam;5.92
598;NO3;39.84
679;Region;East
966;Diarrhea;190
1020;Region;East
1269;Diarrhea;160
235;NO3;28.99
361;Country;Bangladesh
8;NO3;41.48
677;Contam;7.4
1176;Bact;4269
1128;pH;7.33
1226;Sanit;39.52
1234;Region;West
475;Country;India
96;Year;2000
374;GDP;90872
1125;Country;Bangladesh
1204;Region;Central
69;IMR;19.81
318;Diarrhea;180
16;Sanit;58.17
238;Region;East
32;pH;8.24
341;AccessClean;41.86
1280;Bact;1945
471;Pb;15.45
572;GDP;56667
684;Contam;7.51
407;AccessClean;41.28
1426;Country;Mexico
4;Source;Well
1069;Pb;3.29
807;NO3;17.27
1186;Year;2007
1069;NO3;5.49
1319;Pb;8.15
690;Pb;17.74
121;NO3;29.34
706;Bact;2076
1150;Sanit;50.26
171;Sanit;48.05
126;Source;River
1164;Pb;11.0
1445;AccessClean;50.52
446;Treatment;No Treatment
791;Bact;259
1362;Treatment;No Treatment
1221;pH;8.21
1078;IMR;35.67
205;Contam;5.27
844;pH;6.53
1318;pH;7.76
1340;Bact;3951
627;NO3;6.03
560;Year;2018
1381;Pb;2.03
288;Contam;5.05
875;Bact;352
1439;Sanit;69.81
1349;Source;River
1056;GDP;58925
555;Year;2016
1373;Contam;7.99
1392;Pb;8.68
756;Sanit;75.61
714;Country;China
440;Source;Tap
14;Diarrhea;48
939;Region;Central
93;GDP;8170
351;Contam;1.88
1218;Year;2001
367;Country;Mexico
1280;Region;North
168;AccessClean;72.74
1429;GDP;93804
961;GDP;12521
524;Source;River
340;Diarrhea;469
1290;Bact;2454
471;Country;Nigeria
482;AccessClean;33.97
442;Country;Pakistan
1129;pH;8.33
215;NO3;32.0
948;Sanit;89.7
846;Year;2010
625;pH;8.47
287;Pb;19.0
54;Diarrhea;44
915;Region;Central
26;Source;Pond
1225;Diarrhea;39
481;AccessClean;51.83
600;AccessClean;42.98
525;Year;2022
687;Bact;4671
463;Sanit;97.68
560;Contam;4.0
1445;Source;Well
1020;Country;China
1155;AccessClean;74.35
857;Diarrhea;158
598;Pb;6.51
573;Treatment;No Treatment
293;Pb;18.19
367;Contam;4.11
519;pH;7.06
868;Region;South
1036;Contam;5.56
178;GDP;18688
352;pH;7.92
1243;pH;7.88
619;Treatment;No Treatment
1046;GDP;70657
375;Pb;13.72
293;pH;8.19
1243;Region;Central
933;Bact;1220
299;Country;USA
376;pH;8.27
1409;NO3;23.19
1128;Contam;8.34
1116;Bact;3411
1288;NO3;38.29
633;Source;Spring
508;pH;6.6
521;Region;East
1032;NO3;16.79
218;pH;7.2
1015;IMR;53.54
729;AccessClean;93.04
73;GDP;66951
1498;Country;Bangladesh
1260;Sanit;30.07
1287;NO3;2.51
1088;NO3;13.34
743;Treatment;No Treatment
1061;Diarrhea;9
501;Contam;9.23
328;GDP;12647
1084;Source;Spring
153;Sanit;22.4
1126;IMR;32.33
230;Sanit;60.56
974;NO3;41.16
929;Region;North
1407;Region;East
1194;GDP;45427
7;IMR;60.71
1034;AccessClean;47.53
887;Diarrhea;193
371;Sanit;85.29
567;Bact;783
1110;Contam;2.37
876;AccessClean;31.41
1153;Sanit;80.63
694;pH;6.78
441;pH;6.77
1325;NO3;36.91
538;Diarrhea;85
1328;IMR;69.45
507;Treatment;Boiling
707;Contam;2.59
1413;Bact;4185
1082;Diarrhea;274
1449;AccessClean;70.06
605;pH;6.36
258;IMR;84.79
831;Year;2003
1135;Contam;7.33
505;Bact;970
114;pH;6.87
810;NO3;15.82
954;Bact;1852
708;GDP;69912
327;Diarrhea;51
183;Country;Pakistan
1300;Source;Tap
515;Treatment;Boiling
962;AccessClean;52.9
574;AccessClean;46.51
1022;Contam;6.26
63;Contam;8.02
794;pH;6.24
1123;Sanit;92.58
1150;Source;Pond
110;Sanit;39.6
200;Contam;2.79
581;AccessClean;91.96
989;AccessClean;76.61
375;Source;River
1109;Sanit;51.86
571;Source;Tap
1030;AccessClean;63.26
210;Country;Pakistan
108;Treatment;Chlorination
1108;Diarrhea;427
859;Pb;6.16
1370;AccessClean;77.35
1141;pH;8.13
1236;Source;Lake
1442;Contam;8.13
129;NO3;5.47
1309;Sanit;85.48
529;AccessClean;42.7
1440;Diarrhea;489
831;IMR;20.67
1243;GDP;67583
1063;Year;2019
1172;Diarrhea;303
1156;Pb;14.68
736;Sanit;67.03
362;Bact;1244
1016;Treatment;No Treatment
1338;NO3;45.88
220;Treatment;Filtration
717;Region;North
911;pH;7.81
184;Region;West
1363;GDP;41080
1080;IMR;46.44
1231;Region;Central
810;IMR;76.47
1494;Pb;2.08
1492;Region;East
404;Contam;6.47
562;Sanit;79.31
1034;Country;Indonesia
938;GDP;89538
1448;Bact;3243
869;Region;East
987;Contam;4.29
119;GDP;79330
696;IMR;75.98
192;Year;2002
101;pH;6.63
157;Region;East
651;Treatment;Chlorination
681;IMR;89.05
1373;GDP;60579
1474;Year;2013
1291;Diarrhea;17
1342;Contam;5.06
2;Sanit;44.53
510;pH;7.83
832;Region;Central
819;pH;6.82
668;Country;Brazil
749;Sanit;66.36
1137;NO3;14.72
1028;NO3;46.11
1435;Pb;18.4
254;GDP;40853
288;Diarrhea;77
1035;Country;Nigeria
407;IMR;66.13
1295;Source;Lake
1432;Sanit;62.02
182;pH;6.81
432;Region;South
1366;Diarrhea;169
137;Diarrhea;405
1277;Year;2016
1201;Source;Well
1480;IMR;22.53
615;Treatment;No Treatment
31;GDP;88894
935;GDP;24082
235;Diarrhea;175
124;Year;2023
204;Bact;1465
1460;Sanit;84.11
1371;Pb;15.03
194;IMR;88.61
394;Treatment;Chlorination
275;pH;8.33
1379;Year;2019
497;Bact;3443
1157;Sanit;89.75
258;Region;East
976;Source;Pond
603;Region;Central
1262;AccessClean;35.87
358;NO3;27.78
815;NO3;7.86
43;Pb;10.92
28;Diarrhea;179
310;Bact;443
34;NO3;0.23
66;Treatment;Chlorination
327;GDP;50715
1069;Diarrhea;421
404;Treatment;Boiling
1463;NO3;20.47
202;Country;Bangladesh
1071;Pb;18.7
1102;Bact;2945
830;Treatment;Chlorination
998;Bact;3780
1176;Sanit;25.02
1221;Pb;9.88
1055;Bact;1353
1457;Region;Central
602;Sanit;81.73
404;Bact;3518
1078;NO3;12.79
844;AccessClean;39.13
894;Pb;5.19
1119;Pb;12.73
749;Contam;5.81
727;Pb;7.11
743;Region;West
313;Diarrhea;78
872;NO3;35.29
939;Pb;17.58
1027;Region;West
1057;Diarrhea;370
1191;Country;China
191;AccessClean;81.71
815;Treatment;Filtration
889;Year;2001
859;Contam;7.27
1057;IMR;83.16
379;GDP;88752
1095;Treatment;No Treatment
146;Bact;2366
565;Treatment;Filtration
604;pH;6.81
86;AccessClean;50.68
600;NO3;11.08
82;Treatment;Boiling
157;Pb;1.06
252;pH;6.5
49;Country;USA
194;Treatment;Chlorination
257;Bact;3414
398;Contam;7.78
753;Region;North
1331;Sanit;59.57
1464;IMR;32.3
1300;Treatment;Filtration
849;Bact;4894
434;Year;2002
514;Year;2022
1387;Source;River
1438;AccessClean;56.19
643;NO3;13.62
765;Contam;3.05
1064;NO3;25.38
760;Region;East
823;Source;Spring
699;Contam;9.69
10;pH;6.75
1188;GDP;36012
916;Source;Spring
1451;Pb;16.08
1402;pH;6.74
1371;AccessClean;92.58
923;pH;6.38
1110;NO3;14.09
1320;GDP;86140
911;Country;Bangladesh
405;Sanit;98.76
1312;AccessClean;56.12
1004;Region;West
1210;Treatment;Chlorination
676;pH;6.51
952;Bact;4226
1089;Diarrhea;476
1388;GDP;65212
401;AccessClean;92.92
939;Treatment;Filtration
527;GDP;69739
637;Source;Lake
689;Region;South
992;Year;2012
1115;Diarrhea;406
386;IMR;96.68
256;Year;2014
538;IMR;3.64
456;Sanit;20.81
828;AccessClean;64.7
613;IMR;47.31
85;GDP;29975
31;Diarrhea;356
373;GDP;90512
517;Pb;9.49
509;Source;River
70;Source;Spring
118;GDP;61001
1380;Region;East
505;IMR;13.62
538;pH;6.25
124;Pb;12.65
984;Sanit;35.7
153;NO3;19.66
341;Year;2022
1300;Contam;4.34
69;Year;2024
1450;Pb;15.37
841;Treatment;Chlorination
875;GDP;95756
316;Year;2002
1293;Year;2006
576;Diarrhea;181
725;NO3;21.86
591;GDP;34408
617;Country;Mexico
1364;Region;East
1091;Bact;553
828;Pb;2.33
252;GDP;95813
1457;IMR;4.15
192;GDP;99028
665;NO3;27.84
1217;AccessClean;32.31
1454;Region;South
913;Bact;3487
337;Country;Pakistan
1161;Pb;1.96
1292;Region;West
1289;Bact;2802
717;Country;Brazil
694;IMR;73.84
1365;Treatment;Boiling
277;Bact;2612
1051;NO3;33.07
919;Country;Nigeria
689;IMR;27.1
542;Pb;6.77
784;Diarrhea;180
945;Source;Tap
747;GDP;15259
979;IMR;89.53
1339;Year;2012
1279;Pb;8.75
337;pH;7.01
94;Country;Ethiopia
1013;Region;North
463;Region;South
983;Country;Ethiopia
532;Source;Pond
572;Region;South
1008;Contam;4.36
607;Bact;1205
656;NO3;8.63
1211;Contam;5.23
1060;Pb;7.52
353;Contam;5.12
659;Source;Lake
1400;Treatment;Boiling
991;Contam;5.39
712;Pb;5.8
1034;Pb;1.02
1396;Bact;3650
906;NO3;9.04
1095;Region;Central
814;Treatment;No Treatment
991;GDP;62841
204;Treatment;Chlorination
189;IMR;94.69
587;Pb;7.26
458;Source;Tap
68;GDP;48832
1490;Country;China
1079;pH;6.45
452;Year;2022
187;GDP;52801
465;GDP;85784
949;Year;2020
702;Year;2005
652;Contam;5.02
881;Region;East
525;pH;6.57
1168;IMR;55.27
354;Treatment;No Treatment
544;Contam;4.96
1327;AccessClean;57.87
871;Sanit;94.84
1068;GDP;98812
1191;Diarrhea;13
341;Diarrhea;462
9;Contam;4.62
869;Source;Pond
190;NO3;5.93
1213;Region;Central
1444;Diarrhea;64
1437;Source;River
608;pH;6.64
991;Source;Pond
270;Diarrhea;444
975;Treatment;No Treatment
314;Source;Spring
11;Sanit;56.71
902;Bact;1348
188;Source;Spring
5;Diarrhea;190
581;Source;River
1392;Country;USA
1171;Bact;1782
474;Year;2017
202;NO3;2.19
621;Diarrhea;382
180;GDP;19189
201;Treatment;Filtration
1315;Source;Well
1055;GDP;45777
685;Year;2019
1162;Source;Pond
1184;IMR;38.87
779;Pb;14.84
1106;Bact;992
855;Year;2016
10;Treatment;No Treatment
480;NO3;29.4
379;Sanit;44.69
572;pH;8.1
77;Country;Mexico
134;Sanit;24.25
484;Source;Well
518;pH;6.25
1097;AccessClean;37.54
1463;Year;2003
151;Treatment;Filtration
1092;Source;Pond
1115;pH;6.31
1168;AccessClean;34.88
210;AccessClean;83.94
663;GDP;69675
88;NO3;32.4
128;Contam;4.03
1462;Treatment;Chlorination
969;Bact;4712
436;Region;Central
262;Diarrhea;6
378;Diarrhea;17
660;Source;Spring
1252;GDP;49504
155;IMR;67.43
314;Pb;6.53
808;Sanit;88.21
510;Diarrhea;160
98;GDP;34492
304;IMR;17.34
1146;Contam;0.6
730;NO3;14.49
422;Treatment;Chlorination
1224;Pb;18.1
695;Sanit;49.75
628;AccessClean;39.95
1406;NO3;27.19
556;pH;8.16
190;AccessClean;99.92
1161;Year;2017
1089;GDP;96340
123;IMR;12.33
273;Region;East
302;Pb;0.79
579;Year;2013
628;Bact;3459
552;NO3;32.18
529;pH;8.08
73;Source;Well
1344;Bact;4307
451;Source;Lake
10;Contam;8.91
1012;pH;7.13
113;GDP;48192
1351;pH;7.69
1046;IMR;58.42
865;Diarrhea;250
1080;Sanit;73.79
642;Contam;9.14
1150;Region;West
756;Year;2010
1137;GDP;95043
308;Country;Pakistan
1205;Sanit;34.52
91;Country;Brazil
999;Region;South
1476;NO3;29.84
1256;Contam;5.75
1124;NO3;12.75
1442;Pb;16.98
279;IMR;4.79
1465;Source;Lake
1403;pH;7.31
687;Treatment;Boiling
469;Diarrhea;268
130;pH;6.76
1143;Country;India
1423;Diarrhea;190
591;pH;6.87
827;Country;Bangladesh
458;Bact;774
538;Region;West
948;pH;6.31
1475;Source;River
1029;Bact;1300
342;Source;Tap
872;Pb;4.97
91;Contam;5.55
551;Contam;2.67
437;Diarrhea;426
183;Treatment;No Treatment
231;GDP;35871
1271;Contam;2.93
196;Sanit;77.82
932;Diarrhea;157
1284;NO3;49.52
1455;Sanit;89.18
617;Bact;3479
318;AccessClean;76.51
1250;Sanit;98.12
1208;Country;Mexico
1397;Diarrhea;383
661;Sanit;43.92
715;Bact;2578
588;GDP;72733
283;pH;7.5
1312;pH;7.35
155;Pb;9.57
1198;NO3;49.99
372;Bact;2770
1170;Bact;917
1446;Year;2009
868;pH;8.19
928;Sanit;55.99
860;AccessClean;42.24
1059;Pb;15.26
1394;Sanit;80.42
323;Bact;1194
669;Diarrhea;218
857;NO3;41.56
688;Diarrhea;402
986;Sanit;23.79
725;Year;2011
602;NO3;24.52
1387;Treatment;Chlorination
643;Country;India
1137;Source;Well
933;Diarrhea;389
683;Diarrhea;379
1225;Country;Bangladesh
726;Country;Ethiopia
348;Contam;1.07
1468;Treatment;Filtration
268;Year;2022
248;Country;Indonesia
429;AccessClean;70.47
1112;Contam;4.62
356;Contam;5.32
130;Diarrhea;307
401;Bact;1268
138;Bact;4321
937;Bact;3833
764;Source;Spring
25;Treatment;Filtration
1259;Bact;940
1249;Treatment;Chlorination
244;Year;2014
841;Contam;3.05
313;Treatment;Filtration
201;GDP;3407
605;Pb;0.66
60;Contam;4.99
457;GDP;12771
439;IMR;24.69
482;Sanit;77.82
53;Sanit;91.66
442;Sanit;39.94
431;GDP;41606
289;Treatment;Filtration
1429;Diarrhea;410
56;Pb;14.75
381;Year;2023
416;IMR;94.67
1358;Bact;834
560;pH;7.38
504;Source;Spring
979;AccessClean;94.11
338;pH;8.13
1029;Contam;6.79
86;pH;7.23
1449;Diarrhea;348
1187;Bact;4319
1148;Source;Spring
1447;Sanit;66.47
1285;AccessClean;83.0
569;IMR;2.75
1198;Diarrhea;338
153;Diarrhea;71
1072;Bact;4537
898;Region;North
885;AccessClean;67.68
895;Year;2021
942;Bact;1783
1184;Year;2006
618;IMR;19.97
901;pH;6.68
1147;AccessClean;93.37
1017;Treatment;Boiling
164;Bact;4594
1282;AccessClean;49.06
665;IMR;88.06
659;Contam;7.12
1170;Region;Central
303;NO3;9.87
329;Region;East
1192;Contam;8.61
1014;Treatment;No Treatment
1330;AccessClean;97.44
223;AccessClean;71.18
644;AccessClean;83.34
1477;AccessClean;36.04
178;Pb;0.56
1188;AccessClean;37.43
425;Diarrhea;238
15;Sanit;40.34
1401;IMR;7.62
136;Sanit;31.17
1086;Region;North
267;GDP;71363
1007;Bact;911
705;Region;East
768;Pb;2.4
1089;Bact;4574
825;Diarrhea;149
1254;Country;China
299;pH;8.46
1098;GDP;12967
882;IMR;69.52
203;Region;East
360;Pb;9.33
1258;Bact;1498
1495;Sanit;90.56
753;Pb;3.12
382;NO3;20.78
966;Contam;1.27
647;Pb;13.4
890;Year;2021
1208;Sanit;41.91
562;Region;Central
263;Bact;3648
409;pH;7.89
870;Year;2001
1133;Region;West
1277;pH;6.1
827;AccessClean;83.09
1038;pH;7.86
1010;Year;2022
284;Bact;2727
875;Pb;0.09
911;NO3;44.33
950;Source;Well
1133;IMR;99.85
669;Contam;5.13
36;Contam;5.07
227;GDP;65586
750;Sanit;41.33
862;IMR;70.42
409;AccessClean;43.15
302;Source;Well
956;Pb;12.83
1198;Region;North
578;Sanit;22.75
1193;Diarrhea;377
788;NO3;28.35
1385;Year;2001
41;Contam;0.86
99;Year;2022
520;Source;Spring
708;AccessClean;76.94
411;Region;West
1388;pH;7.6
748;Country;USA
779;Region;North
691;Region;Central
1081;pH;6.09
479;Pb;19.07
608;Contam;5.55
1197;Pb;7.05
807;Bact;4389
888;Sanit;80.75
567;AccessClean;43.56
390;IMR;8.18
758;Source;Tap
1145;Year;2001
457;Treatment;Chlorination
201;Pb;17.46
904;Region;West
1416;Year;2014
1325;Region;North
493;Source;Well
798;Pb;2.53
645;AccessClean;83.65
1474;Contam;3.46
186;IMR;15.19
1055;Source;Pond
1116;AccessClean;43.34
657;pH;6.2
723;Source;River
78;Pb;12.01
36;Bact;3792
332;Treatment;Chlorination
195;GDP;38214
782;NO3;14.01
1422;Contam;6.46
1241;Pb;10.8
1500;IMR;58.22
327;Contam;2.49
1033;Bact;2256
1439;Region;East
457;Diarrhea;59
179;Country;Ethiopia
651;NO3;33.98
1292;Source;River
905;IMR;87.28
547;Bact;2094
541;Bact;3805
226;Treatment;Boiling
1320;Country;Indonesia
834;Bact;3231
570;IMR;63.27
255;Country;China
463;Diarrhea;342
829;NO3;7.72
453;Year;2024
874;GDP;41204
517;Bact;1323
342;Region;North
1270;AccessClean;31.26
950;AccessClean;56.65
52;Bact;3145
1120;Bact;370
710;Treatment;No Treatment
350;Country;Nigeria
631;Diarrhea;131
213;Pb;17.93
1290;Source;River
1343;Treatment;Chlorination
192;IMR;30.83
342;GDP;4466
464;Source;Lake
908;Diarrhea;340
585;Bact;3142
115;Diarrhea;170
382;Year;2013
984;Year;2012
673;IMR;62.65
594;Sanit;59.41
1334;Source;Tap
15;Diarrhea;348
294;NO3;26.66
1272;Sanit;48.58
42;Region;West
385;Country;USA
221;Contam;9.84
1336;AccessClean;62.86
233;NO3;22.97
1335;Bact;2481
676;Year;2021
843;NO3;43.08
1138;Region;West
1494;Sanit;92.04
1104;Source;Pond
591;Pb;18.63
1386;Treatment;Chlorination
1319;Diarrhea;11
770;Year;2006
617;Region;East
512;pH;7.96
1096;pH;6.04
286;AccessClean;58.21
1199;GDP;23048
27;Country;Mexico
862;Bact;1179
685;Contam;2.12
1296;Bact;3674
1095;Bact;3099
416;Contam;6.77
1406;Pb;6.16
735;Contam;8.23
1238;AccessClean;34.63
1062;Diarrhea;393
814;AccessClean;37.39
306;Year;2000
527;Sanit;65.67
1168;Contam;3.38
774;IMR;45.5
323;IMR;97.07
638;GDP;11334
431;Treatment;Chlorination
1232;Year;2014
1160;Contam;6.88
1301;Contam;2.9
233;Bact;3393
1428;Source;Lake
297;Pb;7.16
1105;Contam;5.23
646;Bact;4169
770;Contam;0.79
402;Diarrhea;390
780;Source;Spring
291;Source;Pond
187;pH;6.65
598;Country;China
857;Bact;4344
525;GDP;42972
571;Diarrhea;268
721;Year;2016
1061;Region;East
365;Contam;3.87
178;Treatment;No Treatment
1408;Pb;18.45
23;Country;Nigeria
856;Diarrhea;84
173;Diarrhea;438
52;AccessClean;33.4
892;Pb;2.56
1203;Diarrhea;97
856;NO3;0.84
133;NO3;8.99
8;Region;South
1322;Diarrhea;174
820;Country;Brazil
321;Contam;0.33
1035;Region;South
499;IMR;33.8
628;Treatment;Filtration
1269;Region;West
279;Sanit;70.66
1103;Sanit;90.89
274;Diarrhea;485
143;GDP;87810
745;Country;Nigeria
118;Sanit;87.78
218;Source;Pond
1323;Diarrhea;30
1072;Pb;14.02
1370;Country;USA
1371;Bact;342
566;Year;2006
1442;IMR;71.11
97;pH;6.79
1382;pH;6.44
1482;Pb;14.35
606;Diarrhea;343
1451;IMR;8.29
795;Country;Brazil
717;Sanit;77.83
47;Source;Pond
505;NO3;2.84
1081;Sanit;63.53
1231;pH;7.47
402;Treatment;Chlorination
1135;Treatment;Boiling
1430;Country;China
94;pH;7.84
896;NO3;22.66
487;Year;2002
1337;NO3;28.63
885;Country;Bangladesh
917;Source;River
1049;Treatment;Filtration
790;IMR;60.9
557;Contam;4.46
417;NO3;25.54
365;Source;River
1455;Region;North
178;Diarrhea;152
515;pH;6.12
1008;Region;South
351;GDP;60226
947;Treatment;No Treatment
745;Source;Well
998;Source;Pond
343;Country;Nigeria
1079;Treatment;Filtration
278;Treatment;Chlorination
1174;Diarrhea;227
1246;Treatment;Boiling
583;GDP;69661
882;GDP;21780
911;Pb;6.23
1430;IMR;43.58
547;pH;6.92
1261;GDP;99587
1343;Diarrhea;277
841;Pb;19.71
1387;Sanit;83.55
1077;Bact;129
750;Contam;4.21
1039;Source;Pond
1461;IMR;30.95
1003;pH;8.18
914;Pb;16.38
311;Sanit;21.05
1236;IMR;97.24
514;Contam;5.25
659;Year;2014
280;Year;2014
798;Region;North
377;pH;7.54
241;Diarrhea;355
704;Bact;3841
667;GDP;31580
445;IMR;16.39
418;NO3;26.39
149;GDP;37671
901;Year;2023
460;Sanit;94.85
63;Pb;1.9
309;pH;7.29
678;Region;South
306;Treatment;Filtration
1380;GDP;76557
302;Year;2019
195;Source;River
790;Treatment;Chlorination
335;Contam;9.81
239;Treatment;Filtration
965;Country;Bangladesh
771;Contam;1.93
1350;Region;West
505;Pb;10.07
297;Region;South
1232;IMR;88.03
1448;Diarrhea;216
1227;Diarrhea;163
594;NO3;21.15
48;IMR;35.92
1472;Region;Central
629;Diarrhea;50
586;Country;Mexico
251;Source;Pond
1179;Contam;0.53
1076;Year;2019
104;pH;6.17
450;Contam;8.23
308;Bact;2779
448;Bact;516
1357;Pb;3.47
1332;Diarrhea;478
129;IMR;19.71
1271;Pb;16.94
650;Bact;3398
486;Year;2011
154;Source;Pond
242;Year;2003
1164;Contam;3.02
1112;NO3;26.06
658;NO3;43.19
661;Contam;0.41
1226;AccessClean;59.57
82;Country;Brazil
802;GDP;50791
1197;Diarrhea;31
1301;Bact;4341
120;pH;6.89
897;Diarrhea;287
467;IMR;60.39
601;Region;West
1124;AccessClean;81.16
276;Sanit;47.34
1121;GDP;59365
881;NO3;23.35
529;Region;East
77;Contam;4.33
1240;GDP;91849
666;Country;Indonesia
1299;NO3;42.36
862;Contam;9.8
1388;Year;2004
44;NO3;1.4
147;Sanit;21.78
866;GDP;5694
149;Sanit;86.5
1115;NO3;12.06
747;Sanit;61.74
1480;Contam;4.46
1494;Bact;4369
1395;Treatment;Filtration
1183;Contam;0.71
372;IMR;83.32
1101;pH;7.47
201;Source;Lake
761;Contam;0.86
1471;GDP;22212
1332;Bact;3338
235;AccessClean;46.06
1003;AccessClean;41.62
957;Pb;3.95
1061;IMR;7.15
8;Country;Indonesia
1050;Contam;6.25
513;Diarrhea;349
291;Sanit;80.22
708;Diarrhea;158
960;Pb;19.68
181;Diarrhea;200
770;AccessClean;32.51
132;Treatment;Filtration
419;Sanit;40.84
668;Source;Spring
739;AccessClean;60.05
801;AccessClean;94.02
911;IMR;94.53
1359;Diarrhea;77
1347;NO3;26.01
437;Year;2000
933;NO3;18.49
398;NO3;14.18
163;IMR;29.52
266;Contam;9.23
1313;Bact;2469
1217;Bact;2602
819;NO3;4.07
864;Diarrhea;477
164;Year;2005
440;AccessClean;43.04
27;Contam;8.43
1305;Region;North
160;Contam;0.59
1083;Treatment;No Treatment
1106;GDP;47114
19;Bact;2470
504;Region;West
1395;IMR;76.71
22;Diarrhea;336
1161;IMR;20.89
292;Contam;8.64
388;Sanit;66.34
720;Pb;15.47
1464;Bact;794
975;Pb;5.44
877;pH;8.23
743;Pb;2.05
398;GDP;93987
835;Sanit;45.46
1347;pH;8.45
1027;AccessClean;45.15
29;Source;Pond
1047;Sanit;67.73
510;Contam;2.07
573;pH;7.45
1250;AccessClean;51.85
281;IMR;99.99
237;NO3;22.35
545;Diarrhea;45
619;GDP;87270
416;Region;South
1013;Diarrhea;198
21;GDP;97147
211;Country;India
427;Contam;7.23
672;Treatment;Chlorination
590;IMR;67.57
190;Diarrhea;406
415;pH;8.24
257;pH;6.34
1395;NO3;4.68
1109;Contam;3.23
1149;AccessClean;38.7
99;Bact;1679
578;NO3;41.9
514;Pb;9.29
987;GDP;41748
1141;Treatment;Chlorination
1411;GDP;46201
601;pH;6.24
129;Year;2001
489;NO3;37.06
229;Pb;18.31
879;Diarrhea;94
239;IMR;9.74
1077;IMR;15.17
124;Contam;5.53
1335;Diarrhea;17
56;Year;2006
480;Sanit;23.2
116;Sanit;67.57
1003;Sanit;78.28
1278;Sanit;60.35
1066;AccessClean;82.17
1106;Region;North
68;Diarrhea;393
180;Country;Mexico
262;GDP;24150
169;Pb;15.0
561;Country;Ethiopia
1410;Bact;2149
857;Contam;3.38
982;NO3;30.1
594;Region;East
1138;Country;Ethiopia
453;GDP;51852
548;IMR;50.73
768;Contam;9.39
695;Source;Pond
1239;Source;Pond
892;pH;6.61
783;IMR;92.21
587;Contam;7.89
38;Bact;4659
1178;Treatment;Boiling
878;IMR;57.51
1269;Treatment;No Treatment
1273;Bact;4571
1139;Year;2006
1309;Year;2016
1041;AccessClean;74.74
749;pH;6.21
1444;Source;Pond
944;Year;2014
384;Treatment;Filtration
496;Year;2004
305;Source;Well
1355;Diarrhea;188
1323;pH;6.9
1372;AccessClean;81.13
386;Diarrhea;121
1125;Bact;3420
519;Diarrhea;52
74;Treatment;Filtration
1432;Region;Central
1179;Sanit;80.09
1264;Pb;18.95
566;Region;East
901;Region;West
1238;Sanit;81.32
780;Contam;3.1
125;Region;South
555;Bact;4149
699;Year;2013
1325;Year;2004
805;Country;Nigeria
187;Bact;3731
1010;GDP;16873
852;Sanit;60.26
300;Diarrhea;372
1179;Pb;14.32
365;NO3;14.86
1447;Diarrhea;124
1482;Country;Ethiopia
