318;Fur_colour_dominant;black
815;Age_in_years;4.75
530;Weight;7.4
435;Neutered_or_spayed;True
361;Weight;9.1
500;Body_length;48
54;Age_in_months;27
698;Body_length;25
167;Country;France
840;Weight;6.17
505;Country;USA
779;Age_in_months;45
843;Country;Germany
940;Fur_colour_dominant;seal
357;Country;UK
1030;Body_length;14
34;Fur_pattern;solid
592;Neutered_or_spayed;False
45;Fur_colour_dominant;white
443;Age_in_years;5.33
991;Age_in_years;9.33
554;Fur_pattern;solid
863;Fur_colour_dominant;red/cream
883;Fur_pattern;tortie
678;Country;UK
199;Fur_colour_dominant;black
99;Age_in_years;4.08
538;Age_in_months;95
685;Age_in_years;1.83
888;Country;Germany
989;Country;USA
230;Fur_pattern;solid
355;Country;UK
731;Body_length;45
1030;Breed;Ragdoll
421;Body_length;84
541;Weight;5.3
458;Age_in_years;5.67
632;Neutered_or_spayed;False
470;Age_in_years;6.08
736;Age_in_months;36
435;Weight;5.31
485;Allowed_outdoor;False
478;Fur_pattern;tabby
1;Age_in_years;0.25
863;Age_in_months;73
485;Breed;Maine coon
22;Fur_pattern;solid
480;Fur_colour_dominant;black
800;Weight;5.09
135;Age_in_months;62
1021;Age_in_years;10.5
906;Fur_pattern;colorpoint
409;Fur_colour_dominant;black
706;Weight;5.3
912;Country;USA
390;Neutered_or_spayed;True
1058;Breed;Maine coon
952;Neutered_or_spayed;True
778;Country;France
482;Weight;4.2
177;Age_in_months;79
924;Fur_colour_dominant;seal
207;Breed;Angora
1000;Age_in_years;9.5
955;Age_in_years;8.5
319;Country;France
192;Body_length;39
453;Allowed_outdoor;False
103;Body_length;41
725;Fur_colour_dominant;seal
1026;Weight;0.9
1047;Age_in_months;2
46;Fur_pattern;solid
928;Weight;7.07
358;Body_length;71
888;Fur_colour_dominant;brown/chocolate
760;Allowed_outdoor;True
866;Country;USA
1021;Body_length;43
944;Body_length;44
519;Weight;8.14
518;Fur_pattern;solid
732;Breed;Ragdoll
281;Age_in_years;0.25
710;Country;USA
852;Age_in_years;5.75
1;Neutered_or_spayed;False
373;Body_length;72
818;Breed;Ragdoll
845;Age_in_years;5.67
28;Breed;Angora
114;Age_in_years;4.58
345;Age_in_years;2.17
751;Breed;Ragdoll
406;Country;USA
1056;Country;USA
1006;Age_in_years;9.67
529;Fur_colour_dominant;black
527;Age_in_years;7.5
78;Weight;5.3
115;Fur_colour_dominant;white
63;Fur_colour_dominant;white
154;Neutered_or_spayed;True
126;Neutered_or_spayed;True
828;Neutered_or_spayed;False
121;Age_in_years;4.83
219;Fur_colour_dominant;black
1031;Fur_pattern;bicolor
1024;Neutered_or_spayed;False
638;Age_in_years;1.33
771;Body_length;48
92;Allowed_outdoor;True
469;Age_in_years;6.0
667;Age_in_months;17
882;Age_in_months;78
94;Age_in_years;3.92
653;Neutered_or_spayed;False
605;Age_in_months;76
774;Allowed_outdoor;False
542;Body_length;79
40;Weight;4.7
839;Breed;Ragdoll
621;Fur_pattern;colorpoint
305;Weight;3.9
174;Neutered_or_spayed;False
846;Fur_colour_dominant;red/cream
987;Age_in_years;9.25
657;Neutered_or_spayed;True
1012;Country;USA
455;Age_in_years;5.67
1026;Country;USA
338;Body_length;53
548;Neutered_or_spayed;True
603;Age_in_months;86
313;Neutered_or_spayed;True
1042;Weight;0.8
505;Fur_pattern;solid
785;Age_in_months;46
533;Fur_colour_dominant;black
945;Breed;Ragdoll
747;Age_in_months;38
568;Fur_pattern;solid
202;Weight;5.4
198;Fur_colour_dominant;white
948;Breed;Ragdoll
794;Fur_pattern;colorpoint
770;Neutered_or_spayed;True
223;Country;USA
532;Country;USA
390;Age_in_years;3.67
200;Age_in_months;89
474;Fur_pattern;solid
273;Breed;Angora
682;Allowed_outdoor;False
1007;Fur_pattern;colorpoint
557;Breed;Maine coon
640;Body_length;22
493;Country;USA
954;Body_length;45
110;Country;USA
220;Country;USA
1054;Breed;Angora
958;Body_length;46
158;Allowed_outdoor;False
55;Fur_colour_dominant;white
151;Country;Germany
267;Age_in_years;9.75
593;Breed;Maine coon
30;Allowed_outdoor;False
1063;Fur_pattern;tabby
953;Weight;5.86
415;Allowed_outdoor;False
326;Breed;Maine coon
584;Neutered_or_spayed;False
910;Breed;Ragdoll
585;Body_length;69
401;Weight;8.21
749;Body_length;52
350;Fur_colour_dominant;black
906;Neutered_or_spayed;True
800;Fur_colour_dominant;seal
901;Allowed_outdoor;False
819;Breed;Ragdoll
902;Neutered_or_spayed;False
453;Breed;Maine coon
762;Neutered_or_spayed;True
734;Fur_colour_dominant;seal
123;Age_in_years;4.92
1052;Fur_colour_dominant;white
780;Allowed_outdoor;False
555;Neutered_or_spayed;True
30;Fur_colour_dominant;black
327;Age_in_years;1.67
90;Country;USA
253;Body_length;41
866;Age_in_months;73
857;Country;USA
88;Age_in_years;3.67
42;Age_in_months;22
1070;Weight;1.1
166;Age_in_months;75
859;Fur_pattern;colorpoint
571;Breed;Maine coon
14;Fur_colour_dominant;white
808;Weight;8.38
901;Fur_pattern;bicolor
247;Neutered_or_spayed;True
434;Age_in_years;5.08
231;Fur_colour_dominant;white
911;Breed;Ragdoll
881;Neutered_or_spayed;True
518;Age_in_years;7.25
358;Breed;Maine coon
666;Country;Canada
403;Allowed_outdoor;False
137;Allowed_outdoor;False
895;Age_in_years;7.0
949;Allowed_outdoor;False
296;Allowed_outdoor;False
856;Country;USA
539;Country;USA
636;Neutered_or_spayed;False
720;Breed;Ragdoll
805;Country;USA
237;Age_in_years;8.67
614;Fur_colour_dominant;seal
466;Fur_pattern;solid
1014;Age_in_months;118
277;Neutered_or_spayed;False
838;Body_length;47
675;Fur_pattern;bicolor
196;Breed;Angora
757;Neutered_or_spayed;True
604;Weight;8.22
473;Country;USA
5;Weight;3.0
253;Breed;Angora
602;Weight;7.57
102;Fur_colour_dominant;white
213;Breed;Angora
476;Neutered_or_spayed;False
923;Fur_pattern;colorpoint
867;Breed;Ragdoll
348;Weight;5.36
282;Neutered_or_spayed;False
379;Fur_pattern;solid
1034;Country;USA
872;Fur_colour_dominant;seal
239;Age_in_years;6.83
12;Weight;3.3
518;Breed;Maine coon
956;Body_length;50
284;Fur_colour_dominant;brown/chocolate
559;Age_in_years;8.75
991;Fur_colour_dominant;seal
8;Neutered_or_spayed;False
1019;Fur_colour_dominant;seal
351;Fur_pattern;tabby
950;Fur_pattern;colorpoint
241;Breed;Angora
214;Weight;5.3
86;Weight;3.3
361;Fur_colour_dominant;red/cream
999;Age_in_months;114
85;Age_in_years;3.58
69;Fur_colour_dominant;black
132;Age_in_months;62
231;Allowed_outdoor;False
177;Neutered_or_spayed;True
1049;Body_length;14
343;Country;UK
794;Allowed_outdoor;False
738;Breed;Ragdoll
563;Body_length;75
27;Fur_pattern;solid
436;Neutered_or_spayed;False
767;Breed;Ragdoll
132;Body_length;39
60;Fur_pattern;solid
780;Age_in_years;3.83
457;Weight;8.1
944;Neutered_or_spayed;True
395;Allowed_outdoor;False
677;Country;UK
446;Age_in_months;65
838;Fur_pattern;bicolor
976;Age_in_months;108
483;Body_length;62
736;Breed;Ragdoll
466;Breed;Maine coon
777;Body_length;44
728;Body_length;49
218;Age_in_months;95
463;Fur_pattern;solid
309;Age_in_months;79
407;Country;USA
41;Age_in_years;1.75
713;Breed;Ragdoll
570;Age_in_months;108
170;Weight;4.7
979;Allowed_outdoor;False
345;Age_in_months;26
511;Allowed_outdoor;False
848;Body_length;45
854;Weight;6.9
587;Age_in_years;6.5
92;Age_in_months;46
34;Weight;5.6
514;Body_length;73
3;Allowed_outdoor;False
331;Age_in_months;21
570;Fur_pattern;tabby
308;Fur_colour_dominant;brown/chocolate
215;Fur_colour_dominant;white
187;Age_in_years;6.92
961;Country;USA
359;Age_in_years;2.5
766;Neutered_or_spayed;False
157;Weight;4.8
407;Fur_pattern;solid
725;Country;USA
643;Age_in_months;9
83;Neutered_or_spayed;True
319;Breed;Maine coon
833;Age_in_years;5.25
190;Neutered_or_spayed;False
949;Fur_pattern;bicolor
721;Neutered_or_spayed;True
36;Body_length;35
601;Allowed_outdoor;False
790;Body_length;51
581;Fur_colour_dominant;black
355;Fur_pattern;tabby
553;Breed;Maine coon
227;Fur_colour_dominant;white
505;Age_in_months;84
842;Breed;Ragdoll
35;Fur_pattern;solid
399;Country;USA
337;Breed;Maine coon
566;Breed;Maine coon
684;Fur_pattern;colorpoint
185;Fur_pattern;solid
619;Weight;3.7
1065;Fur_pattern;tabby
269;Country;UK
746;Fur_pattern;colorpoint
812;Breed;Ragdoll
328;Neutered_or_spayed;False
927;Body_length;48
951;Age_in_years;8.42
436;Body_length;83
96;Neutered_or_spayed;True
721;Breed;Ragdoll
83;Age_in_months;42
198;Body_length;33
805;Allowed_outdoor;True
409;Fur_pattern;solid
1028;Breed;Ragdoll
172;Allowed_outdoor;True
768;Allowed_outdoor;False
449;Body_length;57
696;Neutered_or_spayed;True
1047;Fur_pattern;solid
93;Age_in_years;3.83
423;Age_in_years;4.83
55;Breed;Angora
745;Neutered_or_spayed;True
962;Allowed_outdoor;False
370;Body_length;77
664;Allowed_outdoor;False
665;Age_in_months;16
204;Age_in_months;92
76;Weight;5.1
689;Fur_colour_dominant;red/cream
610;Age_in_months;4
587;Breed;Maine coon
18;Allowed_outdoor;False
726;Fur_pattern;colorpoint
156;Age_in_years;5.75
849;Age_in_years;5.67
31;Fur_pattern;solid
122;Fur_pattern;solid
793;Body_length;43
942;Weight;6.99
425;Fur_pattern;solid
595;Neutered_or_spayed;True
93;Fur_pattern;tabby
37;Neutered_or_spayed;True
331;Fur_colour_dominant;black
488;Allowed_outdoor;True
235;Weight;4.6
704;Weight;8.62
315;Allowed_outdoor;False
739;Neutered_or_spayed;True
967;Neutered_or_spayed;False
23;Weight;5.0
315;Age_in_months;16
565;Neutered_or_spayed;False
18;Fur_colour_dominant;white
243;Fur_colour_dominant;white
185;Body_length;41
122;Age_in_months;58
190;Fur_pattern;solid
107;Neutered_or_spayed;True
50;Fur_pattern;solid
201;Allowed_outdoor;False
766;Age_in_months;42
434;Fur_pattern;solid
790;Age_in_months;49
774;Fur_colour_dominant;red/cream
308;Country;UK
65;Body_length;40
907;Breed;Ragdoll
241;Age_in_months;91
825;Fur_pattern;colorpoint
293;Breed;Maine coon
733;Country;USA
895;Body_length;52
957;Allowed_outdoor;False
632;Fur_pattern;bicolor
99;Breed;Angora
903;Fur_colour_dominant;seal
13;Age_in_months;9
301;Country;UK
663;Neutered_or_spayed;True
121;Neutered_or_spayed;True
3;Age_in_years;0.5
427;Breed;Maine coon
621;Allowed_outdoor;False
591;Neutered_or_spayed;True
290;Age_in_years;0.67
749;Country;USA
363;Age_in_months;31
783;Weight;8.6
150;Neutered_or_spayed;False
678;Age_in_months;68
68;Neutered_or_spayed;False
430;Age_in_months;60
660;Fur_pattern;colorpoint
780;Breed;Ragdoll
544;Age_in_months;92
509;Allowed_outdoor;False
499;Age_in_months;82
717;Fur_pattern;bicolor
392;Age_in_months;46
17;Weight;3.9
316;Allowed_outdoor;False
289;Weight;3.2
37;Fur_colour_dominant;white
966;Age_in_years;8.75
236;Weight;5.0
773;Body_length;51
340;Age_in_months;24
710;Weight;5.3
643;Age_in_years;0.75
359;Age_in_months;30
599;Fur_colour_dominant;white
112;Country;USA
401;Age_in_years;4.17
162;Body_length;36
108;Age_in_years;4.33
327;Body_length;35
600;Breed;Maine coon
199;Weight;3.9
898;Body_length;48
1010;Neutered_or_spayed;False
260;Weight;4.1
977;Age_in_months;109
846;Neutered_or_spayed;False
57;Fur_pattern;solid
85;Fur_colour_dominant;white
5;Fur_pattern;tabby
32;Fur_colour_dominant;white
412;Country;USA
926;Age_in_months;93
396;Breed;Maine coon
291;Country;UK
650;Allowed_outdoor;False
815;Body_length;44
941;Breed;Ragdoll
239;Neutered_or_spayed;True
185;Neutered_or_spayed;True
403;Fur_colour_dominant;black
456;Fur_colour_dominant;black
496;Country;Germany
6;Country;France
33;Allowed_outdoor;True
929;Fur_pattern;bicolor
485;Fur_colour_dominant;brown/chocolate
682;Age_in_years;3.92
96;Fur_pattern;solid
823;Breed;Ragdoll
193;Neutered_or_spayed;True
396;Country;USA
828;Body_length;44
670;Age_in_months;18
334;Age_in_years;1.83
915;Age_in_months;91
202;Age_in_months;91
930;Fur_colour_dominant;seal
712;Weight;6.8
22;Fur_colour_dominant;white
599;Weight;3.51
812;Fur_colour_dominant;seal
968;Age_in_years;8.83
391;Fur_pattern;solid
869;Age_in_months;73
748;Age_in_months;38
759;Body_length;53
355;Age_in_years;2.33
345;Neutered_or_spayed;False
12;Body_length;26
911;Country;USA
130;Age_in_years;5.08
942;Breed;Ragdoll
505;Neutered_or_spayed;False
1057;Allowed_outdoor;False
703;Age_in_years;2.17
1007;Fur_colour_dominant;seal
568;Fur_colour_dominant;white
90;Weight;3.9
891;Fur_colour_dominant;lilac
1057;Breed;Maine coon
79;Breed;Angora
548;Breed;Maine coon
701;Age_in_years;2.17
984;Age_in_years;2.67
747;Breed;Ragdoll
1026;Breed;Ragdoll
624;Age_in_months;6
446;Age_in_years;5.42
98;Age_in_months;48
735;Fur_colour_dominant;seal
358;Weight;8.3
623;Neutered_or_spayed;False
731;Age_in_months;36
27;Weight;3.4
225;Neutered_or_spayed;True
863;Neutered_or_spayed;True
309;Neutered_or_spayed;False
922;Allowed_outdoor;False
470;Body_length;72
565;Breed;Maine coon
637;Neutered_or_spayed;False
586;Fur_colour_dominant;black
482;Neutered_or_spayed;True
416;Breed;Maine coon
966;Allowed_outdoor;False
969;Breed;Ragdoll
920;Fur_pattern;colorpoint
703;Country;USA
51;Allowed_outdoor;False
377;Weight;10.4
601;Age_in_years;9.83
772;Age_in_years;3.58
818;Body_length;43
798;Fur_colour_dominant;brown/chocolate
246;Fur_pattern;solid
184;Body_length;37
191;Weight;5.4
160;Fur_pattern;solid
44;Body_length;24
951;Breed;Ragdoll
188;Body_length;40
1048;Breed;Angora
619;Country;UK
445;Age_in_months;65
743;Age_in_months;38
661;Neutered_or_spayed;True
832;Neutered_or_spayed;True
563;Allowed_outdoor;False
822;Age_in_years;4.92
620;Weight;4.0
394;Neutered_or_spayed;False
255;Fur_colour_dominant;white
244;Breed;Angora
315;Breed;Maine coon
835;Neutered_or_spayed;True
1010;Fur_pattern;mitted
844;Allowed_outdoor;False
740;Country;USA
717;Neutered_or_spayed;True
660;Allowed_outdoor;False
313;Fur_pattern;solid
226;Neutered_or_spayed;True
643;Body_length;25
207;Fur_pattern;solid
11;Country;France
373;Weight;8.0
262;Weight;5.2
296;Neutered_or_spayed;False
242;Country;USA
793;Weight;6.85
325;Fur_colour_dominant;white
17;Age_in_months;17
658;Fur_pattern;colorpoint
945;Allowed_outdoor;False
616;Fur_colour_dominant;red/cream
776;Allowed_outdoor;False
51;Age_in_months;25
569;Fur_colour_dominant;brown/chocolate
879;Breed;Ragdoll
359;Allowed_outdoor;False
692;Country;Canada
934;Fur_colour_dominant;brown/chocolate
379;Country;USA
1039;Age_in_years;0.17
23;Neutered_or_spayed;True
998;Body_length;40
1011;Neutered_or_spayed;False
914;Age_in_years;7.58
719;Age_in_years;2.67
277;Allowed_outdoor;False
1042;Neutered_or_spayed;False
953;Country;USA
24;Weight;3.0
765;Fur_colour_dominant;red/cream
788;Age_in_months;47
32;Fur_pattern;solid
419;Country;USA
56;Fur_pattern;solid
1062;Country;USA
803;Neutered_or_spayed;False
191;Breed;Angora
679;Fur_colour_dominant;seal
925;Age_in_months;93
30;Age_in_months;59
325;Country;UK
779;Fur_colour_dominant;red/cream
670;Allowed_outdoor;False
250;Allowed_outdoor;False
996;Age_in_months;113
637;Fur_pattern;bicolor
648;Country;USA
1029;Breed;Ragdoll
320;Age_in_years;1.5
1041;Fur_pattern;bicolor
520;Age_in_years;7.25
315;Body_length;56
1044;Body_length;16
631;Age_in_years;0.5
329;Allowed_outdoor;False
555;Fur_colour_dominant;brown/chocolate
975;Age_in_years;9.0
827;Body_length;40
436;Age_in_months;62
588;Allowed_outdoor;False
847;Age_in_months;68
983;Breed;Ragdoll
771;Fur_colour_dominant;seal
499;Fur_pattern;solid
220;Fur_pattern;solid
684;Age_in_years;1.83
963;Neutered_or_spayed;False
840;Age_in_years;5.58
5;Allowed_outdoor;False
959;Weight;6.37
976;Neutered_or_spayed;True
626;Weight;4.9
454;Country;Canada
700;Weight;7.39
723;Age_in_months;33
640;Age_in_months;8
692;Age_in_months;24
745;Fur_colour_dominant;seal
123;Breed;Angora
165;Body_length;41
653;Country;USA
762;Allowed_outdoor;False
1005;Fur_pattern;bicolor
217;Breed;Angora
647;Country;Germany
903;Country;USA
1049;Fur_pattern;solid
657;Body_length;27
6;Fur_colour_dominant;white
293;Age_in_months;13
396;Fur_colour_dominant;brown/chocolate
1061;Body_length;15
909;Country;USA
411;Fur_pattern;solid
720;Body_length;51
788;Country;USA
509;Age_in_months;85
699;Allowed_outdoor;False
224;Fur_colour_dominant;black
5;Age_in_years;0.5
565;Allowed_outdoor;False
80;Body_length;40
779;Allowed_outdoor;False
67;Age_in_months;32
549;Age_in_months;74
412;Fur_pattern;solid
1011;Weight;5.59
181;Fur_pattern;solid
429;Breed;Maine coon
816;Fur_colour_dominant;seal
354;Body_length;55
310;Fur_pattern;solid
246;Weight;2.5
293;Allowed_outdoor;False
146;Age_in_months;65
1056;Age_in_years;0.08
987;Allowed_outdoor;False
116;Body_length;38
797;Age_in_months;53
593;Country;USA
723;Weight;4.63
554;Age_in_years;7.83
276;Country;UK
302;Allowed_outdoor;False
377;Age_in_months;37
481;Country;USA
287;Fur_colour_dominant;black
310;Allowed_outdoor;False
128;Body_length;37
997;Neutered_or_spayed;True
1044;Age_in_months;2
236;Age_in_months;103
275;Age_in_months;85
869;Fur_colour_dominant;seal
282;Allowed_outdoor;False
129;Breed;Angora
45;Weight;2.7
188;Allowed_outdoor;True
122;Breed;Angora
711;Allowed_outdoor;False
1065;Body_length;15
607;Fur_pattern;bicolor
308;Neutered_or_spayed;False
893;Fur_colour_dominant;seal
79;Neutered_or_spayed;False
478;Breed;Maine coon
359;Fur_pattern;tabby
919;Age_in_months;92
30;Fur_pattern;solid
841;Country;Germany
329;Age_in_years;1.75
543;Age_in_months;100
683;Neutered_or_spayed;False
599;Country;USA
138;Country;Germany
289;Fur_colour_dominant;brown/chocolate
59;Age_in_years;2.33
802;Body_length;45
510;Breed;Maine coon
565;Fur_colour_dominant;black
847;Weight;5.94
1011;Body_length;35
209;Body_length;37
960;Age_in_months;55
667;Neutered_or_spayed;True
974;Fur_pattern;colorpoint
784;Weight;3.74
170;Allowed_outdoor;False
1005;Breed;Ragdoll
775;Body_length;41
628;Age_in_months;78
22;Neutered_or_spayed;False
61;Country;France
547;Breed;Maine coon
567;Allowed_outdoor;True
318;Neutered_or_spayed;False
370;Neutered_or_spayed;True
88;Neutered_or_spayed;False
169;Age_in_years;6.33
1020;Body_length;45
319;Weight;3.6
220;Neutered_or_spayed;False
658;Breed;Ragdoll
930;Fur_pattern;colorpoint
480;Fur_pattern;solid
780;Fur_pattern;colorpoint
356;Fur_colour_dominant;red/cream
83;Allowed_outdoor;True
731;Country;USA
40;Fur_pattern;solid
380;Age_in_years;3.17
529;Neutered_or_spayed;False
448;Age_in_years;5.5
605;Age_in_years;6.33
735;Breed;Ragdoll
430;Neutered_or_spayed;True
538;Country;USA
64;Age_in_months;30
883;Country;USA
332;Breed;Maine coon
952;Country;USA
465;Age_in_months;71
58;Weight;2.4
265;Age_in_months;101
616;Fur_pattern;bicolor
1038;Body_length;13
614;Allowed_outdoor;False
880;Fur_colour_dominant;seal
558;Breed;Maine coon
916;Body_length;50
273;Body_length;36
220;Fur_colour_dominant;white
46;Neutered_or_spayed;True
676;Age_in_years;1.58
371;Fur_pattern;tabby
849;Allowed_outdoor;False
989;Age_in_years;9.33
342;Fur_colour_dominant;brown/chocolate
785;Fur_colour_dominant;seal
181;Breed;Angora
377;Breed;Maine coon
182;Fur_pattern;solid
988;Body_length;48
361;Country;Germany
1015;Age_in_months;118
1023;Fur_colour_dominant;seal
846;Allowed_outdoor;False
560;Neutered_or_spayed;True
1049;Age_in_years;0.17
968;Body_length;41
620;Age_in_months;80
379;Body_length;62
138;Neutered_or_spayed;False
273;Weight;4.0
759;Age_in_years;3.33
914;Breed;Ragdoll
526;Country;USA
489;Allowed_outdoor;False
111;Allowed_outdoor;False
973;Breed;Ragdoll
899;Neutered_or_spayed;True
1043;Country;USA
721;Country;USA
988;Fur_colour_dominant;seal
251;Country;USA
617;Fur_pattern;colorpoint
288;Allowed_outdoor;False
1035;Age_in_years;0.08
439;Breed;Maine coon
932;Neutered_or_spayed;False
98;Breed;Angora
694;Age_in_years;2.0
1047;Age_in_years;0.17
230;Country;USA
437;Neutered_or_spayed;True
979;Neutered_or_spayed;True
611;Country;UK
226;Allowed_outdoor;True
641;Age_in_years;0.67
375;Allowed_outdoor;False
1067;Allowed_outdoor;False
83;Body_length;40
451;Fur_pattern;solid
596;Country;USA
851;Body_length;40
537;Body_length;81
862;Neutered_or_spayed;True
459;Age_in_years;5.75
494;Neutered_or_spayed;False
701;Fur_pattern;colorpoint
10;Age_in_years;0.67
159;Allowed_outdoor;False
872;Breed;Ragdoll
993;Neutered_or_spayed;True
486;Weight;6.84
934;Weight;7.62
768;Fur_pattern;colorpoint
21;Breed;Angora
33;Fur_colour_dominant;white
947;Neutered_or_spayed;True
709;Weight;6.3
17;Breed;Angora
1066;Fur_pattern;solid
417;Fur_colour_dominant;brown/chocolate
758;Weight;4.59
407;Body_length;83
460;Allowed_outdoor;False
684;Age_in_months;22
830;Country;USA
158;Neutered_or_spayed;False
243;Country;USA
101;Body_length;37
716;Age_in_months;31
190;Country;Canada
458;Body_length;80
937;Fur_colour_dominant;seal
351;Allowed_outdoor;False
820;Age_in_months;58
200;Weight;3.9
317;Weight;4.2
885;Allowed_outdoor;False
851;Fur_colour_dominant;seal
423;Weight;4.95
616;Country;UK
981;Body_length;49
671;Country;UK
643;Fur_pattern;colorpoint
343;Fur_colour_dominant;black
459;Body_length;43
786;Allowed_outdoor;False
169;Country;USA
795;Weight;6.71
280;Age_in_years;5.83
117;Age_in_years;4.75
434;Neutered_or_spayed;True
277;Age_in_years;10.0
764;Weight;6.83
697;Fur_pattern;colorpoint
368;Weight;7.77
707;Weight;6.87
366;Body_length;45
933;Weight;7.67
125;Age_in_years;4.92
861;Age_in_months;72
674;Age_in_years;3.42
621;Fur_colour_dominant;seal
432;Allowed_outdoor;False
358;Age_in_years;2.42
236;Fur_pattern;solid
271;Allowed_outdoor;True
867;Country;USA
258;Fur_colour_dominant;white
547;Age_in_years;7.58
336;Country;Germany
428;Weight;8.1
907;Fur_pattern;colorpoint
354;Age_in_months;27
584;Allowed_outdoor;False
776;Fur_pattern;colorpoint
838;Country;USA
548;Body_length;67
802;Weight;6.47
568;Age_in_years;8.92
142;Body_length;35
478;Country;USA
191;Age_in_months;86
925;Age_in_years;7.75
453;Weight;4.76
276;Age_in_months;61
261;Body_length;35
887;Allowed_outdoor;False
872;Age_in_months;74
947;Allowed_outdoor;False
465;Fur_pattern;tabby
7;Breed;Angora
230;Neutered_or_spayed;True
9;Age_in_years;0.58
548;Age_in_years;8.5
627;Neutered_or_spayed;False
732;Country;USA
920;Neutered_or_spayed;True
631;Neutered_or_spayed;False
435;Breed;Maine coon
433;Fur_colour_dominant;black
200;Age_in_years;7.42
14;Weight;3.2
812;Neutered_or_spayed;True
431;Breed;Maine coon
741;Country;USA
659;Allowed_outdoor;False
42;Body_length;22
164;Age_in_years;6.08
278;Breed;Angora
11;Weight;3.0
374;Country;USA
661;Country;Canada
434;Weight;9.8
644;Breed;Ragdoll
935;Age_in_years;8.0
1056;Fur_pattern;solid
741;Body_length;43
615;Age_in_months;5
874;Age_in_months;75
474;Neutered_or_spayed;True
95;Weight;3.3
294;Age_in_years;0.75
455;Breed;Maine coon
85;Breed;Angora
934;Neutered_or_spayed;True
333;Country;UK
665;Fur_colour_dominant;seal
746;Country;USA
749;Allowed_outdoor;False
1051;Country;USA
355;Neutered_or_spayed;False
322;Age_in_years;1.58
1051;Age_in_months;1
812;Fur_pattern;colorpoint
72;Allowed_outdoor;False
548;Country;USA
535;Fur_pattern;solid
887;Age_in_years;6.67
115;Allowed_outdoor;False
637;Age_in_years;4.67
1046;Fur_colour_dominant;white
565;Body_length;79
354;Country;UK
743;Neutered_or_spayed;False
200;Fur_colour_dominant;white
739;Fur_pattern;colorpoint
736;Fur_colour_dominant;brown/chocolate
319;Fur_colour_dominant;red/cream
290;Allowed_outdoor;False
445;Breed;Maine coon
213;Fur_colour_dominant;white
436;Fur_colour_dominant;black
389;Neutered_or_spayed;True
810;Country;USA
124;Country;USA
360;Country;Germany
259;Body_length;61
783;Fur_pattern;bicolor
728;Neutered_or_spayed;True
683;Weight;4.1
728;Allowed_outdoor;False
37;Age_in_months;20
762;Fur_pattern;bicolor
247;Age_in_months;109
1024;Fur_colour_dominant;seal
905;Body_length;38
355;Age_in_months;28
977;Breed;Ragdoll
39;Weight;4.9
864;Fur_pattern;colorpoint
254;Breed;Angora
817;Fur_pattern;colorpoint
984;Allowed_outdoor;False
1019;Body_length;33
826;Fur_colour_dominant;seal
771;Age_in_years;3.58
336;Allowed_outdoor;False
471;Fur_pattern;solid
792;Fur_pattern;colorpoint
844;Fur_pattern;colorpoint
887;Age_in_months;80
327;Fur_colour_dominant;brown/chocolate
959;Neutered_or_spayed;False
191;Neutered_or_spayed;True
920;Age_in_years;7.67
906;Age_in_years;7.33
588;Neutered_or_spayed;True
53;Allowed_outdoor;False
54;Country;France
165;Country;USA
715;Fur_pattern;colorpoint
521;Body_length;67
112;Breed;Angora
913;Weight;7.73
933;Fur_pattern;colorpoint
473;Age_in_months;74
413;Fur_pattern;tortie
263;Neutered_or_spayed;False
691;Age_in_years;2.0
981;Allowed_outdoor;False
329;Body_length;36
690;Fur_pattern;colorpoint
971;Age_in_years;8.92
1006;Neutered_or_spayed;True
612;Age_in_years;0.33
155;Age_in_months;69
387;Fur_colour_dominant;brown/chocolate
276;Fur_pattern;solid
515;Country;USA
368;Allowed_outdoor;False
272;Body_length;48
48;Body_length;35
1045;Weight;0.8
430;Body_length;68
473;Neutered_or_spayed;False
1008;Allowed_outdoor;False
668;Neutered_or_spayed;True
703;Weight;5.66
920;Body_length;48
223;Breed;Angora
662;Fur_pattern;colorpoint
421;Fur_colour_dominant;black
940;Weight;6.73
913;Country;USA
699;Fur_pattern;colorpoint
577;Weight;6.01
955;Body_length;52
774;Age_in_months;43
335;Fur_pattern;solid
768;Breed;Ragdoll
511;Weight;11.0
342;Age_in_years;2.0
757;Fur_pattern;colorpoint
646;Fur_colour_dominant;seal
242;Weight;4.5
521;Allowed_outdoor;False
173;Country;USA
828;Age_in_months;61
703;Fur_colour_dominant;seal
362;Age_in_years;2.58
537;Allowed_outdoor;False
195;Neutered_or_spayed;False
5;Fur_colour_dominant;red/cream
102;Weight;3.8
943;Fur_pattern;colorpoint
74;Fur_colour_dominant;white
953;Fur_pattern;colorpoint
951;Country;USA
599;Allowed_outdoor;False
818;Allowed_outdoor;False
764;Country;USA
902;Fur_colour_dominant;red/cream
415;Age_in_months;55
152;Weight;5.3
847;Age_in_years;5.67
840;Country;Germany
651;Neutered_or_spayed;True
238;Fur_colour_dominant;white
443;Age_in_months;64
437;Allowed_outdoor;False
675;Allowed_outdoor;False
63;Fur_pattern;solid
975;Fur_colour_dominant;seal
649;Fur_colour_dominant;seal
493;Fur_pattern;solid
373;Neutered_or_spayed;False
968;Breed;Ragdoll
446;Weight;7.5
550;Fur_colour_dominant;black
143;Breed;Angora
959;Body_length;53
559;Body_length;55
169;Allowed_outdoor;False
660;Fur_colour_dominant;seal
904;Body_length;50
536;Neutered_or_spayed;False
796;Allowed_outdoor;False
1068;Neutered_or_spayed;False
144;Fur_colour_dominant;white
830;Weight;7.78
795;Fur_pattern;colorpoint
1023;Body_length;11
829;Country;USA
266;Fur_pattern;solid
746;Weight;6.42
455;Allowed_outdoor;False
196;Weight;4.2
584;Breed;Maine coon
523;Country;USA
1043;Age_in_months;1
307;Breed;Maine coon
929;Breed;Ragdoll
111;Fur_colour_dominant;white
450;Allowed_outdoor;False
288;Country;UK
456;Weight;5.8
781;Weight;7.93
218;Fur_pattern;solid
1028;Weight;0.9
621;Breed;Ragdoll
13;Breed;Angora
709;Age_in_years;2.33
623;Breed;Ragdoll
990;Fur_pattern;colorpoint
44;Country;France
182;Age_in_years;6.75
48;Neutered_or_spayed;True
811;Allowed_outdoor;False
507;Neutered_or_spayed;True
801;Breed;Ragdoll
834;Country;USA
933;Age_in_years;8.0
195;Weight;4.0
284;Age_in_months;6
494;Fur_pattern;tabby
763;Body_length;43
1036;Country;USA
680;Fur_pattern;colorpoint
438;Fur_colour_dominant;red/cream
300;Country;UK
216;Weight;4.3
476;Allowed_outdoor;False
22;Country;France
574;Weight;8.3
133;Age_in_months;62
886;Fur_pattern;colorpoint
178;Fur_colour_dominant;white
803;Fur_pattern;colorpoint
1071;Fur_colour_dominant;red/cream
912;Age_in_years;7.58
592;Country;USA
732;Weight;9.0
869;Allowed_outdoor;False
486;Body_length;63
427;Country;USA
326;Country;UK
196;Allowed_outdoor;False
747;Body_length;41
433;Age_in_months;61
760;Body_length;50
983;Body_length;50
1001;Age_in_years;9.58
890;Age_in_months;81
264;Fur_pattern;solid
279;Fur_pattern;solid
25;Weight;4.6
659;Age_in_months;14
219;Age_in_months;96
740;Age_in_years;3.17
533;Body_length;102
77;Weight;3.7
997;Fur_colour_dominant;seal
117;Fur_pattern;solid
926;Body_length;38
1015;Fur_colour_dominant;seal
136;Weight;4.3
924;Neutered_or_spayed;True
410;Fur_colour_dominant;brown/chocolate
47;Breed;Angora
176;Neutered_or_spayed;False
582;Weight;5.18
903;Age_in_months;87
1027;Fur_pattern;colorpoint
530;Age_in_years;7.58
324;Breed;Maine coon
1070;Fur_pattern;tabby
209;Weight;4.2
125;Age_in_months;59
858;Weight;3.73
1009;Fur_colour_dominant;seal
998;Country;USA
869;Age_in_years;6.08
624;Fur_pattern;colorpoint
840;Age_in_months;67
65;Age_in_years;2.58
693;Breed;Ragdoll
130;Age_in_months;61
907;Weight;8.95
634;Country;Germany
766;Fur_colour_dominant;seal
461;Allowed_outdoor;True
492;Allowed_outdoor;False
1045;Neutered_or_spayed;False
503;Age_in_months;83
321;Fur_pattern;tabby
1020;Country;USA
804;Breed;Ragdoll
177;Allowed_outdoor;False
425;Country;USA
855;Fur_colour_dominant;seal
535;Breed;Maine coon
446;Fur_pattern;tabby
858;Allowed_outdoor;False
763;Age_in_years;3.33
261;Country;USA
639;Allowed_outdoor;False
769;Allowed_outdoor;False
581;Body_length;65
1064;Allowed_outdoor;False
293;Age_in_years;1.08
318;Country;France
828;Age_in_years;5.08
1018;Weight;6.51
460;Weight;6.29
954;Fur_pattern;colorpoint
338;Country;Germany
460;Neutered_or_spayed;True
101;Fur_colour_dominant;white
959;Country;USA
814;Age_in_months;57
902;Fur_pattern;colorpoint
556;Body_length;54
951;Body_length;53
235;Neutered_or_spayed;False
819;Fur_pattern;colorpoint
653;Age_in_months;12
194;Fur_colour_dominant;white
111;Fur_pattern;solid
830;Neutered_or_spayed;True
824;Allowed_outdoor;False
748;Country;USA
97;Age_in_years;3.92
489;Neutered_or_spayed;True
623;Fur_pattern;colorpoint
676;Fur_colour_dominant;seal
701;Neutered_or_spayed;True
428;Body_length;48
800;Country;USA
438;Age_in_years;5.17
365;Allowed_outdoor;True
652;Age_in_years;1.0
796;Neutered_or_spayed;False
382;Age_in_years;3.25
861;Fur_colour_dominant;seal
559;Country;USA
844;Breed;Ragdoll
1002;Age_in_months;115
1050;Weight;0.8
898;Fur_colour_dominant;seal
681;Body_length;20
136;Breed;Angora
848;Fur_pattern;colorpoint
642;Breed;Ragdoll
7;Fur_pattern;solid
978;Weight;4.37
88;Age_in_months;44
688;Age_in_months;54
344;Allowed_outdoor;False
327;Fur_pattern;tabby
645;Country;Germany
887;Breed;Ragdoll
692;Allowed_outdoor;False
1025;Fur_colour_dominant;seal
536;Age_in_years;7.92
125;Fur_colour_dominant;red/cream
564;Age_in_years;4.83
637;Breed;Ragdoll
633;Fur_colour_dominant;brown/chocolate
602;Fur_colour_dominant;brown/chocolate
62;Neutered_or_spayed;False
133;Fur_pattern;solid
703;Fur_pattern;bicolor
313;Age_in_years;1.17
652;Fur_colour_dominant;seal
868;Neutered_or_spayed;False
778;Fur_colour_dominant;seal
442;Fur_colour_dominant;black
997;Allowed_outdoor;False
770;Age_in_years;3.58
192;Breed;Angora
886;Breed;Ragdoll
1053;Age_in_months;2
88;Weight;4.6
919;Country;Canada
59;Allowed_outdoor;False
870;Body_length;43
969;Age_in_months;107
483;Fur_colour_dominant;black
923;Age_in_years;7.75
1017;Breed;Ragdoll
1047;Body_length;17
645;Weight;4.3
586;Weight;7.0
314;Age_in_months;14
796;Breed;Ragdoll
602;Age_in_years;9.83
637;Allowed_outdoor;False
416;Country;USA
542;Weight;10.4
226;Weight;2.4
364;Allowed_outdoor;False
730;Weight;6.7
614;Weight;3.2
562;Age_in_months;107
489;Age_in_months;80
473;Breed;Maine coon
849;Fur_pattern;colorpoint
71;Neutered_or_spayed;True
539;Fur_colour_dominant;black
580;Body_length;52
750;Allowed_outdoor;False
230;Age_in_months;55
601;Age_in_months;118
536;Allowed_outdoor;False
953;Neutered_or_spayed;True
288;Fur_colour_dominant;white
33;Age_in_years;1.58
1048;Fur_colour_dominant;white
162;Fur_pattern;solid
739;Age_in_years;3.08
496;Age_in_years;6.83
349;Neutered_or_spayed;True
435;Age_in_years;5.17
540;Neutered_or_spayed;True
122;Age_in_years;4.83
301;Weight;3.7
341;Fur_colour_dominant;white
237;Fur_colour_dominant;white
99;Fur_pattern;solid
333;Body_length;42
901;Breed;Ragdoll
319;Body_length;47
946;Age_in_months;98
411;Body_length;77
511;Age_in_months;86
418;Fur_pattern;tabby
566;Age_in_months;107
656;Neutered_or_spayed;True
765;Age_in_months;41
600;Country;USA
152;Age_in_months;68
629;Fur_colour_dominant;seal
676;Body_length;22
732;Allowed_outdoor;False
827;Neutered_or_spayed;False
271;Age_in_years;9.83
59;Fur_colour_dominant;white
715;Age_in_years;2.5
218;Country;USA
31;Breed;Angora
378;Body_length;79
520;Fur_colour_dominant;red/cream
325;Body_length;31
27;Age_in_months;15
489;Fur_colour_dominant;black
467;Age_in_months;71
162;Breed;Angora
713;Allowed_outdoor;False
144;Age_in_years;5.33
871;Age_in_years;6.17
550;Age_in_years;8.58
56;Body_length;38
697;Weight;4.72
869;Weight;6.47
75;Age_in_years;3.0
653;Weight;4.0
49;Weight;3.7
847;Fur_colour_dominant;red/cream
594;Age_in_months;116
533;Weight;10.1
899;Age_in_months;85
1045;Age_in_months;2
752;Breed;Ragdoll
338;Allowed_outdoor;False
222;Age_in_years;7.17
555;Allowed_outdoor;False
335;Neutered_or_spayed;False
285;Weight;3.5
404;Fur_pattern;bicolor
415;Country;USA
160;Neutered_or_spayed;True
381;Fur_colour_dominant;black
872;Fur_pattern;bicolor
544;Breed;Maine coon
591;Fur_pattern;tabby
283;Country;USA
1019;Fur_pattern;colorpoint
65;Country;France
814;Neutered_or_spayed;False
68;Fur_pattern;solid
604;Breed;Maine coon
674;Weight;4.9
829;Neutered_or_spayed;True
791;Fur_pattern;colorpoint
996;Country;USA
50;Body_length;33
669;Breed;Ragdoll
402;Country;USA
60;Fur_colour_dominant;white
826;Weight;7.19
985;Neutered_or_spayed;False
1031;Allowed_outdoor;False
173;Age_in_years;6.5
941;Weight;8.41
874;Breed;Ragdoll
166;Fur_pattern;solid
909;Fur_pattern;colorpoint
770;Allowed_outdoor;True
700;Body_length;27
476;Age_in_months;75
494;Age_in_months;82
68;Allowed_outdoor;False
108;Fur_pattern;solid
501;Allowed_outdoor;False
466;Country;USA
64;Age_in_years;2.5
331;Allowed_outdoor;False
613;Breed;Ragdoll
675;Age_in_months;19
513;Body_length;62
1061;Age_in_years;0.08
704;Age_in_months;71
772;Fur_pattern;colorpoint
350;Fur_pattern;solid
646;Age_in_months;10
826;Breed;Ragdoll
294;Allowed_outdoor;False
855;Weight;8.59
132;Breed;Angora
814;Weight;5.49
625;Neutered_or_spayed;False
555;Weight;4.15
855;Country;USA
369;Allowed_outdoor;False
661;Age_in_years;1.25
980;Age_in_months;109
255;Neutered_or_spayed;True
353;Weight;8.42
56;Breed;Angora
405;Weight;5.0
62;Allowed_outdoor;False
554;Country;USA
571;Body_length;83
1002;Fur_pattern;colorpoint
654;Fur_colour_dominant;red/cream
385;Body_length;73
329;Weight;3.3
1022;Country;USA
572;Neutered_or_spayed;True
604;Fur_colour_dominant;black
944;Age_in_years;8.17
900;Fur_pattern;colorpoint
611;Fur_pattern;bicolor
641;Age_in_months;8
477;Age_in_months;75
711;Fur_pattern;colorpoint
654;Weight;4.8
529;Fur_pattern;solid
805;Age_in_months;55
818;Neutered_or_spayed;False
888;Breed;Ragdoll
867;Weight;5.01
569;Fur_pattern;tabby
262;Allowed_outdoor;False
934;Body_length;46
832;Country;USA
527;Breed;Maine coon
175;Allowed_outdoor;False
25;Body_length;39
373;Age_in_months;35
409;Breed;Maine coon
974;Age_in_months;108
880;Country;UK
120;Weight;4.5
542;Fur_colour_dominant;black
159;Neutered_or_spayed;True
1052;Country;Germany
545;Fur_pattern;tabby
260;Age_in_months;116
2;Country;France
227;Neutered_or_spayed;True
968;Weight;5.72
689;Neutered_or_spayed;True
1008;Breed;Ragdoll
480;Age_in_months;76
864;Fur_colour_dominant;seal
649;Weight;4.4
297;Allowed_outdoor;False
575;Body_length;61
845;Allowed_outdoor;False
401;Body_length;39
970;Breed;Ragdoll
737;Weight;5.35
928;Country;Canada
374;Fur_colour_dominant;black
974;Fur_colour_dominant;red/cream
544;Country;USA
626;Fur_colour_dominant;red/cream
81;Neutered_or_spayed;True
216;Age_in_years;7.83
794;Body_length;49
321;Weight;3.2
24;Fur_colour_dominant;white
295;Age_in_months;9
439;Age_in_months;63
43;Body_length;41
744;Body_length;46
995;Fur_colour_dominant;brown/chocolate
504;Allowed_outdoor;True
901;Fur_colour_dominant;brown/chocolate
1005;Country;USA
24;Age_in_months;14
145;Country;Germany
81;Country;USA
24;Breed;Angora
347;Fur_pattern;tabby
463;Allowed_outdoor;True
913;Body_length;47
24;Fur_pattern;solid
114;Fur_colour_dominant;white
575;Age_in_years;9.08
618;Fur_colour_dominant;red/cream
332;Fur_pattern;solid
633;Weight;4.3
1018;Neutered_or_spayed;True
20;Allowed_outdoor;False
1016;Country;USA
341;Fur_pattern;solid
98;Fur_pattern;solid
397;Fur_colour_dominant;black
451;Neutered_or_spayed;True
212;Age_in_years;7.83
60;Allowed_outdoor;False
298;Body_length;32
817;Age_in_years;4.83
285;Country;UK
555;Body_length;48
913;Allowed_outdoor;False
993;Country;USA
105;Fur_pattern;solid
769;Age_in_years;3.5
510;Age_in_years;7.08
155;Allowed_outdoor;True
1005;Fur_colour_dominant;seal
730;Country;USA
935;Fur_colour_dominant;seal
586;Allowed_outdoor;False
155;Country;USA
27;Allowed_outdoor;False
686;Weight;3.8
271;Fur_colour_dominant;white
686;Country;Canada
918;Fur_colour_dominant;seal
694;Neutered_or_spayed;True
1063;Country;USA
551;Body_length;85
709;Fur_colour_dominant;seal
90;Age_in_months;45
113;Body_length;37
526;Body_length;65
768;Age_in_years;3.5
1009;Neutered_or_spayed;False
719;Age_in_months;32
695;Weight;4.7
948;Body_length;46
804;Body_length;46
742;Fur_pattern;colorpoint
748;Neutered_or_spayed;True
340;Weight;3.8
368;Fur_colour_dominant;black
2;Allowed_outdoor;False
859;Age_in_months;72
546;Fur_pattern;bicolor
941;Fur_colour_dominant;red/cream
614;Breed;Ragdoll
849;Age_in_months;68
974;Age_in_years;9.0
442;Allowed_outdoor;False
158;Fur_colour_dominant;white
804;Weight;5.5
671;Allowed_outdoor;False
923;Age_in_months;93
713;Age_in_months;30
934;Allowed_outdoor;False
669;Age_in_months;18
928;Breed;Ragdoll
483;Age_in_months;76
405;Country;USA
222;Allowed_outdoor;False
794;Breed;Ragdoll
218;Weight;3.8
986;Fur_pattern;colorpoint
1041;Neutered_or_spayed;False
878;Allowed_outdoor;False
1016;Fur_pattern;colorpoint
470;Age_in_months;73
179;Body_length;40
912;Allowed_outdoor;False
474;Allowed_outdoor;False
536;Age_in_months;95
285;Fur_pattern;tabby
406;Body_length;83
597;Breed;Maine coon
759;Neutered_or_spayed;True
109;Weight;4.4
618;Allowed_outdoor;False
612;Country;UK
937;Breed;Ragdoll
201;Age_in_years;7.42
579;Body_length;69
582;Breed;Maine coon
130;Fur_pattern;solid
518;Allowed_outdoor;True
455;Neutered_or_spayed;True
453;Fur_colour_dominant;white
514;Neutered_or_spayed;True
696;Age_in_years;2.08
1047;Neutered_or_spayed;False
224;Age_in_months;97
70;Fur_colour_dominant;white
573;Age_in_months;108
671;Fur_pattern;colorpoint
65;Fur_colour_dominant;red/cream
331;Breed;Maine coon
473;Fur_pattern;bicolor
1037;Neutered_or_spayed;False
43;Age_in_months;22
969;Country;USA
70;Neutered_or_spayed;True
89;Fur_pattern;solid
79;Fur_colour_dominant;white
971;Body_length;55
423;Breed;Maine coon
955;Neutered_or_spayed;True
905;Country;USA
490;Age_in_months;80
879;Fur_pattern;tortie
270;Fur_colour_dominant;white
987;Breed;Ragdoll
572;Allowed_outdoor;False
368;Fur_pattern;solid
682;Fur_pattern;colorpoint
8;Fur_pattern;solid
971;Age_in_months;107
981;Fur_colour_dominant;red/cream
149;Fur_colour_dominant;white
638;Weight;4.4
388;Age_in_years;3.58
568;Neutered_or_spayed;True
1067;Breed;Maine coon
892;Age_in_months;83
603;Neutered_or_spayed;True
468;Breed;Maine coon
821;Fur_colour_dominant;seal
784;Body_length;40
859;Age_in_years;6.0
203;Neutered_or_spayed;True
970;Fur_colour_dominant;red/cream
848;Age_in_months;68
762;Age_in_years;3.33
696;Body_length;23
512;Fur_pattern;tabby
83;Fur_colour_dominant;white
549;Age_in_years;6.17
660;Neutered_or_spayed;True
741;Fur_pattern;colorpoint
175;Fur_colour_dominant;white
521;Age_in_months;87
900;Weight;5.04
974;Country;USA
831;Country;USA
387;Body_length;67
71;Breed;Angora
607;Body_length;21
298;Country;UK
222;Age_in_months;86
833;Age_in_months;63
299;Breed;Maine coon
281;Breed;Maine coon
22;Body_length;34
964;Fur_colour_dominant;seal
986;Body_length;48
1052;Age_in_years;0.17
68;Age_in_years;2.67
786;Neutered_or_spayed;True
1034;Age_in_months;2
841;Age_in_years;5.58
519;Neutered_or_spayed;False
9;Fur_pattern;tortie
797;Fur_pattern;bicolor
6;Breed;Angora
932;Breed;Ragdoll
708;Neutered_or_spayed;True
66;Breed;Angora
497;Age_in_months;82
583;Allowed_outdoor;True
1009;Age_in_years;9.75
686;Breed;Ragdoll
794;Weight;8.2
189;Allowed_outdoor;False
178;Neutered_or_spayed;False
467;Fur_pattern;tabby
591;Body_length;55
428;Age_in_years;5.0
740;Allowed_outdoor;False
1055;Country;USA
1033;Neutered_or_spayed;False
329;Neutered_or_spayed;True
516;Age_in_years;7.17
966;Country;USA
132;Fur_colour_dominant;white
795;Age_in_years;4.33
522;Neutered_or_spayed;True
279;Age_in_months;120
700;Fur_pattern;colorpoint
864;Country;USA
862;Allowed_outdoor;False
1034;Allowed_outdoor;False
957;Country;USA
206;Age_in_months;93
979;Breed;Ragdoll
237;Neutered_or_spayed;True
86;Neutered_or_spayed;True
674;Allowed_outdoor;True
434;Country;USA
933;Body_length;45
299;Weight;4.0
994;Weight;6.38
758;Age_in_months;40
457;Country;Canada
199;Body_length;41
293;Fur_colour_dominant;black
817;Breed;Ragdoll
51;Country;France
720;Weight;5.53
829;Body_length;48
494;Body_length;76
577;Fur_colour_dominant;black
567;Country;USA
453;Body_length;39
964;Breed;Ragdoll
457;Neutered_or_spayed;True
541;Fur_pattern;tortie
305;Allowed_outdoor;True
777;Weight;4.91
865;Fur_pattern;colorpoint
799;Fur_colour_dominant;seal
839;Country;Germany
164;Body_length;38
280;Weight;2.6
409;Age_in_years;4.33
423;Country;USA
625;Allowed_outdoor;False
917;Age_in_months;92
114;Breed;Angora
897;Neutered_or_spayed;True
439;Country;USA
391;Neutered_or_spayed;True
1012;Fur_pattern;colorpoint
613;Age_in_years;0.33
849;Body_length;41
113;Age_in_years;4.58
498;Fur_colour_dominant;black
41;Allowed_outdoor;True
470;Fur_colour_dominant;brown/chocolate
421;Neutered_or_spayed;True
114;Neutered_or_spayed;False
290;Age_in_months;8
331;Weight;4.5
813;Breed;Ragdoll
827;Age_in_months;61
139;Breed;Angora
50;Fur_colour_dominant;white
1037;Country;USA
259;Age_in_years;9.58
762;Breed;Ragdoll
799;Age_in_months;53
568;Allowed_outdoor;False
1043;Age_in_years;0.08
328;Age_in_years;1.67
300;Age_in_years;4.75
510;Country;USA
242;Fur_pattern;bicolor
893;Allowed_outdoor;False
119;Allowed_outdoor;False
258;Neutered_or_spayed;True
739;Fur_colour_dominant;seal
598;Fur_pattern;solid
591;Weight;8.4
243;Breed;Angora
978;Age_in_years;5.08
681;Fur_colour_dominant;seal
833;Country;USA
493;Age_in_months;81
345;Fur_pattern;solid
82;Fur_colour_dominant;black
820;Breed;Ragdoll
269;Allowed_outdoor;False
531;Breed;Maine coon
220;Allowed_outdoor;False
122;Weight;3.7
815;Breed;Ragdoll
716;Fur_colour_dominant;seal
444;Country;Canada
918;Body_length;49
206;Breed;Angora
395;Age_in_years;3.83
1037;Age_in_years;0.17
1030;Fur_colour_dominant;red/cream
278;Body_length;40
1038;Neutered_or_spayed;False
909;Weight;4.39
685;Allowed_outdoor;False
126;Weight;4.6
796;Country;USA
161;Country;USA
537;Fur_pattern;tabby
382;Country;Germany
398;Age_in_months;49
896;Fur_colour_dominant;brown/chocolate
663;Country;Canada
140;Allowed_outdoor;False
893;Weight;8.23
447;Age_in_years;5.42
1032;Neutered_or_spayed;False
562;Fur_colour_dominant;black
160;Weight;4.7
782;Fur_colour_dominant;seal
258;Allowed_outdoor;False
901;Neutered_or_spayed;True
562;Body_length;59
683;Age_in_months;21
1066;Fur_colour_dominant;brown/chocolate
680;Weight;4.7
875;Fur_pattern;colorpoint
834;Age_in_months;63
799;Age_in_years;4.42
391;Country;USA
728;Country;USA
301;Fur_colour_dominant;black
439;Fur_colour_dominant;brown/chocolate
484;Age_in_months;77
1069;Weight;0.7
837;Breed;Ragdoll
873;Allowed_outdoor;False
94;Fur_colour_dominant;white
31;Neutered_or_spayed;False
901;Weight;9.0
563;Age_in_years;8.92
377;Age_in_years;3.08
918;Country;Canada
649;Fur_pattern;colorpoint
984;Neutered_or_spayed;False
21;Weight;4.0
917;Breed;Ragdoll
6;Allowed_outdoor;False
212;Age_in_months;94
44;Fur_pattern;bicolor
264;Age_in_years;6.33
230;Age_in_years;4.58
64;Neutered_or_spayed;False
826;Age_in_years;4.92
108;Allowed_outdoor;False
299;Body_length;53
25;Country;France
931;Body_length;48
1042;Age_in_years;0.08
184;Neutered_or_spayed;False
549;Allowed_outdoor;True
633;Age_in_years;0.58
167;Breed;Angora
432;Fur_colour_dominant;brown/chocolate
516;Neutered_or_spayed;False
1034;Body_length;14
634;Fur_pattern;colorpoint
49;Fur_colour_dominant;white
959;Age_in_months;103
499;Allowed_outdoor;False
67;Fur_pattern;solid
354;Fur_colour_dominant;black
261;Allowed_outdoor;False
499;Neutered_or_spayed;True
104;Weight;2.8
11;Fur_colour_dominant;black
263;Age_in_months;116
513;Neutered_or_spayed;True
307;Age_in_months;12
738;Neutered_or_spayed;False
427;Fur_colour_dominant;black
550;Breed;Maine coon
144;Allowed_outdoor;True
233;Neutered_or_spayed;False
798;Neutered_or_spayed;False
647;Weight;3.9
15;Age_in_months;16
411;Weight;6.39
497;Breed;Maine coon
182;Fur_colour_dominant;white
826;Fur_pattern;colorpoint
836;Weight;6.63
842;Country;Germany
79;Body_length;36
972;Age_in_years;8.92
949;Country;USA
797;Country;USA
375;Fur_colour_dominant;brown/chocolate
337;Age_in_months;23
605;Fur_pattern;solid
840;Breed;Ragdoll
314;Allowed_outdoor;False
961;Age_in_years;8.67
221;Allowed_outdoor;False
892;Allowed_outdoor;False
213;Weight;4.0
825;Country;USA
701;Breed;Ragdoll
967;Fur_pattern;colorpoint
3;Age_in_months;6
577;Fur_pattern;solid
288;Weight;3.7
115;Neutered_or_spayed;True
72;Age_in_months;35
522;Weight;11.3
32;Age_in_months;19
873;Neutered_or_spayed;False
555;Fur_pattern;bicolor
51;Neutered_or_spayed;False
54;Allowed_outdoor;False
609;Weight;3.0
629;Breed;Ragdoll
235;Fur_pattern;solid
307;Weight;3.2
1001;Breed;Ragdoll
47;Body_length;32
953;Allowed_outdoor;False
327;Weight;3.9
126;Body_length;38
165;Age_in_months;73
682;Age_in_months;47
742;Fur_colour_dominant;seal
276;Fur_colour_dominant;white
184;Fur_colour_dominant;white
478;Neutered_or_spayed;True
798;Fur_pattern;colorpoint
921;Age_in_months;92
448;Allowed_outdoor;True
620;Breed;Ragdoll
517;Body_length;49
921;Breed;Ragdoll
971;Weight;9.13
488;Fur_pattern;solid
403;Weight;7.44
275;Neutered_or_spayed;False
625;Fur_colour_dominant;seal
581;Allowed_outdoor;False
707;Age_in_years;2.33
525;Country;USA
472;Neutered_or_spayed;False
987;Fur_pattern;colorpoint
761;Breed;Ragdoll
366;Country;UK
986;Fur_colour_dominant;seal
172;Neutered_or_spayed;True
255;Weight;2.5
348;Fur_pattern;tabby
537;Age_in_months;95
963;Fur_pattern;colorpoint
926;Neutered_or_spayed;True
121;Age_in_months;58
699;Neutered_or_spayed;True
476;Age_in_years;6.25
540;Weight;5.45
34;Fur_colour_dominant;white
259;Allowed_outdoor;True
489;Fur_pattern;solid
17;Body_length;31
528;Age_in_years;7.5
928;Fur_colour_dominant;brown/chocolate
101;Age_in_months;49
143;Body_length;36
284;Body_length;26
52;Allowed_outdoor;False
782;Age_in_months;46
310;Age_in_months;13
70;Body_length;34
576;Age_in_years;9.17
849;Breed;Ragdoll
334;Weight;5.3
804;Country;USA
915;Allowed_outdoor;False
23;Allowed_outdoor;False
693;Fur_pattern;colorpoint
316;Breed;Maine coon
286;Fur_colour_dominant;white
774;Fur_pattern;colorpoint
505;Breed;Maine coon
432;Weight;8.1
664;Country;Canada
569;Body_length;65
696;Fur_colour_dominant;seal
396;Age_in_months;47
281;Weight;3.3
414;Age_in_years;4.5
48;Fur_colour_dominant;white
709;Country;USA
1018;Country;USA
898;Weight;3.92
516;Age_in_months;86
193;Allowed_outdoor;False
528;Fur_colour_dominant;black
821;Age_in_months;58
344;Country;UK
652;Neutered_or_spayed;False
156;Body_length;31
662;Weight;3.5
784;Country;USA
272;Breed;Angora
806;Allowed_outdoor;False
468;Country;USA
88;Allowed_outdoor;False
279;Fur_colour_dominant;white
735;Age_in_years;3.0
1042;Age_in_months;1
18;Age_in_months;11
965;Fur_colour_dominant;seal
401;Neutered_or_spayed;True
1013;Allowed_outdoor;False
352;Neutered_or_spayed;False
270;Breed;Angora
255;Body_length;36
713;Fur_pattern;colorpoint
52;Age_in_months;26
967;Body_length;45
73;Age_in_years;2.92
291;Allowed_outdoor;False
211;Breed;Angora
588;Country;USA
36;Allowed_outdoor;False
335;Weight;6.3
25;Fur_pattern;solid
901;Age_in_months;86
47;Weight;2.4
552;Neutered_or_spayed;False
890;Body_length;44
765;Country;USA
887;Fur_pattern;bicolor
692;Age_in_years;2.0
506;Age_in_months;84
1067;Age_in_years;0.17
678;Age_in_years;5.67
511;Body_length;78
999;Fur_pattern;colorpoint
947;Body_length;50
504;Weight;3.99
702;Weight;6.0
582;Country;USA
306;Neutered_or_spayed;False
545;Age_in_years;8.33
1010;Weight;5.0
13;Country;France
407;Allowed_outdoor;False
604;Country;USA
398;Age_in_years;4.08
334;Fur_pattern;solid
764;Age_in_years;3.42
186;Fur_pattern;solid
189;Weight;4.4
775;Neutered_or_spayed;False
472;Country;USA
992;Fur_colour_dominant;lilac
1035;Neutered_or_spayed;False
364;Breed;Maine coon
657;Breed;Ragdoll
556;Weight;7.99
890;Weight;4.41
541;Allowed_outdoor;False
766;Allowed_outdoor;False
581;Neutered_or_spayed;True
412;Age_in_years;4.42
313;Body_length;35
776;Country;France
715;Body_length;27
752;Neutered_or_spayed;True
393;Age_in_years;3.83
871;Breed;Ragdoll
652;Age_in_months;12
522;Country;USA
542;Neutered_or_spayed;True
70;Weight;4.1
618;Body_length;26
1024;Body_length;12
867;Fur_colour_dominant;seal
646;Age_in_years;0.83
483;Weight;8.31
452;Age_in_years;5.58
464;Country;USA
6;Fur_pattern;solid
283;Age_in_years;0.42
813;Allowed_outdoor;False
987;Age_in_months;111
535;Country;USA
801;Allowed_outdoor;False
803;Breed;Ragdoll
240;Fur_pattern;solid
209;Country;USA
138;Fur_pattern;solid
261;Fur_colour_dominant;white
649;Allowed_outdoor;False
144;Weight;2.9
867;Neutered_or_spayed;True
969;Allowed_outdoor;False
683;Country;Canada
140;Fur_colour_dominant;white
182;Weight;4.4
811;Body_length;57
723;Breed;Ragdoll
87;Country;USA
19;Country;France
992;Neutered_or_spayed;True
658;Allowed_outdoor;False
508;Fur_colour_dominant;black
829;Allowed_outdoor;False
698;Age_in_months;25
628;Breed;Ragdoll
833;Body_length;50
876;Age_in_months;75
1039;Fur_pattern;colorpoint
752;Body_length;48
41;Neutered_or_spayed;False
441;Age_in_months;63
61;Age_in_months;28
80;Allowed_outdoor;False
84;Age_in_years;3.5
506;Country;Germany
1061;Country;USA
196;Fur_pattern;solid
531;Fur_colour_dominant;black
107;Fur_colour_dominant;black
684;Allowed_outdoor;False
621;Body_length;25
725;Body_length;38
270;Fur_pattern;solid
384;Age_in_months;41
473;Age_in_years;6.17
386;Neutered_or_spayed;False
20;Fur_pattern;solid
879;Fur_colour_dominant;seal
421;Age_in_months;57
880;Age_in_months;76
4;Breed;Angora
1004;Breed;Ragdoll
304;Age_in_months;12
52;Fur_colour_dominant;white
515;Age_in_years;7.17
712;Breed;Ragdoll
286;Breed;Maine coon
966;Breed;Ragdoll
716;Body_length;28
13;Fur_pattern;solid
124;Age_in_months;59
232;Neutered_or_spayed;True
926;Breed;Ragdoll
586;Age_in_years;8.17
944;Age_in_months;98
882;Neutered_or_spayed;True
348;Country;UK
657;Fur_colour_dominant;brown/chocolate
55;Neutered_or_spayed;True
248;Allowed_outdoor;False
622;Country;UK
4;Fur_pattern;solid
297;Breed;Maine coon
657;Country;USA
29;Age_in_months;15
819;Age_in_years;4.83
224;Breed;Angora
190;Fur_colour_dominant;white
12;Fur_pattern;solid
467;Weight;7.0
421;Fur_pattern;solid
486;Breed;Maine coon
481;Fur_pattern;tabby
468;Neutered_or_spayed;True
412;Breed;Maine coon
756;Neutered_or_spayed;False
238;Country;USA
566;Body_length;36
436;Fur_pattern;solid
322;Country;UK
178;Body_length;41
109;Age_in_years;4.42
743;Body_length;47
461;Weight;8.9
103;Breed;Angora
431;Country;USA
307;Age_in_years;1.0
967;Weight;4.31
357;Age_in_months;28
1007;Allowed_outdoor;False
560;Age_in_months;60
600;Age_in_years;6.5
1050;Allowed_outdoor;False
239;Breed;Angora
812;Age_in_years;4.67
179;Age_in_months;80
900;Fur_colour_dominant;seal
574;Body_length;60
1019;Age_in_months;119
760;Age_in_years;3.33
669;Allowed_outdoor;False
351;Neutered_or_spayed;True
919;Weight;7.2
475;Allowed_outdoor;False
336;Breed;Maine coon
71;Age_in_months;35
659;Neutered_or_spayed;False
896;Age_in_months;85
115;Breed;Angora
10;Allowed_outdoor;False
22;Age_in_years;1.17
457;Breed;Maine coon
655;Country;USA
590;Age_in_years;9.58
71;Allowed_outdoor;False
66;Neutered_or_spayed;False
287;Allowed_outdoor;False
438;Weight;9.7
877;Age_in_months;75
805;Fur_colour_dominant;seal
380;Allowed_outdoor;False
642;Allowed_outdoor;False
825;Age_in_months;59
297;Neutered_or_spayed;False
913;Fur_pattern;colorpoint
741;Breed;Ragdoll
956;Breed;Ragdoll
522;Allowed_outdoor;True
56;Age_in_years;2.25
992;Age_in_years;9.33
8;Fur_colour_dominant;red/cream
241;Neutered_or_spayed;False
624;Breed;Ragdoll
337;Country;UK
289;Breed;Maine coon
845;Weight;7.21
1025;Country;USA
423;Fur_colour_dominant;black
154;Age_in_years;5.75
473;Allowed_outdoor;False
357;Weight;6.9
89;Neutered_or_spayed;True
553;Neutered_or_spayed;True
1005;Body_length;44
132;Age_in_years;5.17
560;Fur_colour_dominant;black
817;Weight;7.72
944;Breed;Ragdoll
197;Country;USA
237;Body_length;35
85;Body_length;35
208;Age_in_years;7.75
689;Breed;Ragdoll
646;Country;Germany
375;Fur_pattern;tabby
830;Age_in_months;62
750;Country;USA
480;Breed;Maine coon
290;Body_length;38
183;Country;Canada
6;Weight;3.0
180;Fur_pattern;solid
714;Body_length;24
606;Weight;6.5
860;Body_length;48
851;Age_in_months;68
128;Allowed_outdoor;False
5;Body_length;21
116;Fur_pattern;solid
376;Fur_pattern;solid
478;Body_length;60
906;Age_in_months;88
664;Fur_pattern;colorpoint
814;Breed;Ragdoll
960;Fur_pattern;tortie
556;Country;USA
926;Country;Canada
439;Fur_pattern;solid
417;Allowed_outdoor;True
135;Fur_colour_dominant;white
21;Country;France
645;Breed;Ragdoll
794;Age_in_years;4.33
188;Fur_pattern;solid
797;Weight;5.7
303;Allowed_outdoor;False
391;Fur_colour_dominant;black
1028;Fur_colour_dominant;seal
86;Fur_colour_dominant;white
404;Fur_colour_dominant;black
1013;Weight;9.08
1002;Body_length;46
176;Age_in_months;79
253;Age_in_years;8.33
691;Neutered_or_spayed;True
963;Country;USA
529;Country;USA
965;Allowed_outdoor;True
126;Age_in_months;59
743;Allowed_outdoor;False
378;Neutered_or_spayed;False
710;Age_in_months;29
430;Weight;4.23
429;Country;USA
342;Fur_pattern;tabby
95;Age_in_months;47
728;Age_in_years;2.83
2;Age_in_months;4
962;Fur_colour_dominant;seal
740;Fur_pattern;colorpoint
749;Age_in_months;39
989;Fur_colour_dominant;brown/chocolate
443;Body_length;64
769;Fur_pattern;colorpoint
936;Body_length;48
1038;Allowed_outdoor;False
208;Weight;2.8
1006;Weight;9.33
545;Allowed_outdoor;False
820;Country;USA
167;Allowed_outdoor;False
373;Breed;Maine coon
57;Allowed_outdoor;False
267;Age_in_months;117
653;Fur_pattern;colorpoint
62;Age_in_months;29
688;Fur_colour_dominant;seal
449;Breed;Maine coon
180;Fur_colour_dominant;white
749;Fur_colour_dominant;red/cream
501;Neutered_or_spayed;True
408;Country;USA
512;Body_length;65
68;Weight;4.0
745;Body_length;39
435;Fur_colour_dominant;black
751;Fur_pattern;colorpoint
829;Age_in_years;5.08
248;Body_length;35
266;Body_length;38
446;Country;Canada
1058;Age_in_years;0.08
199;Age_in_months;88
223;Body_length;33
252;Age_in_years;9.33
968;Country;USA
957;Fur_colour_dominant;seal
574;Breed;Maine coon
1070;Breed;Maine coon
559;Neutered_or_spayed;False
714;Fur_colour_dominant;seal
788;Neutered_or_spayed;False
890;Country;Germany
821;Neutered_or_spayed;True
104;Allowed_outdoor;True
300;Body_length;56
555;Breed;Maine coon
761;Country;USA
418;Neutered_or_spayed;True
911;Age_in_months;91
148;Body_length;40
706;Country;USA
895;Country;Germany
170;Fur_colour_dominant;white
913;Breed;Ragdoll
792;Age_in_years;4.17
311;Allowed_outdoor;False
1026;Fur_colour_dominant;seal
649;Body_length;28
187;Fur_pattern;solid
39;Neutered_or_spayed;True
447;Country;Canada
688;Fur_pattern;colorpoint
502;Age_in_years;6.92
806;Neutered_or_spayed;True
877;Fur_colour_dominant;seal
336;Weight;3.4
753;Weight;7.87
194;Body_length;38
897;Weight;8.18
344;Fur_colour_dominant;black
165;Weight;3.7
1005;Weight;3.91
511;Fur_pattern;tabby
635;Allowed_outdoor;False
542;Country;USA
980;Country;USA
457;Age_in_months;68
297;Body_length;52
205;Neutered_or_spayed;True
755;Age_in_years;3.25
955;Country;USA
753;Allowed_outdoor;False
782;Breed;Ragdoll
328;Country;UK
971;Breed;Ragdoll
439;Body_length;88
324;Age_in_years;1.58
871;Neutered_or_spayed;False
637;Weight;4.5
104;Fur_colour_dominant;white
537;Breed;Maine coon
569;Weight;9.7
159;Breed;Angora
743;Age_in_years;3.17
712;Neutered_or_spayed;True
386;Allowed_outdoor;False
302;Weight;3.0
776;Age_in_months;44
110;Neutered_or_spayed;True
685;Body_length;26
6;Age_in_months;6
318;Age_in_months;17
369;Body_length;53
618;Fur_pattern;bicolor
294;Fur_colour_dominant;white
793;Fur_colour_dominant;seal
308;Body_length;38
89;Age_in_years;3.67
523;Fur_colour_dominant;black
543;Body_length;62
490;Allowed_outdoor;False
1021;Weight;5.58
596;Neutered_or_spayed;False
629;Neutered_or_spayed;False
246;Age_in_years;5.17
468;Allowed_outdoor;False
172;Fur_pattern;solid
338;Weight;4.0
430;Age_in_years;5.0
947;Fur_pattern;colorpoint
1007;Breed;Ragdoll
471;Body_length;58
431;Weight;10.6
986;Weight;6.11
746;Fur_colour_dominant;seal
726;Body_length;43
832;Allowed_outdoor;False
7;Fur_colour_dominant;white
351;Age_in_years;2.17
805;Weight;8.46
360;Fur_pattern;solid
442;Country;Canada
1001;Weight;7.7
477;Allowed_outdoor;False
47;Neutered_or_spayed;False
910;Country;USA
312;Breed;Maine coon
790;Breed;Ragdoll
523;Fur_pattern;solid
167;Body_length;38
793;Age_in_months;51
140;Neutered_or_spayed;True
680;Age_in_years;1.67
35;Age_in_months;57
996;Body_length;54
346;Weight;6.09
402;Fur_pattern;tabby
977;Fur_colour_dominant;seal
93;Fur_colour_dominant;red/cream
758;Fur_colour_dominant;seal
885;Fur_colour_dominant;seal
279;Weight;3.7
119;Breed;Angora
948;Fur_pattern;colorpoint
861;Country;USA
380;Body_length;53
81;Fur_colour_dominant;white
112;Allowed_outdoor;False
411;Breed;Maine coon
416;Body_length;57
744;Age_in_years;3.17
166;Country;USA
879;Weight;5.6
964;Age_in_months;54
730;Allowed_outdoor;False
690;Age_in_months;51
446;Neutered_or_spayed;False
470;Country;USA
397;Age_in_years;4.08
592;Body_length;48
1030;Neutered_or_spayed;False
10;Body_length;25
935;Age_in_months;96
182;Breed;Angora
417;Fur_pattern;tabby
63;Allowed_outdoor;False
1011;Age_in_months;67
94;Allowed_outdoor;False
127;Breed;Angora
574;Age_in_months;109
902;Age_in_months;87
367;Weight;9.6
443;Breed;Maine coon
161;Fur_pattern;solid
244;Country;USA
82;Weight;4.8
280;Fur_pattern;solid
627;Weight;4.0
316;Fur_colour_dominant;black
139;Allowed_outdoor;False
387;Age_in_months;43
973;Age_in_months;108
500;Weight;6.2
25;Fur_colour_dominant;white
758;Body_length;47
743;Breed;Ragdoll
265;Fur_colour_dominant;white
48;Age_in_years;2.0
642;Body_length;31
883;Age_in_years;6.5
343;Body_length;76
575;Weight;7.9
435;Body_length;72
931;Breed;Ragdoll
1054;Neutered_or_spayed;False
258;Fur_pattern;solid
699;Age_in_months;25
47;Allowed_outdoor;False
673;Age_in_months;48
953;Fur_colour_dominant;brown/chocolate
188;Neutered_or_spayed;True
505;Allowed_outdoor;False
408;Fur_colour_dominant;white
831;Age_in_months;62
63;Country;France
417;Age_in_months;56
225;Age_in_months;97
178;Fur_pattern;solid
748;Fur_colour_dominant;seal
606;Allowed_outdoor;False
211;Weight;3.5
248;Age_in_months;110
611;Fur_colour_dominant;red/cream
551;Breed;Maine coon
313;Allowed_outdoor;False
757;Body_length;43
387;Weight;10.5
727;Fur_pattern;colorpoint
1059;Body_length;15
191;Body_length;40
368;Age_in_years;2.75
145;Breed;Angora
118;Age_in_months;57
943;Fur_colour_dominant;seal
995;Age_in_months;113
257;Body_length;36
120;Allowed_outdoor;False
449;Country;Canada
230;Weight;2.8
878;Body_length;47
801;Age_in_months;54
547;Body_length;80
300;Fur_pattern;tabby
233;Country;USA
924;Age_in_months;93
913;Fur_colour_dominant;seal
1063;Body_length;13
224;Fur_pattern;bicolor
55;Weight;3.1
893;Neutered_or_spayed;True
758;Breed;Ragdoll
911;Allowed_outdoor;False
49;Allowed_outdoor;True
733;Age_in_years;3.0
452;Fur_colour_dominant;black
779;Age_in_years;3.75
689;Body_length;30
807;Body_length;38
41;Body_length;34
529;Allowed_outdoor;False
527;Allowed_outdoor;False
701;Country;USA
557;Fur_colour_dominant;black
823;Neutered_or_spayed;False
395;Weight;5.96
790;Country;USA
246;Neutered_or_spayed;False
8;Country;France
363;Country;Germany
585;Country;USA
923;Fur_colour_dominant;seal
870;Age_in_months;74
39;Allowed_outdoor;False
877;Country;UK
107;Allowed_outdoor;False
1059;Country;USA
1038;Fur_pattern;colorpoint
1033;Fur_colour_dominant;red/cream
628;Country;UK
958;Neutered_or_spayed;False
233;Fur_colour_dominant;white
711;Age_in_months;29
600;Neutered_or_spayed;True
656;Body_length;24
266;Fur_colour_dominant;white
871;Allowed_outdoor;False
364;Fur_pattern;tabby
319;Age_in_years;1.42
834;Allowed_outdoor;False
904;Breed;Ragdoll
26;Weight;4.6
414;Country;USA
34;Country;France
818;Age_in_months;58
918;Neutered_or_spayed;True
206;Fur_colour_dominant;white
411;Age_in_months;53
122;Country;USA
406;Fur_colour_dominant;brown/chocolate
600;Fur_pattern;solid
875;Age_in_years;6.25
121;Breed;Angora
352;Fur_pattern;solid
394;Weight;7.01
1050;Country;USA
418;Allowed_outdoor;False
732;Neutered_or_spayed;True
76;Breed;Angora
950;Age_in_years;8.25
246;Age_in_months;62
1016;Neutered_or_spayed;True
699;Fur_colour_dominant;seal
820;Fur_colour_dominant;brown/chocolate
750;Fur_pattern;colorpoint
781;Fur_colour_dominant;brown/chocolate
10;Age_in_months;8
256;Fur_colour_dominant;white
721;Weight;7.41
1031;Fur_colour_dominant;red/cream
476;Breed;Maine coon
824;Body_length;51
936;Age_in_years;8.0
234;Body_length;39
286;Neutered_or_spayed;False
835;Body_length;61
195;Age_in_months;87
845;Country;Germany
932;Fur_pattern;colorpoint
358;Age_in_months;29
955;Age_in_months;102
571;Fur_colour_dominant;black
1038;Country;USA
719;Allowed_outdoor;False
372;Country;USA
803;Age_in_months;54
412;Neutered_or_spayed;False
173;Age_in_months;78
498;Neutered_or_spayed;False
905;Fur_pattern;mitted
488;Neutered_or_spayed;True
783;Neutered_or_spayed;True
556;Fur_colour_dominant;black
741;Age_in_months;38
27;Body_length;26
673;Age_in_years;4.0
165;Fur_colour_dominant;white
841;Breed;Ragdoll
287;Age_in_years;0.5
316;Age_in_months;16
35;Age_in_years;4.75
1043;Neutered_or_spayed;False
93;Country;France
475;Fur_colour_dominant;brown/chocolate
68;Body_length;40
676;Allowed_outdoor;False
861;Body_length;38
776;Age_in_years;3.67
593;Age_in_years;9.58
410;Weight;10.3
262;Country;USA
204;Fur_colour_dominant;white
523;Weight;9.0
512;Breed;Maine coon
508;Breed;Maine coon
805;Body_length;50
583;Country;USA
952;Weight;5.7
285;Neutered_or_spayed;False
976;Allowed_outdoor;False
2;Breed;Angora
176;Body_length;40
515;Weight;7.3
272;Weight;5.2
362;Allowed_outdoor;False
1059;Breed;Maine coon
571;Allowed_outdoor;False
916;Country;Canada
942;Neutered_or_spayed;True
321;Country;France
189;Fur_colour_dominant;white
789;Breed;Ragdoll
2;Fur_colour_dominant;white
227;Fur_pattern;solid
580;Age_in_years;8.17
983;Neutered_or_spayed;True
1068;Weight;1.0
495;Fur_pattern;tortie
1029;Weight;0.8
448;Weight;6.36
905;Allowed_outdoor;False
58;Breed;Angora
53;Body_length;38
2;Age_in_years;0.33
69;Weight;3.9
850;Neutered_or_spayed;True
236;Neutered_or_spayed;True
265;Neutered_or_spayed;False
38;Country;France
405;Breed;Maine coon
714;Allowed_outdoor;False
470;Neutered_or_spayed;False
980;Weight;6.15
249;Age_in_months;78
630;Weight;5.3
44;Weight;4.3
131;Fur_colour_dominant;white
1065;Age_in_years;0.17
300;Allowed_outdoor;False
485;Country;USA
811;Fur_colour_dominant;seal
802;Fur_pattern;colorpoint
795;Body_length;42
590;Fur_pattern;tabby
30;Weight;5.0
525;Age_in_months;90
1054;Weight;0.8
658;Neutered_or_spayed;True
371;Fur_colour_dominant;red/cream
274;Weight;2.9
552;Age_in_years;8.58
1046;Allowed_outdoor;False
320;Weight;4.3
494;Allowed_outdoor;False
757;Breed;Ragdoll
807;Breed;Ragdoll
245;Allowed_outdoor;False
961;Age_in_months;104
873;Body_length;48
894;Age_in_months;84
571;Age_in_years;9.0
109;Breed;Angora
1061;Fur_pattern;tortie
260;Fur_pattern;solid
683;Allowed_outdoor;True
880;Weight;6.89
409;Allowed_outdoor;False
1022;Allowed_outdoor;False
1019;Allowed_outdoor;False
563;Fur_pattern;solid
410;Neutered_or_spayed;True
103;Weight;4.5
468;Fur_colour_dominant;black
251;Age_in_years;9.25
450;Weight;10.2
793;Neutered_or_spayed;True
995;Neutered_or_spayed;True
355;Body_length;74
930;Age_in_years;7.83
150;Body_length;41
784;Age_in_months;46
1070;Allowed_outdoor;False
578;Neutered_or_spayed;True
509;Weight;6.7
724;Country;USA
484;Age_in_years;6.42
750;Body_length;39
187;Weight;4.3
402;Weight;11.5
367;Body_length;60
1071;Age_in_years;0.17
671;Weight;4.1
966;Neutered_or_spayed;False
301;Body_length;31
1046;Fur_pattern;solid
132;Weight;3.9
497;Age_in_years;6.83
827;Weight;4.16
3;Fur_colour_dominant;black
397;Fur_pattern;bicolor
446;Fur_colour_dominant;red/cream
498;Country;Germany
115;Weight;3.4
42;Allowed_outdoor;False
2;Neutered_or_spayed;False
838;Age_in_months;66
136;Age_in_months;62
806;Fur_colour_dominant;seal
290;Breed;Maine coon
799;Neutered_or_spayed;False
236;Age_in_years;8.58
1058;Age_in_months;1
704;Body_length;27
154;Allowed_outdoor;False
581;Weight;6.2
678;Breed;Ragdoll
575;Country;USA
370;Fur_pattern;solid
149;Body_length;39
281;Fur_pattern;tabby
139;Age_in_months;62
1056;Body_length;15
581;Age_in_months;112
920;Fur_colour_dominant;brown/chocolate
907;Fur_colour_dominant;seal
207;Neutered_or_spayed;True
312;Country;France
244;Age_in_months;108
702;Body_length;20
212;Neutered_or_spayed;True
311;Weight;4.0
560;Body_length;64
726;Age_in_months;34
230;Body_length;35
907;Country;USA
127;Fur_pattern;solid
197;Allowed_outdoor;False
301;Fur_pattern;bicolor
395;Breed;Maine coon
921;Fur_pattern;colorpoint
602;Allowed_outdoor;False
528;Neutered_or_spayed;True
670;Fur_colour_dominant;seal
825;Fur_colour_dominant;seal
917;Allowed_outdoor;False
11;Neutered_or_spayed;False
484;Fur_colour_dominant;brown/chocolate
894;Age_in_years;7.0
554;Age_in_months;94
19;Weight;3.5
414;Neutered_or_spayed;True
29;Neutered_or_spayed;True
705;Neutered_or_spayed;True
92;Age_in_years;3.83
487;Weight;11.3
347;Age_in_years;2.17
979;Fur_pattern;colorpoint
775;Allowed_outdoor;False
949;Weight;5.03
903;Body_length;43
861;Fur_pattern;colorpoint
994;Country;USA
483;Breed;Maine coon
149;Neutered_or_spayed;True
761;Weight;4.72
333;Age_in_years;1.75
288;Fur_pattern;solid
619;Age_in_years;0.42
900;Age_in_years;7.17
81;Age_in_months;41
292;Fur_colour_dominant;white
1069;Country;UK
360;Neutered_or_spayed;True
687;Fur_colour_dominant;seal
203;Body_length;40
829;Weight;6.71
181;Age_in_years;6.75
633;Breed;Ragdoll
700;Fur_colour_dominant;seal
544;Body_length;39
75;Fur_pattern;solid
304;Age_in_years;1.0
64;Fur_colour_dominant;white
547;Age_in_months;91
435;Age_in_months;62
1020;Fur_pattern;bicolor
168;Fur_pattern;solid
805;Age_in_years;4.58
907;Age_in_years;7.33
228;Age_in_months;50
700;Age_in_years;2.17
84;Body_length;33
550;Weight;7.05
323;Country;UK
1017;Age_in_years;4.67
461;Neutered_or_spayed;True
513;Weight;7.0
702;Country;USA
450;Breed;Maine coon
454;Breed;Maine coon
187;Allowed_outdoor;False
885;Neutered_or_spayed;True
931;Neutered_or_spayed;False
611;Age_in_months;4
880;Neutered_or_spayed;False
672;Breed;Ragdoll
849;Fur_colour_dominant;seal
573;Fur_colour_dominant;red/cream
1068;Body_length;17
868;Fur_pattern;bicolor
886;Allowed_outdoor;False
1023;Age_in_months;1
263;Fur_colour_dominant;white
396;Weight;7.8
74;Weight;4.4
978;Body_length;38
1066;Weight;0.9
631;Fur_pattern;bicolor
126;Age_in_years;4.92
405;Fur_colour_dominant;black
262;Age_in_years;9.67
504;Neutered_or_spayed;True
232;Body_length;36
706;Neutered_or_spayed;True
944;Country;USA
1002;Allowed_outdoor;False
383;Fur_colour_dominant;black
106;Fur_colour_dominant;white
944;Allowed_outdoor;False
904;Age_in_years;7.25
615;Fur_colour_dominant;seal
229;Body_length;36
734;Country;USA
1037;Age_in_months;2
695;Fur_colour_dominant;seal
190;Breed;Angora
897;Age_in_months;85
862;Fur_colour_dominant;seal
1005;Neutered_or_spayed;True
145;Body_length;38
352;Body_length;59
564;Body_length;42
151;Age_in_years;5.67
925;Country;Canada
735;Fur_pattern;colorpoint
664;Body_length;25
562;Country;USA
179;Breed;Angora
748;Allowed_outdoor;True
275;Allowed_outdoor;False
147;Fur_pattern;solid
405;Age_in_years;4.25
594;Allowed_outdoor;False
641;Weight;3.7
394;Fur_colour_dominant;brown/chocolate
549;Neutered_or_spayed;True
51;Fur_colour_dominant;black
861;Allowed_outdoor;False
886;Fur_colour_dominant;seal
163;Breed;Angora
35;Breed;Angora
441;Neutered_or_spayed;True
763;Country;USA
620;Neutered_or_spayed;False
590;Country;USA
484;Breed;Maine coon
463;Weight;5.91
1042;Country;USA
493;Allowed_outdoor;True
519;Fur_colour_dominant;brown/chocolate
884;Body_length;51
54;Breed;Angora
1071;Age_in_months;2
138;Age_in_years;5.17
182;Allowed_outdoor;False
767;Country;USA
676;Neutered_or_spayed;True
894;Breed;Ragdoll
31;Fur_colour_dominant;white
103;Age_in_months;50
645;Age_in_months;20
502;Allowed_outdoor;False
92;Country;USA
359;Weight;8.5
814;Age_in_years;4.75
323;Age_in_months;78
321;Breed;Maine coon
874;Fur_pattern;colorpoint
267;Fur_pattern;solid
532;Body_length;79
1047;Fur_colour_dominant;white
1028;Neutered_or_spayed;False
259;Country;USA
439;Weight;8.8
358;Fur_pattern;tabby
580;Fur_colour_dominant;black
642;Fur_pattern;bicolor
706;Fur_pattern;colorpoint
102;Allowed_outdoor;False
472;Body_length;55
1040;Country;USA
820;Weight;4.21
103;Country;USA
251;Weight;3.9
331;Body_length;60
248;Breed;Angora
623;Body_length;27
16;Fur_colour_dominant;white
570;Neutered_or_spayed;True
853;Country;USA
443;Weight;6.67
664;Breed;Ragdoll
430;Fur_colour_dominant;black
683;Fur_colour_dominant;seal
442;Breed;Maine coon
606;Body_length;53
254;Country;USA
1062;Breed;Maine coon
688;Age_in_years;4.5
1026;Allowed_outdoor;False
1064;Age_in_years;0.17
528;Country;USA
988;Age_in_years;9.25
228;Body_length;35
420;Neutered_or_spayed;True
155;Fur_pattern;solid
254;Allowed_outdoor;False
990;Fur_colour_dominant;seal
1015;Country;USA
963;Breed;Ragdoll
437;Age_in_years;5.17
610;Weight;3.0
528;Breed;Maine coon
36;Fur_pattern;solid
64;Fur_pattern;solid
730;Body_length;44
708;Age_in_months;28
717;Body_length;53
936;Country;USA
995;Body_length;45
414;Breed;Maine coon
847;Fur_pattern;colorpoint
734;Age_in_months;36
87;Age_in_years;3.67
163;Fur_pattern;solid
1017;Fur_colour_dominant;seal
58;Fur_pattern;solid
415;Breed;Maine coon
1043;Weight;0.8
1066;Country;UK
510;Body_length;80
148;Breed;Angora
433;Breed;Maine coon
313;Fur_colour_dominant;white
997;Fur_pattern;colorpoint
682;Neutered_or_spayed;True
172;Body_length;36
760;Weight;4.88
238;Neutered_or_spayed;True
729;Body_length;43
186;Breed;Angora
171;Fur_colour_dominant;red/cream
988;Fur_pattern;colorpoint
36;Age_in_years;1.67
821;Age_in_years;4.83
93;Body_length;39
275;Fur_colour_dominant;black
381;Body_length;80
129;Fur_pattern;solid
884;Breed;Ragdoll
640;Fur_colour_dominant;seal
427;Fur_pattern;solid
123;Fur_pattern;solid
708;Age_in_years;2.33
788;Body_length;38
50;Weight;2.9
1013;Country;USA
65;Age_in_months;31
347;Neutered_or_spayed;False
281;Country;USA
775;Fur_pattern;colorpoint
4;Age_in_years;0.5
144;Body_length;37
930;Breed;Ragdoll
723;Allowed_outdoor;False
693;Weight;3.5
83;Country;USA
174;Fur_colour_dominant;white
285;Age_in_years;0.5
881;Age_in_years;6.5
461;Age_in_months;69
898;Allowed_outdoor;False
879;Age_in_months;76
340;Country;UK
103;Allowed_outdoor;False
56;Country;France
785;Body_length;40
1030;Age_in_months;2
354;Fur_pattern;solid
787;Neutered_or_spayed;True
1031;Breed;Ragdoll
141;Fur_colour_dominant;white
507;Breed;Maine coon
38;Body_length;36
385;Fur_colour_dominant;brown/chocolate
33;Body_length;33
618;Age_in_years;6.5
1032;Weight;0.8
563;Weight;6.0
641;Breed;Ragdoll
477;Breed;Maine coon
218;Breed;Angora
102;Age_in_months;50
307;Fur_colour_dominant;white
1026;Body_length;12
359;Body_length;56
874;Fur_colour_dominant;seal
492;Country;USA
692;Fur_pattern;colorpoint
829;Fur_pattern;colorpoint
553;Weight;7.82
315;Fur_pattern;solid
193;Breed;Angora
385;Fur_pattern;solid
459;Fur_colour_dominant;brown/chocolate
395;Body_length;37
410;Country;USA
878;Weight;6.21
666;Fur_colour_dominant;brown/chocolate
781;Breed;Ragdoll
51;Breed;Angora
937;Allowed_outdoor;False
718;Country;USA
61;Age_in_years;2.33
217;Body_length;39
779;Breed;Ragdoll
795;Breed;Ragdoll
402;Body_length;79
676;Weight;4.2
866;Fur_pattern;colorpoint
760;Breed;Ragdoll
629;Country;USA
684;Neutered_or_spayed;True
212;Weight;4.6
765;Age_in_years;3.42
1016;Allowed_outdoor;True
81;Body_length;41
964;Age_in_years;4.5
397;Neutered_or_spayed;True
1049;Age_in_months;2
981;Fur_pattern;colorpoint
492;Fur_colour_dominant;brown/chocolate
571;Weight;11.3
780;Country;USA
20;Age_in_years;1.0
677;Body_length;26
1032;Fur_colour_dominant;red/cream
117;Neutered_or_spayed;False
669;Fur_pattern;colorpoint
333;Neutered_or_spayed;False
748;Body_length;38
591;Fur_colour_dominant;red/cream
285;Allowed_outdoor;False
594;Weight;6.61
177;Age_in_years;6.58
694;Fur_colour_dominant;brown/chocolate
787;Fur_pattern;colorpoint
334;Allowed_outdoor;False
3;Country;France
1004;Age_in_months;115
680;Country;UK
522;Fur_pattern;tabby
709;Fur_pattern;colorpoint
371;Age_in_years;2.83
729;Fur_colour_dominant;seal
116;Weight;5.1
346;Allowed_outdoor;False
948;Country;USA
420;Age_in_years;4.75
1043;Fur_colour_dominant;white
694;Age_in_months;24
936;Allowed_outdoor;False
787;Age_in_years;3.92
163;Fur_colour_dominant;white
17;Country;France
278;Allowed_outdoor;False
281;Neutered_or_spayed;False
672;Age_in_months;18
711;Body_length;28
1;Country;France
429;Allowed_outdoor;False
377;Fur_colour_dominant;red/cream
323;Fur_pattern;tabby
611;Age_in_years;0.33
819;Body_length;57
937;Weight;3.98
827;Country;USA
502;Body_length;75
551;Neutered_or_spayed;False
931;Age_in_years;7.92
690;Country;Canada
795;Country;USA
582;Age_in_years;9.33
61;Fur_pattern;solid
828;Weight;6.75
580;Country;USA
788;Breed;Ragdoll
419;Fur_colour_dominant;black
501;Fur_colour_dominant;black
954;Age_in_months;102
1018;Age_in_years;10.83
104;Body_length;35
884;Weight;7.31
706;Breed;Ragdoll
213;Age_in_years;7.83
572;Body_length;83
749;Weight;6.8
871;Fur_pattern;colorpoint
520;Body_length;69
878;Breed;Ragdoll
1064;Weight;1.3
679;Neutered_or_spayed;True
698;Fur_pattern;colorpoint
856;Breed;Ragdoll
326;Body_length;53
383;Weight;5.47
735;Age_in_months;36
890;Fur_colour_dominant;seal
579;Country;USA
723;Country;USA
869;Breed;Ragdoll
487;Fur_colour_dominant;brown/chocolate
799;Weight;5.56
98;Weight;4.8
116;Allowed_outdoor;False
636;Weight;3.7
895;Neutered_or_spayed;True
268;Allowed_outdoor;False
891;Body_length;49
943;Body_length;53
24;Age_in_years;1.17
76;Neutered_or_spayed;True
615;Allowed_outdoor;False
692;Neutered_or_spayed;True
818;Age_in_years;4.83
475;Breed;Maine coon
816;Allowed_outdoor;False
598;Body_length;63
676;Breed;Ragdoll
876;Allowed_outdoor;False
508;Country;USA
383;Breed;Maine coon
1052;Weight;0.7
579;Fur_pattern;solid
883;Allowed_outdoor;False
164;Country;USA
640;Weight;3.8
186;Weight;4.5
611;Breed;Ragdoll
120;Age_in_years;4.83
56;Weight;5.3
526;Age_in_years;7.5
708;Breed;Ragdoll
403;Age_in_years;4.17
775;Age_in_years;3.67
942;Body_length;38
969;Weight;5.82
154;Fur_colour_dominant;black
510;Fur_pattern;solid
852;Neutered_or_spayed;False
572;Fur_colour_dominant;red/cream
72;Country;USA
852;Country;USA
456;Age_in_years;5.67
966;Fur_colour_dominant;seal
307;Country;UK
900;Breed;Ragdoll
847;Breed;Ragdoll
191;Fur_colour_dominant;white
209;Allowed_outdoor;False
374;Fur_pattern;solid
425;Breed;Maine coon
74;Neutered_or_spayed;True
310;Fur_colour_dominant;black
1065;Country;UK
840;Fur_pattern;colorpoint
654;Country;USA
816;Age_in_years;4.83
1013;Body_length;45
364;Neutered_or_spayed;True
1004;Weight;8.58
607;Neutered_or_spayed;True
13;Weight;3.3
897;Country;USA
279;Neutered_or_spayed;True
254;Body_length;33
370;Age_in_years;2.83
361;Allowed_outdoor;False
62;Fur_colour_dominant;white
565;Age_in_years;7.33
272;Fur_pattern;tabby
834;Fur_colour_dominant;seal
587;Allowed_outdoor;False
846;Weight;5.62
930;Neutered_or_spayed;True
319;Allowed_outdoor;False
32;Country;France
336;Fur_pattern;tabby
806;Country;USA
4;Age_in_months;6
396;Fur_pattern;tabby
730;Neutered_or_spayed;True
137;Neutered_or_spayed;True
305;Neutered_or_spayed;True
293;Fur_pattern;solid
892;Fur_pattern;colorpoint
510;Neutered_or_spayed;True
627;Breed;Ragdoll
24;Neutered_or_spayed;True
722;Fur_pattern;mitted
557;Age_in_months;67
911;Neutered_or_spayed;True
672;Body_length;28
430;Breed;Maine coon
472;Fur_pattern;solid
462;Age_in_years;5.75
167;Weight;3.6
229;Age_in_years;5.08
643;Breed;Ragdoll
387;Allowed_outdoor;False
752;Weight;7.78
329;Fur_pattern;tabby
306;Body_length;46
744;Age_in_months;38
61;Breed;Angora
149;Age_in_years;5.67
762;Body_length;42
887;Country;Germany
286;Allowed_outdoor;False
808;Neutered_or_spayed;True
52;Weight;2.6
275;Body_length;40
106;Body_length;34
671;Fur_colour_dominant;brown/chocolate
200;Neutered_or_spayed;True
472;Age_in_years;6.17
133;Age_in_years;5.17
272;Fur_colour_dominant;red/cream
310;Body_length;55
573;Allowed_outdoor;True
249;Body_length;39
635;Breed;Ragdoll
165;Fur_pattern;solid
702;Breed;Ragdoll
407;Neutered_or_spayed;False
768;Age_in_months;42
525;Body_length;79
535;Weight;11.1
748;Fur_pattern;colorpoint
218;Age_in_years;7.92
507;Fur_colour_dominant;black
80;Weight;4.5
13;Body_length;27
373;Age_in_years;2.92
4;Fur_colour_dominant;white
68;Age_in_months;32
272;Age_in_months;118
380;Fur_colour_dominant;black
72;Fur_colour_dominant;white
620;Fur_pattern;colorpoint
180;Breed;Angora
324;Neutered_or_spayed;True
554;Allowed_outdoor;False
585;Neutered_or_spayed;False
443;Fur_colour_dominant;black
707;Country;USA
473;Fur_colour_dominant;black
933;Breed;Ragdoll
224;Country;USA
483;Allowed_outdoor;False
329;Fur_colour_dominant;red/cream
340;Age_in_years;2.0
1011;Allowed_outdoor;False
688;Country;Canada
949;Breed;Ragdoll
440;Fur_pattern;solid
211;Body_length;37
222;Fur_pattern;solid
251;Breed;Angora
710;Body_length;22
704;Country;USA
235;Age_in_years;7.17
989;Breed;Ragdoll
334;Fur_colour_dominant;red/cream
504;Body_length;42
376;Body_length;41
461;Breed;Maine coon
184;Age_in_years;6.83
749;Neutered_or_spayed;True
159;Age_in_years;5.92
394;Age_in_months;46
419;Breed;Maine coon
590;Breed;Maine coon
1045;Fur_pattern;solid
230;Allowed_outdoor;False
340;Allowed_outdoor;False
711;Fur_colour_dominant;seal
891;Allowed_outdoor;False
906;Weight;8.29
437;Fur_colour_dominant;black
303;Neutered_or_spayed;True
602;Age_in_months;118
997;Age_in_months;114
504;Age_in_years;7.0
433;Country;USA
298;Neutered_or_spayed;True
598;Age_in_months;84
21;Fur_pattern;solid
500;Breed;Maine coon
733;Breed;Ragdoll
669;Age_in_years;1.5
695;Country;USA
220;Breed;Angora
966;Fur_pattern;colorpoint
344;Fur_pattern;solid
181;Weight;2.4
1015;Neutered_or_spayed;True
201;Breed;Angora
350;Weight;11.3
636;Body_length;24
528;Body_length;48
160;Age_in_years;5.92
181;Country;Canada
317;Body_length;56
957;Age_in_months;103
60;Body_length;36
895;Allowed_outdoor;False
40;Fur_colour_dominant;black
738;Body_length;45
386;Country;Germany
875;Country;UK
127;Fur_colour_dominant;white
53;Age_in_months;27
396;Body_length;67
704;Neutered_or_spayed;True
484;Country;USA
969;Age_in_years;8.92
1054;Age_in_months;2
791;Country;USA
593;Weight;12.1
707;Body_length;31
782;Neutered_or_spayed;True
873;Breed;Ragdoll
94;Country;USA
284;Allowed_outdoor;False
869;Country;USA
1009;Age_in_months;117
7;Neutered_or_spayed;False
238;Weight;2.7
461;Fur_pattern;solid
96;Fur_colour_dominant;white
316;Weight;3.3
332;Country;UK
807;Fur_pattern;tortie
569;Neutered_or_spayed;False
993;Allowed_outdoor;False
530;Country;USA
727;Country;USA
548;Fur_colour_dominant;black
483;Country;USA
422;Age_in_years;4.83
824;Fur_pattern;colorpoint
896;Allowed_outdoor;False
683;Age_in_years;1.75
294;Neutered_or_spayed;False
649;Age_in_years;1.0
769;Neutered_or_spayed;False
72;Fur_pattern;solid
361;Breed;Maine coon
837;Country;USA
714;Country;USA
36;Age_in_months;20
75;Country;USA
834;Neutered_or_spayed;True
398;Fur_colour_dominant;black
350;Age_in_years;2.17
907;Neutered_or_spayed;True
421;Allowed_outdoor;True
553;Body_length;38
143;Age_in_years;5.33
909;Fur_colour_dominant;seal
273;Neutered_or_spayed;True
954;Country;USA
625;Fur_pattern;colorpoint
1036;Age_in_years;0.08
860;Fur_pattern;colorpoint
681;Neutered_or_spayed;True
283;Breed;Maine coon
605;Neutered_or_spayed;True
8;Age_in_years;0.58
879;Age_in_years;6.33
346;Breed;Maine coon
764;Age_in_months;41
612;Age_in_months;4
765;Fur_pattern;colorpoint
753;Country;USA
216;Fur_pattern;solid
226;Body_length;36
479;Weight;11.2
864;Age_in_months;73
15;Breed;Angora
543;Age_in_years;8.33
964;Fur_pattern;tortie
986;Age_in_months;111
412;Body_length;79
114;Weight;4.3
585;Weight;8.7
60;Neutered_or_spayed;True
1053;Fur_colour_dominant;white
153;Age_in_months;69
276;Weight;2.4
218;Allowed_outdoor;False
176;Breed;Angora
842;Age_in_years;5.58
145;Allowed_outdoor;False
228;Fur_colour_dominant;white
569;Breed;Maine coon
153;Fur_colour_dominant;white
562;Allowed_outdoor;False
636;Allowed_outdoor;False
961;Weight;6.46
501;Age_in_years;6.92
304;Weight;3.6
466;Allowed_outdoor;False
119;Neutered_or_spayed;False
397;Age_in_months;49
681;Breed;Ragdoll
713;Weight;6.77
1;Fur_pattern;solid
857;Weight;6.69
565;Age_in_months;88
334;Breed;Maine coon
384;Fur_colour_dominant;brown/chocolate
41;Fur_pattern;solid
899;Body_length;31
323;Fur_colour_dominant;brown/chocolate
637;Country;Germany
801;Country;USA
7;Age_in_months;7
454;Body_length;70
848;Country;Germany
427;Neutered_or_spayed;True
905;Neutered_or_spayed;True
459;Neutered_or_spayed;True
304;Fur_pattern;solid
73;Age_in_months;35
291;Breed;Maine coon
610;Age_in_years;0.33
463;Breed;Maine coon
382;Allowed_outdoor;False
1066;Allowed_outdoor;False
162;Allowed_outdoor;False
121;Allowed_outdoor;False
212;Allowed_outdoor;False
156;Neutered_or_spayed;True
705;Fur_pattern;colorpoint
404;Country;USA
732;Age_in_years;3.0
830;Breed;Ragdoll
765;Weight;8.5
1011;Breed;Ragdoll
798;Weight;4.75
874;Body_length;50
733;Fur_colour_dominant;seal
414;Fur_colour_dominant;black
655;Fur_colour_dominant;seal
843;Neutered_or_spayed;True
311;Body_length;54
743;Fur_pattern;colorpoint
311;Age_in_years;4.0
1002;Breed;Ragdoll
855;Age_in_months;70
760;Neutered_or_spayed;False
60;Age_in_months;28
147;Age_in_months;66
246;Allowed_outdoor;False
783;Allowed_outdoor;True
84;Fur_colour_dominant;white
237;Allowed_outdoor;False
957;Age_in_years;8.58
999;Allowed_outdoor;False
211;Fur_pattern;solid
773;Fur_pattern;colorpoint
806;Breed;Ragdoll
77;Fur_colour_dominant;black
778;Breed;Ragdoll
737;Fur_colour_dominant;brown/chocolate
225;Breed;Angora
312;Allowed_outdoor;False
486;Age_in_months;77
367;Fur_pattern;tabby
781;Body_length;45
773;Weight;8.33
1066;Neutered_or_spayed;False
983;Country;USA
1023;Allowed_outdoor;False
813;Country;USA
497;Fur_pattern;tabby
950;Country;USA
257;Allowed_outdoor;False
904;Age_in_months;87
613;Fur_pattern;colorpoint
177;Body_length;41
381;Fur_pattern;solid
275;Fur_pattern;tortie
691;Body_length;21
366;Fur_pattern;solid
206;Fur_pattern;solid
182;Age_in_months;81
1057;Body_length;15
442;Weight;11.6
1028;Fur_pattern;colorpoint
12;Allowed_outdoor;False
274;Neutered_or_spayed;True
1027;Country;USA
630;Country;USA
763;Weight;7.65
195;Allowed_outdoor;False
718;Fur_colour_dominant;seal
191;Age_in_years;7.17
742;Allowed_outdoor;False
902;Weight;6.34
26;Breed;Angora
984;Fur_colour_dominant;seal
713;Body_length;29
755;Fur_colour_dominant;brown/chocolate
945;Country;USA
208;Neutered_or_spayed;False
301;Allowed_outdoor;False
445;Fur_colour_dominant;brown/chocolate
537;Neutered_or_spayed;True
145;Neutered_or_spayed;True
299;Country;UK
631;Allowed_outdoor;False
542;Fur_pattern;solid
48;Allowed_outdoor;False
471;Age_in_months;74
335;Age_in_months;22
705;Age_in_months;27
332;Age_in_years;1.75
573;Age_in_years;9.0
713;Fur_colour_dominant;seal
705;Breed;Ragdoll
216;Fur_colour_dominant;white
688;Breed;Ragdoll
402;Breed;Maine coon
735;Body_length;50
699;Weight;4.57
696;Allowed_outdoor;False
954;Age_in_years;8.5
576;Body_length;88
444;Breed;Maine coon
747;Country;USA
134;Neutered_or_spayed;True
44;Fur_colour_dominant;black
33;Fur_pattern;solid
908;Country;USA
224;Body_length;41
1054;Body_length;14
858;Fur_pattern;mitted
1010;Age_in_months;56
1062;Weight;0.8
1070;Country;UK
129;Weight;4.7
197;Fur_colour_dominant;red/cream
447;Fur_pattern;solid
897;Breed;Ragdoll
722;Weight;4.65
788;Age_in_years;3.92
904;Country;USA
265;Country;UK
935;Neutered_or_spayed;True
496;Allowed_outdoor;False
832;Age_in_months;62
464;Age_in_years;5.83
418;Age_in_months;56
102;Age_in_years;4.17
784;Neutered_or_spayed;False
234;Age_in_years;8.58
759;Allowed_outdoor;False
537;Fur_colour_dominant;red/cream
381;Age_in_months;38
295;Breed;Maine coon
937;Fur_pattern;colorpoint
178;Age_in_years;6.58
493;Neutered_or_spayed;True
77;Neutered_or_spayed;True
647;Neutered_or_spayed;True
969;Fur_colour_dominant;seal
694;Body_length;23
846;Fur_pattern;colorpoint
873;Fur_pattern;colorpoint
709;Age_in_months;28
851;Age_in_years;5.67
897;Fur_colour_dominant;seal
491;Country;USA
48;Weight;3.8
138;Fur_colour_dominant;white
746;Age_in_months;38
950;Weight;6.76
635;Body_length;21
628;Neutered_or_spayed;False
811;Breed;Ragdoll
477;Country;USA
67;Breed;Angora
748;Breed;Ragdoll
543;Breed;Maine coon
651;Body_length;31
948;Weight;9.07
352;Weight;6.61
365;Breed;Maine coon
710;Age_in_years;2.42
717;Age_in_years;2.67
459;Country;Canada
37;Age_in_years;1.67
956;Age_in_months;103
852;Body_length;48
322;Fur_colour_dominant;black
225;Body_length;37
905;Breed;Ragdoll
261;Breed;Angora
578;Fur_colour_dominant;red/cream
569;Allowed_outdoor;False
557;Country;USA
336;Neutered_or_spayed;True
784;Breed;Ragdoll
404;Neutered_or_spayed;True
227;Breed;Angora
898;Fur_pattern;mitted
917;Fur_colour_dominant;seal
404;Allowed_outdoor;False
251;Neutered_or_spayed;False
386;Breed;Maine coon
252;Weight;3.9
688;Allowed_outdoor;False
401;Age_in_months;50
902;Body_length;50
995;Age_in_years;9.42
415;Fur_pattern;tabby
817;Country;USA
990;Age_in_months;67
866;Breed;Ragdoll
639;Body_length;23
1021;Country;USA
264;Country;UK
651;Allowed_outdoor;True
50;Breed;Angora
978;Fur_colour_dominant;seal
768;Fur_colour_dominant;red/cream
608;Body_length;21
531;Country;USA
1009;Fur_pattern;colorpoint
853;Breed;Ragdoll
386;Age_in_years;3.58
149;Country;Germany
232;Age_in_years;7.08
970;Age_in_years;8.92
798;Breed;Ragdoll
843;Body_length;46
578;Breed;Maine coon
121;Body_length;37
420;Age_in_months;57
420;Body_length;48
427;Weight;5.76
212;Fur_colour_dominant;white
728;Fur_colour_dominant;seal
673;Country;UK
154;Body_length;38
113;Weight;2.5
953;Body_length;47
310;Neutered_or_spayed;False
324;Country;UK
777;Fur_pattern;colorpoint
818;Country;USA
371;Neutered_or_spayed;True
590;Neutered_or_spayed;True
4;Neutered_or_spayed;False
499;Country;Germany
303;Age_in_months;17
28;Fur_colour_dominant;white
1069;Fur_pattern;tabby
148;Age_in_months;67
205;Age_in_years;7.67
11;Breed;Angora
729;Fur_pattern;colorpoint
835;Fur_colour_dominant;seal
411;Country;USA
353;Body_length;66
605;Country;USA
460;Age_in_years;5.75
609;Age_in_years;0.33
656;Fur_colour_dominant;brown/chocolate
433;Body_length;49
139;Fur_colour_dominant;white
474;Breed;Maine coon
444;Weight;7.1
362;Fur_colour_dominant;brown/chocolate
946;Neutered_or_spayed;False
907;Allowed_outdoor;False
311;Breed;Maine coon
755;Body_length;30
30;Neutered_or_spayed;False
91;Fur_colour_dominant;white
633;Country;Germany
480;Weight;6.92
143;Allowed_outdoor;False
512;Fur_colour_dominant;brown/chocolate
198;Weight;2.5
495;Fur_colour_dominant;brown/chocolate
791;Neutered_or_spayed;True
825;Neutered_or_spayed;False
298;Fur_pattern;bicolor
665;Age_in_years;1.33
136;Fur_pattern;solid
958;Fur_pattern;colorpoint
1020;Weight;4.06
558;Age_in_months;77
621;Weight;4.3
809;Breed;Ragdoll
406;Neutered_or_spayed;True
253;Neutered_or_spayed;True
552;Age_in_months;103
526;Weight;7.86
412;Allowed_outdoor;False
930;Age_in_months;94
827;Fur_pattern;colorpoint
1033;Age_in_months;1
700;Country;USA
16;Weight;3.4
420;Breed;Maine coon
286;Fur_pattern;solid
1017;Country;USA
43;Allowed_outdoor;False
972;Neutered_or_spayed;False
947;Fur_colour_dominant;red/cream
760;Fur_pattern;colorpoint
831;Neutered_or_spayed;False
235;Breed;Angora
489;Weight;9.4
761;Fur_pattern;tortie
908;Allowed_outdoor;False
300;Age_in_months;57
826;Neutered_or_spayed;True
472;Weight;5.0
46;Breed;Angora
419;Age_in_years;4.75
426;Body_length;56
176;Weight;4.2
369;Breed;Maine coon
858;Country;USA
825;Age_in_years;4.92
725;Age_in_months;34
547;Country;USA
155;Neutered_or_spayed;True
400;Breed;Maine coon
893;Age_in_years;7.0
226;Age_in_years;4.0
21;Age_in_months;52
199;Country;USA
416;Age_in_months;55
622;Allowed_outdoor;False
213;Age_in_months;94
1067;Country;UK
435;Country;USA
279;Breed;Angora
425;Fur_colour_dominant;white
832;Body_length;50
415;Body_length;58
1056;Weight;0.7
940;Allowed_outdoor;False
660;Weight;4.3
297;Age_in_years;0.75
337;Age_in_years;1.92
1032;Fur_pattern;bicolor
372;Fur_colour_dominant;black
552;Fur_colour_dominant;red/cream
580;Allowed_outdoor;False
859;Breed;Ragdoll
263;Fur_pattern;solid
333;Age_in_months;21
761;Age_in_years;3.33
698;Country;USA
539;Allowed_outdoor;True
369;Age_in_months;34
126;Breed;Angora
348;Age_in_years;2.17
843;Fur_colour_dominant;seal
482;Body_length;41
730;Age_in_years;2.92
728;Breed;Ragdoll
717;Fur_colour_dominant;seal
833;Neutered_or_spayed;False
77;Fur_pattern;solid
785;Weight;6.89
204;Breed;Angora
481;Allowed_outdoor;False
464;Fur_pattern;solid
312;Weight;5.2
206;Body_length;33
510;Allowed_outdoor;True
88;Fur_colour_dominant;white
962;Country;USA
814;Allowed_outdoor;False
456;Breed;Maine coon
698;Neutered_or_spayed;True
865;Age_in_years;6.08
988;Age_in_months;111
958;Weight;6.61
711;Neutered_or_spayed;False
519;Allowed_outdoor;False
531;Age_in_months;92
622;Age_in_months;5
1032;Allowed_outdoor;False
388;Age_in_months;43
493;Body_length;56
518;Weight;5.28
115;Body_length;37
76;Fur_pattern;tabby
301;Breed;Maine coon
73;Country;USA
394;Allowed_outdoor;False
192;Fur_colour_dominant;white
16;Fur_pattern;solid
881;Allowed_outdoor;False
305;Breed;Maine coon
163;Age_in_years;6.08
174;Country;USA
520;Neutered_or_spayed;True
895;Weight;7.22
1036;Weight;0.9
630;Allowed_outdoor;False
329;Age_in_months;21
547;Allowed_outdoor;False
372;Fur_pattern;bicolor
87;Body_length;39
14;Neutered_or_spayed;False
328;Breed;Maine coon
475;Country;USA
945;Neutered_or_spayed;False
183;Neutered_or_spayed;True
303;Breed;Maine coon
28;Age_in_months;64
788;Fur_pattern;colorpoint
844;Neutered_or_spayed;False
456;Neutered_or_spayed;False
540;Breed;Maine coon
293;Country;UK
203;Age_in_months;91
539;Fur_pattern;solid
666;Weight;3.8
781;Country;USA
746;Breed;Ragdoll
336;Age_in_years;1.92
830;Fur_colour_dominant;red/cream
1012;Fur_colour_dominant;seal
18;Fur_pattern;solid
716;Country;USA
1034;Neutered_or_spayed;False
980;Neutered_or_spayed;False
482;Age_in_years;6.33
785;Age_in_years;3.83
447;Allowed_outdoor;False
767;Fur_pattern;colorpoint
733;Neutered_or_spayed;True
529;Breed;Maine coon
201;Weight;3.3
756;Body_length;50
1045;Allowed_outdoor;False
702;Age_in_years;2.17
136;Neutered_or_spayed;True
867;Body_length;40
399;Fur_pattern;bicolor
408;Breed;Maine coon
753;Neutered_or_spayed;True
1052;Neutered_or_spayed;False
672;Allowed_outdoor;False
618;Neutered_or_spayed;False
610;Body_length;21
53;Breed;Angora
964;Allowed_outdoor;False
643;Country;Germany
602;Neutered_or_spayed;False
985;Age_in_months;111
155;Age_in_years;5.75
259;Fur_pattern;bicolor
879;Neutered_or_spayed;True
181;Fur_colour_dominant;white
44;Allowed_outdoor;True
340;Fur_pattern;solid
861;Neutered_or_spayed;False
680;Fur_colour_dominant;seal
602;Breed;Maine coon
301;Age_in_months;13
946;Allowed_outdoor;False
157;Age_in_years;5.92
785;Neutered_or_spayed;True
369;Fur_colour_dominant;red/cream
876;Age_in_years;6.25
171;Age_in_months;78
599;Breed;Maine coon
199;Neutered_or_spayed;False
805;Breed;Ragdoll
624;Body_length;25
375;Neutered_or_spayed;True
648;Allowed_outdoor;False
609;Body_length;21
634;Fur_colour_dominant;seal
742;Weight;6.39
1052;Age_in_months;2
349;Breed;Maine coon
71;Fur_pattern;solid
872;Age_in_years;6.17
736;Weight;5.5
852;Weight;5.73
481;Age_in_months;76
691;Age_in_months;24
540;Fur_colour_dominant;black
99;Body_length;37
575;Neutered_or_spayed;False
747;Fur_colour_dominant;red/cream
707;Breed;Ragdoll
28;Weight;4.6
391;Body_length;67
492;Age_in_months;81
159;Weight;3.9
1008;Fur_pattern;colorpoint
648;Breed;Ragdoll
278;Weight;4.4
143;Country;Germany
499;Weight;6.98
487;Allowed_outdoor;False
394;Body_length;42
365;Fur_colour_dominant;black
157;Country;USA
334;Body_length;58
936;Fur_colour_dominant;seal
1033;Fur_pattern;tortie
494;Age_in_years;6.83
936;Breed;Ragdoll
404;Weight;8.68
326;Weight;5.0
107;Body_length;35
744;Fur_pattern;colorpoint
542;Allowed_outdoor;False
958;Age_in_years;8.58
850;Fur_colour_dominant;red/cream
1025;Age_in_months;1
519;Age_in_years;7.25
397;Body_length;49
80;Neutered_or_spayed;False
287;Breed;Maine coon
876;Neutered_or_spayed;False
687;Neutered_or_spayed;True
677;Allowed_outdoor;False
595;Fur_pattern;solid
502;Fur_colour_dominant;black
302;Fur_colour_dominant;white
910;Age_in_years;7.5
1029;Age_in_years;0.08
172;Age_in_years;6.5
882;Breed;Ragdoll
642;Neutered_or_spayed;True
269;Age_in_years;3.0
606;Fur_pattern;tortie
210;Body_length;41
174;Age_in_months;78
382;Age_in_months;39
788;Allowed_outdoor;False
650;Neutered_or_spayed;False
681;Age_in_years;1.67
761;Age_in_months;40
583;Age_in_years;9.42
811;Age_in_months;56
290;Weight;3.6
294;Age_in_months;9
210;Age_in_months;93
388;Country;USA
881;Country;UK
929;Neutered_or_spayed;True
416;Neutered_or_spayed;True
593;Allowed_outdoor;False
717;Weight;6.15
157;Neutered_or_spayed;True
481;Weight;8.13
1019;Age_in_years;9.92
350;Breed;Maine coon
55;Fur_pattern;solid
707;Fur_pattern;colorpoint
814;Body_length;42
631;Age_in_months;6
1013;Age_in_years;9.83
870;Age_in_years;6.17
206;Allowed_outdoor;True
445;Body_length;57
752;Age_in_years;3.25
633;Fur_pattern;colorpoint
196;Fur_colour_dominant;white
231;Breed;Angora
289;Body_length;36
1042;Allowed_outdoor;False
322;Age_in_months;19
205;Age_in_months;92
923;Allowed_outdoor;False
258;Country;USA
942;Fur_pattern;tortie
125;Neutered_or_spayed;True
136;Allowed_outdoor;False
306;Fur_colour_dominant;black
841;Fur_pattern;colorpoint
504;Breed;Maine coon
942;Fur_colour_dominant;seal
25;Breed;Angora
209;Fur_colour_dominant;white
287;Weight;3.0
1066;Body_length;12
393;Country;USA
115;Fur_pattern;solid
527;Age_in_months;90
709;Body_length;28
734;Allowed_outdoor;False
668;Breed;Ragdoll
981;Age_in_years;9.17
465;Weight;10.4
856;Weight;7.08
388;Fur_pattern;solid
566;Neutered_or_spayed;True
660;Country;Canada
303;Fur_pattern;solid
124;Weight;4.9
632;Body_length;22
367;Age_in_months;32
176;Allowed_outdoor;False
161;Age_in_years;6.0
1019;Weight;6.07
513;Fur_colour_dominant;black
352;Allowed_outdoor;False
927;Allowed_outdoor;False
915;Age_in_years;7.58
376;Breed;Maine coon
996;Age_in_years;9.42
482;Age_in_months;76
324;Weight;4.5
480;Allowed_outdoor;True
443;Country;Canada
438;Neutered_or_spayed;True
377;Neutered_or_spayed;True
69;Allowed_outdoor;True
189;Neutered_or_spayed;True
166;Age_in_years;6.25
365;Weight;9.6
133;Neutered_or_spayed;True
906;Allowed_outdoor;False
102;Body_length;37
1039;Neutered_or_spayed;False
543;Neutered_or_spayed;False
776;Breed;Ragdoll
911;Age_in_years;7.58
821;Allowed_outdoor;False
872;Weight;6.84
1068;Country;UK
628;Weight;4.1
727;Body_length;51
830;Allowed_outdoor;False
1057;Country;USA
84;Allowed_outdoor;False
384;Country;Germany
507;Weight;8.23
298;Weight;4.0
286;Weight;3.0
135;Weight;2.7
627;Age_in_years;1.08
201;Age_in_months;89
240;Neutered_or_spayed;False
238;Body_length;34
365;Neutered_or_spayed;True
1056;Fur_colour_dominant;white
154;Age_in_months;69
621;Country;UK
536;Fur_colour_dominant;black
76;Age_in_years;3.08
1038;Fur_colour_dominant;red/cream
846;Country;Germany
403;Breed;Maine coon
939;Breed;Ragdoll
665;Country;Canada
453;Fur_pattern;solid
744;Neutered_or_spayed;True
354;Weight;8.47
143;Neutered_or_spayed;False
96;Age_in_years;3.92
297;Fur_colour_dominant;black
763;Fur_pattern;colorpoint
1063;Weight;0.7
987;Fur_colour_dominant;seal
165;Age_in_years;6.08
808;Allowed_outdoor;False
610;Fur_colour_dominant;seal
20;Weight;3.9
685;Fur_colour_dominant;seal
150;Weight;4.3
771;Country;France
168;Age_in_years;6.25
585;Age_in_months;113
749;Fur_pattern;colorpoint
605;Breed;Maine coon
122;Allowed_outdoor;False
963;Allowed_outdoor;False
541;Neutered_or_spayed;False
95;Body_length;37
527;Fur_pattern;solid
940;Fur_pattern;colorpoint
854;Age_in_months;70
506;Fur_pattern;tabby
996;Weight;9.15
932;Weight;6.28
961;Allowed_outdoor;False
998;Allowed_outdoor;False
75;Breed;Angora
813;Neutered_or_spayed;False
187;Fur_colour_dominant;white
796;Age_in_years;4.33
28;Fur_pattern;solid
819;Neutered_or_spayed;False
557;Body_length;65
601;Body_length;76
156;Fur_colour_dominant;white
893;Fur_pattern;colorpoint
1045;Age_in_years;0.17
242;Neutered_or_spayed;True
916;Weight;5.04
469;Neutered_or_spayed;False
454;Weight;4.6
859;Weight;5.71
546;Breed;Maine coon
234;Allowed_outdoor;False
967;Country;USA
956;Fur_colour_dominant;seal
961;Body_length;48
395;Country;USA
577;Country;USA
993;Age_in_months;113
362;Weight;7.15
