881;Country;Thailand
49;Country;Japan
242;Country;Turkey
82;Country;USA
585;Country;Luxembourg
83;Country;Morocco
564;Country;Greece
10;Country;France
694;Country;United Kingdom
398;Country;Denmark
267;Country;USA
765;Country;Norway
879;Country;Lebanon
504;Country;Singapore
450;Country;Ireland
418;Country;Pakistan
599;Country;Taiwan
883;Country;USA
586;Country;Sweden
647;Country;China
796;Country;China
143;Country;Sweden
566;Country;USA
544;Country;Nigeria
178;Country;Israel
492;Country;United Kingdom
507;Country;Panama
217;Country;Germany
330;Country;USA
533;Country;Jordan
314;Country;USA
457;Country;USA
122;Country;USA
650;Country;China
520;Country;Kuwait
829;Country;Japan
50;Country;Saudi Arabia
541;Country;Germany
173;Country;Japan
616;Country;Mexico
767;Country;Spain
612;Country;Afghanistan
665;Country;USA
630;Country;Austria
256;Country;China
723;Country;United Kingdom
366;Country;Thailand
588;Country;Japan
557;Country;Cte dIvoire
755;Country;Ethiopia
741;Country;Germany
99;Country;China
617;Country;Australia
531;Country;China
89;Country;Slovakia (Slovak Republic)
224;Country;Belgium
705;Country;Saudi Arabia
795;Country;Germany
800;Country;Taiwan
33;Country;State of Libya
298;Country;USA
540;Country;South Africa
856;Country;Belgium
286;Country;United Kingdom
149;Country;Thailand
651;Country;Nigeria
152;Country;United Kingdom
322;Country;United Kingdom
140;Country;USA
110;Country;Japan
229;Country;China
775;Country;Switzerland
240;Country;Israel
272;Country;Austria
501;Country;Mexico
510;Country;South Africa
320;Country;China
137;Country;Panama
79;Country;Reunion
176;Country;USA
639;Country;USA
37;Country;China
776;Country;USA
462;Country;Turkey
779;Country;China
415;Country;France
579;Country;Costa Rica
556;Country;Russian Federation
441;Country;France
601;Country;Cte dIvoire
16;Country;Germany
513;Country;Iraq
262;Country;United Kingdom
703;Country;Spain
842;Country;United Kingdom
141;Country;Chile
570;Country;United Arab Emirates
768;Country;USA
15;Country;USA
192;Country;China
526;Country;Ireland
898;Country;United Kingdom
889;Country;Italy
147;Country;USA
36;Country;Azerbaijan
626;Country;Canada
679;Country;Indonesia
24;Country;Turkey
145;Country;Romania
589;Country;Switzerland
740;Country;Canada
361;Country;Taiwan
219;Country;China
180;Country;Sweden
600;Country;USA
456;Country;China
95;Country;USA
221;Country;Thailand
863;Country;France
253;Country;Tanzania United Republic of
769;Country;India
621;Country;Belgium
523;Country;Japan
408;Country;Brazil
760;Country;USA
127;Country;Japan
742;Country;Greece
836;Country;Rwanda
569;Country;United Kingdom
516;Country;China
362;Country;France
481;Country;Belgium
726;Country;Bangladesh
203;Country;Romania
300;Country;USA
199;Country;Brazil
595;Country;USA
382;Country;New Zealand
435;Country;Uzbekistan
355;Country;Saudi Arabia
311;Country;China
847;Country;USA
466;Country;Ireland
135;Country;United Arab Emirates
32;Country;China
841;Country;Russian Federation
305;Country;Canada
139;Country;Belgium
304;Country;Niger
130;Country;United Arab Emirates
568;Country;China
289;Country;Australia
388;Country;Sweden
290;Country;USA
667;Country;United Kingdom
76;Country;USA
546;Country;France
2;Country;Ireland
625;Country;Romania
436;Country;United Arab Emirates
101;Country;Angola
604;Country;Russian Federation
869;Country;Ireland
444;Country;China
858;Country;USA
486;Country;Cameroon
218;Country;USA
731;Country;Kuwait
60;Country;Singapore
608;Country;Bolivia
371;Country;Brazil
811;Country;Dominican Republic
174;Country;USA
437;Country;Argentina
763;Country;Malaysia
468;Country;USA
525;Country;Canada
357;Country;Angola
48;Country;South Africa
151;Country;Germany
72;Country;Italy
384;Country;USA
6;Country;Argentina
346;Country;United Kingdom
196;Country;Zimbabwe
610;Country;Turkmenistan
485;Country;China
609;Country;Canada
187;Country;Kenya
551;Country;Netherlands
226;Country;USA
732;Country;Canada
41;Country;USA
664;Country;Malta
265;Country;USA
491;Country;Unidentified
158;Country;USA
18;Country;Germany
58;Country;Spain
686;Country;Indonesia
244;Country;Colombia
727;Country;Brazil
93;Country;United Arab Emirates
403;Country;China
707;Country;India
136;Country;USA
670;Country;USA
368;Country;Australia
891;Country;Switzerland
497;Country;Portugal
537;Country;France
142;Country;Nigeria
458;Country;Canada
845;Country;Malaysia
472;Country;Singapore
886;Country;Australia
424;Country;Italy
236;Country;Colombia
885;Country;USA
648;Country;Israel
538;Country;Germany
888;Country;Mexico
549;Country;Japan
722;Country;Mexico
312;Country;USA
821;Country;Taiwan
676;Country;China
527;Country;USA
11;Country;United Kingdom
771;Country;Syrian Arab Republic
397;Country;Singapore
281;Country;Madagascar
3;Country;Netherlands
87;Country;Czech Republic
826;Country;Kenya
467;Country;United Kingdom
369;Country;Canada
451;Country;Canada
325;Country;Netherlands
168;Country;USA
780;Country;China
216;Country;Switzerland
228;Country;Jamaica
344;Country;USA
433;Country;Japan
855;Country;United Kingdom
189;Country;USA
700;Country;Tanzania United Republic of
807;Country;Nigeria
162;Country;Canada
718;Country;Congo the Democratic Republic
846;Country;Ghana
181;Country;USA
484;Country;USA
810;Country;USA
825;Country;USA
316;Country;Turkmenistan
677;Country;USA
555;Country;USA
29;Country;USA
276;Country;Indonesia
341;Country;Mauritania
786;Country;USA
853;Country;USA
873;Country;Norway
5;Country;Russian Federation
567;Country;Vietnam
734;Country;United Kingdom
386;Country;Chile
275;Country;Serbia
207;Country;Saudi Arabia
440;Country;Japan
396;Country;USA
354;Country;Portugal
337;Country;Ireland
471;Country;Indonesia
691;Country;USA
389;Country;USA
4;Country;USA
666;Country;China
348;Country;Luxembourg
116;Country;United Arab Emirates
809;Country;USA
328;Country;Kazakhstan
724;Country;USA
817;Country;Israel
258;Country;USA
729;Country;USA
482;Country;USA
759;Country;Gabon
596;Country;Algeria
80;Country;Saudi Arabia
762;Country;Chile
1;Country;USA
593;Country;Denmark
292;Country;Ireland
753;Country;Sudan
248;Country;USA
840;Country;Ireland
835;Country;USA
78;Country;Japan
806;Country;China
405;Country;United Kingdom
254;Country;Jordan
493;Country;USA
562;Country;USA
119;Country;Italy
153;Country;Nigeria
126;Country;Mozambique
359;Country;Poland
693;Country;USA
578;Country;United Kingdom
628;Country;El Salvador
536;Country;Germany
709;Country;Canada
637;Country;Canada
892;Country;USA
849;Country;United Kingdom
495;Country;USA
377;Country;Germany
654;Country;Nauru
535;Country;Australia
177;Country;Slovenia
266;Country;USA
449;Country;China
363;Country;Angola
406;Country;United Kingdom
552;Country;Taiwan
315;Country;Czech Republic
118;Country;Kenya
752;Country;USA
717;Country;Belgium
706;Country;Singapore
400;Country;USA
191;Country;China
635;Country;Ireland
215;Country;Dominican Republic
583;Country;Iceland
169;Country;India
7;Country;Indonesia
321;Country;France
802;Country;Morocco
22;Country;Ireland
799;Country;USA
401;Country;Taiwan
539;Country;Slovakia (Slovak Republic)
603;Country;China
683;Country;Japan
509;Country;Japan
867;Country;USA
784;Country;Nigeria
895;Country;Uzbekistan
47;Country;USA
747;Country;USA
220;Country;Ireland
452;Country;USA
51;Country;Malta
681;Country;Canada
801;Country;Argentina
285;Country;Turkey
530;Country;South Korea
550;Country;Netherlands
387;Country;USA
74;Country;Switzerland
714;Country;USA
577;Country;China
480;Country;Germany
797;Country;China
17;Country;Turkey
44;Country;Brunei Darussalam
745;Country;France
102;Country;USA
682;Country;United Kingdom
750;Country;France
427;Country;Germany
115;Country;India
417;Country;United Kingdom
506;Country;Norway
708;Country;Venezuela
246;Country;Yemen
351;Country;Tanzania United Republic of
483;Country;Venezuela
876;Country;Serbia
347;Country;Ireland
96;Country;USA
631;Country;India
460;Country;USA
597;Country;Sweden
711;Country;USA
98;Country;Peru
487;Country;Taiwan
407;Country;Lebanon
252;Country;Cyprus
167;Country;Germany
59;Country;Singapore
399;Country;USA
785;Country;Uruguay
157;Country;USA
19;Country;Hungary
479;Country;Australia
268;Country;Turkey
744;Country;Israel
675;Country;USA
165;Country;China
662;Country;Luxembourg
273;Country;Cameroon
27;Country;Germany
787;Country;China
704;Country;Italy
543;Country;USA
816;Country;Switzerland
571;Country;Algeria
70;Country;Ireland
494;Country;Jordan
308;Country;China
208;Country;Russian Federation
214;Country;USA
372;Country;Unidentified
194;Country;Spain
574;Country;Canada
476;Country;United Arab Emirates
282;Country;United Kingdom
375;Country;China
313;Country;Japan
594;Country;Japan
197;Country;USA
277;Country;Serbia
55;Country;Brazil
896;Country;Congo the Democratic Republic
667;Customer_Name;British Airtours
650;Customer_Name;Juneyao Air Co. LTD.
248;Customer_Name;Trans Carib Air
263;Customer_Name;Trans-Australia Airlines
136;Customer_Name;Playboy
523;Customer_Name;All Nippon Airways Co. Ltd.
679;Customer_Name;Indonesian Air Force-DUPLICATE
312;Customer_Name;Atlas Air Inc.
568;Customer_Name;9 Air
865;Customer_Name;DHL International
402;Customer_Name;Ethiopian Airlines Group
779;Customer_Name;Shanghai Airlines
675;Customer_Name;Pacific Air Lines
750;Customer_Name;AOM French Airlines
239;Customer_Name;West Coast Airlines - UK (Inac
197;Customer_Name;Transtar Airlines Corporation
5;Customer_Name;Volga-Dnepr UK Ltd
86;Customer_Name;Martinair Cargo
199;Customer_Name;Transbrasil
169;Customer_Name;Vistara
466;Customer_Name;Standard Chartered Aviation Fi
142;Customer_Name;Arik Air
413;Customer_Name;Republic Airlines
228;Customer_Name;Air Jamaica-See CBL
419;Customer_Name;NAS Aviation Services LLC
203;Customer_Name;TAROM Romanian Air Transport
78;Customer_Name;BDS Japan International Tanker
301;Customer_Name;Aviation Service & Support
194;Customer_Name;Air Europa
527;Customer_Name;BBAM Aircraft Management LP
389;Customer_Name;American Flyers Airlines
601;Customer_Name;Air Afrique
671;Customer_Name;EVA Air
112;Customer_Name;Dubai Aerospace Enterprise
351;Customer_Name;Tanzania
186;Customer_Name;Cruzeiro
574;Customer_Name;Canadian Airlines
421;Customer_Name;ALAFCO
368;Customer_Name;Ansett Australia
768;Customer_Name;NEA Holdings Inc.
401;Customer_Name;EVA Air
897;Customer_Name;Singapore Airlines
596;Customer_Name;Tassili Airlines
65;Customer_Name;Jeju Air
181;Customer_Name;Aviation Capital Group
824;Customer_Name;Japan Domestic Airlines
204;Customer_Name;Jetstar - Duplicated (See JSA)
618;Customer_Name;Eastern Air Lines
579;Customer_Name;Avianca Costa Rica
279;Customer_Name;DHL
629;Customer_Name;Hainan Airlines Holding
254;Customer_Name;Hashemite Kingdom of Jordan
208;Customer_Name;Sberbank Leasing
716;Customer_Name;ATAircraft One
819;Customer_Name;Business Jet / VIP Customer(s)
182;Customer_Name;Nepal Airlines Corporation
585;Customer_Name;Cargolux Airlines Internationa
589;Customer_Name;Balair/CTA
404;Customer_Name;Voyager Aviation Aircraft Leas
74;Customer_Name;Maritime Investment & Shipping
708;Customer_Name;Aeropostal
432;Customer_Name;Dutch Caribbean Airlines
392;Customer_Name;Panair do Brasil
476;Customer_Name;flydubai
47;Customer_Name;Altavair LLC
167;Customer_Name;LTU
723;Customer_Name;Orion Airways
857;Customer_Name;Germanwings GmbH
323;Customer_Name;Wien Air Alaska
868;Customer_Name;Japan ASDF Tanker
828;Customer_Name;Germanwings GmbH
816;Customer_Name;Swissair
153;Customer_Name;Nigeria Airways
652;Customer_Name;Business Aerotech
334;Customer_Name;Aero Lloyd
505;Customer_Name;Southern Air Transport
64;Customer_Name;Air France-KLM Group
627;Customer_Name;China Cargo
895;Customer_Name;Uzbekistan Airways
448;Customer_Name;Air New Zealand
730;Customer_Name;Germania
52;Customer_Name;VASP Airlines
456;Customer_Name;ICBC Leasing
660;Customer_Name;Brussels Airlines SA/NV
363;Customer_Name;TAAG Angola Airlines
480;Customer_Name;Lufthansa Cargo
721;Customer_Name;Air Astana
94;Customer_Name;PrivatAir
551;Customer_Name;Air Holland Leasing
201;Customer_Name;Ceiba Intercontinental
707;Customer_Name;BDS Indian Navy P-8I
435;Customer_Name;Uzbekistan Airways
211;Customer_Name;Smartwings a.s.
569;Customer_Name;West Coast Airlines - UK (Inac
528;Customer_Name;Qatar Airways
278;Customer_Name;BLF Ltd.
221;Customer_Name;Nok Air
642;Customer_Name;SAHSA
479;Customer_Name;Virgin Australia
691;Customer_Name;Hawaiian Airlines
837;Customer_Name;Ardennes Epsilon
262;Customer_Name;TUI Travel PLC
597;Customer_Name;Malmo Aviation
73;Customer_Name;US Airways Inc.
823;Customer_Name;Nepal Airlines Corporation
744;Customer_Name;EL AL Israel Airlines
234;Customer_Name;Cruzeiro
155;Customer_Name;PACE Airlines
863;Customer_Name;Aeromaritime
594;Customer_Name;Japan Airlines
28;Customer_Name;Jade Cargo International
241;Customer_Name;Nippon Cargo Airlines
725;Customer_Name;Norwegian Air Shuttle
441;Customer_Name;UTA
812;Customer_Name;Great China Airlines
826;Customer_Name;East African Airways
686;Customer_Name;Sriwijaya Air
727;Customer_Name;Federative Republic of Brazil
267;Customer_Name;Executive Jet Aviation
227;Customer_Name;BDS Australia P-8
509;Customer_Name;Sumitomo Corporation
244;Customer_Name;Avianca
96;Customer_Name;U.S. Air Force
319;Customer_Name;Saturn Airways
55;Customer_Name;GOL Linhas Aereas
739;Customer_Name;Western Pacific Airlines
367;Customer_Name;Fiji Airways
689;Customer_Name;Royal Thai Air Force
898;Customer_Name;British Eagle International
164;Customer_Name;M&T Aviation USA Inc
662;Customer_Name;Luxair
369;Customer_Name;Pacific Western Airlines
873;Customer_Name;SAS Norway
386;Customer_Name;LADECO
192;Customer_Name;Air China Cargo
70;Customer_Name;GPA Group
420;Customer_Name;Air Namibia
669;Customer_Name;Australian Wedgetail
259;Customer_Name;easyJet
690;Customer_Name;U-Land Airlines
609;Customer_Name;Dome Petroleum
572;Customer_Name;Air Charter
508;Customer_Name;Trans-Australia Airlines
820;Customer_Name;Jet Lite
10;Customer_Name;AOM French Airlines
565;Customer_Name;BDS Japan International Tanker
120;Customer_Name;Garuda Indonesia
193;Customer_Name;Delta Air Lines
308;Customer_Name;China Northern Airlines
543;Customer_Name;Transamerica Airlines
814;Customer_Name;Iraqi Airways
352;Customer_Name;Standard Chartered Aviation Fi
325;Customer_Name;Transavia Airlines
556;Customer_Name;Aeroflot - Russian Airlines
33;Customer_Name;Libyan Airlines
673;Customer_Name;AirCal
224;Customer_Name;Air Belgium
887;Customer_Name;Canadian Air Force
124;Customer_Name;Nordair
14;Customer_Name;Aeropostal
95;Customer_Name;Hughes Airwest Inc.
225;Customer_Name;GATX Financial Corporation
544;Customer_Name;Midway Airlines
11;Customer_Name;Air Europe
592;Customer_Name;LAM
122;Customer_Name;Frontier Airlines
84;Customer_Name;United Airlines
799;Customer_Name;Itel Air
496;Customer_Name;Gulf Air
395;Customer_Name;TAME
161;Customer_Name;Vietnam Airlines
586;Customer_Name;Transair Sweden
808;Customer_Name;Ukraine International Airlines
378;Customer_Name;China Eastern Yunnan Airlines
613;Customer_Name;Transtar Airlines Corporation
409;Customer_Name;Korean Air
482;Customer_Name;Boullioun Aviation Services
502;Customer_Name;Continent Air Paris
63;Customer_Name;LTU
177;Customer_Name;Adria Airways d.d.
553;Customer_Name;Transamerica Airlines
19;Customer_Name;Malev Hungarian Airlines Ltd.
467;Customer_Name;BDS UK P-8
433;Customer_Name;All Nippon Airways Co. Ltd.
388;Customer_Name;KB Flygplanet
116;Customer_Name;Novus Aviation Capital
608;Customer_Name;LAB
728;Customer_Name;Jackson Square Aviation
499;Customer_Name;Air Serbia
881;Customer_Name;Thai Airways International
405;Customer_Name;buzz
172;Customer_Name;Air Jamaica-See CBL
530;Customer_Name;Korean Air
9;Customer_Name;ATA Airlines Inc.
472;Customer_Name;MSA-Malaysia/Singapore A/L
514;Customer_Name;Aloha Airlines
705;Customer_Name;Kingdom of Saudi Arabia
289;Customer_Name;Australian Airlines Limited
492;Customer_Name;British Eagle International
632;Customer_Name;Delta Air Lines
231;Customer_Name;Canadian Air Force
298;Customer_Name;Panagra Cargo
138;Customer_Name;America West Airlines
428;Customer_Name;MIAT Mongolian Airlines
843;Customer_Name;Turkish Airlines
735;Customer_Name;Silk Way Airlines
713;Customer_Name;CALC Aircraft Assets Limited
658;Customer_Name;BDS USAF Tanker Program
871;Customer_Name;Transair Sweden
315;Customer_Name;CSA
693;Customer_Name;Southwest Airlines
475;Customer_Name;British Royal Air Force
734;Customer_Name;Monarch Airlines
752;Customer_Name;Aviation Capital Group
15;Customer_Name;U.S. Air Force
516;Customer_Name;ICBC Leasing
487;Customer_Name;Republic of China Air Force
135;Customer_Name;Etihad Airways
371;Customer_Name;GOL Linhas Aereas
878;Customer_Name;BLF Ltd.
119;Customer_Name;Italian Air Force Tanker
465;Customer_Name;LoadAir Cargo
532;Customer_Name;SABENA Aerospace
624;Customer_Name;Saudi Arabian Airlines
666;Customer_Name;China Xinhua Airlines
97;Customer_Name;AOF Leasing
305;Customer_Name;Transair (Inactive)
794;Customer_Name;LATAM Airlines Brasil
326;Customer_Name;Qantas Airways
31;Customer_Name;Tanzania
89;Customer_Name;SkyEurope
497;Customer_Name;Air Atlantis
237;Customer_Name;Sudan Airways
372;Customer_Name;Unidentified Customer(s)
694;Customer_Name;Novair International Airways
118;Customer_Name;Kenya Airways
623;Customer_Name;Zhongyuan Airlines
525;Customer_Name;Eastern Provincial Airways
678;Customer_Name;SABENA Aerospace
121;Customer_Name;Bonanza Airlines
535;Customer_Name;Ansett Worldwide Av. Equipment
359;Customer_Name;LOT Polish Airlines
217;Customer_Name;Lufthansa
12;Customer_Name;Pegasus Airlines
108;Customer_Name;Etihad Airways
406;Customer_Name;MyTravel Airways
769;Customer_Name;Jet Airways
242;Customer_Name;Cyprus Turkish Airlines (KTHY)
146;Customer_Name;Japan Airlines Co. Ltd.
854;Customer_Name;Altavair LLC
93;Customer_Name;National Airlines
641;Customer_Name;Iraqi Airways
216;Customer_Name;Flightlease
105;Customer_Name;SAS Norway
226;Customer_Name;Atlas Air Inc.
51;Customer_Name;Air Malta
860;Customer_Name;Noga Export Import
253;Customer_Name;Air Tanzania
634;Customer_Name;Air Europa
223;Customer_Name;Trans European Airways
328;Customer_Name;Air Astana
191;Customer_Name;Hainan Airlines Holding
159;Customer_Name;Silk Way Airlines
753;Customer_Name;Sudan Airways
684;Customer_Name;Lauda Air
98;Customer_Name;FUERZA AEREA DEL PERU
655;Customer_Name;Pakistan International Airline
408;Customer_Name;VASP Airlines
877;Customer_Name;Air Berlin
795;Customer_Name;German Air Force
252;Customer_Name;Skyways Leasing
71;Customer_Name;MarkAir
346;Customer_Name;BDS UK P-8
418;Customer_Name;Pakistan International Airline
445;Customer_Name;Enter Air Sp. z o.o.
127;Customer_Name;Government of Japan
356;Customer_Name;PLUNA
495;Customer_Name;Standard Airways
840;Customer_Name;Avolon - Ireland
838;Customer_Name;Syrianair
166;Customer_Name;GATX Jet Partners Ltd.
339;Customer_Name;Pacific Northern
415;Customer_Name;Transavia Company SAS
748;Customer_Name;Goiania
489;Customer_Name;Aerolineas Argentinas
410;Customer_Name;VivaAerobus
825;Customer_Name;United Airlines
882;Customer_Name;SpiceJet
459;Customer_Name;Republic of Senegal
255;Customer_Name;Presidential Flight
68;Customer_Name;Air Algerie
595;Customer_Name;Tigerair
611;Customer_Name;TunisAir
45;Customer_Name;China Eastern Yunnan Airlines
174;Customer_Name;Northwest-Merged w Delta
704;Customer_Name;Alitalia
668;Customer_Name;ITOCHU Corporation
335;Customer_Name;Essex Wire Corp.
656;Customer_Name;TAME
212;Customer_Name;China Southern Airlines
380;Customer_Name;Norwegian Air Shuttle
717;Customer_Name;Brussels Airlines SA/NV
188;Customer_Name;NASA
60;Customer_Name;SilkAir
849;Customer_Name;buzz
807;Customer_Name;Midway Airlines
588;Customer_Name;ITOCHU Corporation
280;Customer_Name;Italian Air Force Tanker
810;Customer_Name;Pan Am World Airways
697;Customer_Name;Northwest-Merged w Delta
24;Customer_Name;Onur Air
541;Customer_Name;dba
307;Customer_Name;Yemenia
295;Customer_Name;AirBridgeCargo Airlines
80;Customer_Name;Mid East Jet
266;Customer_Name;Starflite Corporation
605;Customer_Name;Juneyao Air Co. LTD.
434;Customer_Name;Airlift International
571;Customer_Name;Air Algerie
521;Customer_Name;Dutch Caribbean Airlines
2;Customer_Name;Ryanair
651;Customer_Name;Federal Government of Nigeria
132;Customer_Name;Air Canada
696;Customer_Name;Air Asia Company
260;Customer_Name;Australian Wedgetail
855;Customer_Name;British Royal Air Force
681;Customer_Name;CP Air
427;Customer_Name;TUI Group
394;Customer_Name;Suedflug
835;Customer_Name;PACE Airlines
880;Customer_Name;Air China
477;Customer_Name;BWIA
324;Customer_Name;Air France-KLM Group
397;Customer_Name;BOC Aviation Limited
403;Customer_Name;Bank of Communications Leasing
563;Customer_Name;Iberia Airlines
559;Customer_Name;Ansett Australia
580;Customer_Name;Deucalion Capital VII Limited
184;Customer_Name;Alaska Airlines
327;Customer_Name;Orion Airways
340;Customer_Name;Rolls-Royce A/C Management
515;Customer_Name;NEA Holdings Inc.
128;Customer_Name;Mauritania Airlines
185;Customer_Name;Republic of Portugal
373;Customer_Name;Ariana Afghan Airlines
72;Customer_Name;Alitalia
488;Customer_Name;Japan Airlines
148;Customer_Name;Kenya Airways
44;Customer_Name;Royal Brunei Airlines
520;Customer_Name;Kuwait Airways
330;Customer_Name;DHL Aviation Americas
140;Customer_Name;AirTran Airways (Merged with S
292;Customer_Name;Timaero Ireland Limited
619;Customer_Name;Belavia Belarusian Airlines
436;Customer_Name;Presidential Flight
350;Customer_Name;Aero Trasporti Italiani
131;Customer_Name;Canadian Airlines
846;Customer_Name;Ghana Airways
320;Customer_Name;Air China Southwest Branch
519;Customer_Name;Germania
222;Customer_Name;United States Navy
77;Customer_Name;Government of Korea
53;Customer_Name;USAF PAR Program
737;Customer_Name;CDB Financial Leasing
243;Customer_Name;Martinair Cargo
240;Customer_Name;EL AL Israel Airlines
40;Customer_Name;Mitsui & Co.
293;Customer_Name;UTair Aviation
490;Customer_Name;Shenzhen Airlines
593;Customer_Name;Sterling Air A/S
614;Customer_Name;Everbright Financial Leasing
806;Customer_Name;Okay Airways Company Limited
517;Customer_Name;LOT Polish Airlines
645;Customer_Name;Air Berlin
687;Customer_Name;Aviation Service & Support
444;Customer_Name;Cathay Pacific Airways
522;Customer_Name;Wardair
663;Customer_Name;Avia Capital Leasing
92;Customer_Name;Air Asia Company
149;Customer_Name;Nok Air
773;Customer_Name;Swiss International Air Lines
313;Customer_Name;MCAP Japan01 Limited
286;Customer_Name;easyJet
357;Customer_Name;SonAir
741;Customer_Name;Bavaria
646;Customer_Name;Air Europe
578;Customer_Name;British Airtours
504;Customer_Name;MSA-Malaysia/Singapore A/L
630;Customer_Name;Austrian Airlines
494;Customer_Name;Royal Jordanian
789;Customer_Name;FAA
338;Customer_Name;LATAM Airlines Group
162;Customer_Name;CP Air
179;Customer_Name;U-Land Airlines
818;Customer_Name;Volga-Dnepr UK Ltd
88;Customer_Name;Fiji Airways
772;Customer_Name;Voyager Aviation Aircraft Leas
390;Customer_Name;ARAMCO Associated Company
564;Customer_Name;Olympic Airlines
314;Customer_Name;NAS Aviation Services LLC
287;Customer_Name;Maersk Air
600;Customer_Name;CIT Aerospace LLC
512;Customer_Name;SunExpress Airlines
462;Customer_Name;Pegasus Airlines
49;Customer_Name;Japan Transocean Air
829;Customer_Name;Mitsui & Co.
834;Customer_Name;BDS U.S. Navy (P-8A Poseidon)
134;Customer_Name;Sobelair
247;Customer_Name;Nippon Cargo Airlines
379;Customer_Name;Business Jet / VIP Customer(s)
853;Customer_Name;DHL
115;Customer_Name;Air India
171;Customer_Name;flydubai
764;Customer_Name;American Flyers Airlines
606;Customer_Name;Bain Capital Griffin Internati
249;Customer_Name;Laker Airways (Bahamas)
856;Customer_Name;Sobelair
867;Customer_Name;Western Airlines
187;Customer_Name;East African Airways
777;Customer_Name;Kuwait Airways
165;Customer_Name;Hebei Airlines Company LTD
672;Customer_Name;Flying Tiger
107;Customer_Name;VIASA
311;Customer_Name;Okay Airways Company Limited
781;Customer_Name;Midland Montagu Leasing
256;Customer_Name;Air China Southwest Branch
281;Customer_Name;Air Madagascar
424;Customer_Name;AIR ITALY S.p.A.
771;Customer_Name;Syrianair
557;Customer_Name;Air Afrique
176;Customer_Name;Oak Hill
638;Customer_Name;Texas Air Corporation
442;Customer_Name;Austrian Airlines
827;Customer_Name;Avianca Costa Rica
844;Customer_Name;Union Aeromaritime Transport
42;Customer_Name;Emirates
474;Customer_Name;Avolon - Ireland
273;Customer_Name;Cameroon Airlines
501;Customer_Name;Aeromexico
821;Customer_Name;Far Eastern Air Transport
859;Customer_Name;Novel Leasing
417;Customer_Name;Security Pacific EuroFinance
702;Customer_Name;Emirates
464;Customer_Name;ANA Holdings Inc.
692;Customer_Name;Seaboard World Airlines
503;Customer_Name;McDonnell Douglas
688;Customer_Name;Virgin Australia
576;Customer_Name;China Eastern Airlines Wuhan
111;Customer_Name;Wardair
416;Customer_Name;British Caledonian Airways
375;Customer_Name;CATIC
841;Customer_Name;Aeroflot - Russian Airlines
7;Customer_Name;Garuda Indonesia
740;Customer_Name;Pacific Western Airlines
463;Customer_Name;Seaboard World Airlines
758;Customer_Name;British Caledonian Airways
173;Customer_Name;Atlantis Aviation Corporation
157;Customer_Name;Korean Air Force Peace Eye
850;Customer_Name;LAB
106;Customer_Name;Air Trading 92
513;Customer_Name;Republic of Iraq
366;Customer_Name;Royal Thai Air Force
602;Customer_Name;Republic of France
37;Customer_Name;CAAC-Civil Aviation of China
347;Customer_Name;SMBC Aviation Capital
876;Customer_Name;Pan Adria
473;Customer_Name;Japan Transocean Air
864;Customer_Name;Zambia Airways
422;Customer_Name;Nauru Airlines
2;Delivery_Year_;2002
840;Delivery_Year_;2015
263;Delivery_Year_;1964
177;Delivery_Year_;1970
230;Delivery_Year_;1984
444;Delivery_Year_;1979
664;Delivery_Year_;1987
689;Delivery_Year_;1989
332;Delivery_Year_;2005
65;Delivery_Year_;2018
886;Delivery_Year_;2017
627;Delivery_Year_;2020
544;Delivery_Year_;1990
676;Delivery_Year_;1985
531;Delivery_Year_;2014
475;Delivery_Year_;1991
4;Delivery_Year_;2010
469;Delivery_Year_;2005
251;Delivery_Year_;2007
287;Delivery_Year_;1989
303;Delivery_Year_;1990
409;Delivery_Year_;1979
631;Delivery_Year_;2020
94;Delivery_Year_;1981
137;Delivery_Year_;2002
818;Delivery_Year_;2013
158;Delivery_Year_;1995
187;Delivery_Year_;1971
430;Delivery_Year_;2017
414;Delivery_Year_;2001
159;Delivery_Year_;2015
887;Delivery_Year_;1971
705;Delivery_Year_;1986
425;Delivery_Year_;1967
876;Delivery_Year_;1973
160;Delivery_Year_;2019
129;Delivery_Year_;1975
665;Delivery_Year_;2009
60;Delivery_Year_;2015
779;Delivery_Year_;2013
804;Delivery_Year_;1968
892;Delivery_Year_;1968
861;Delivery_Year_;2016
759;Delivery_Year_;1978
9;Delivery_Year_;2000
214;Delivery_Year_;1975
103;Delivery_Year_;1996
154;Delivery_Year_;1997
297;Delivery_Year_;1997
380;Delivery_Year_;2017
400;Delivery_Year_;1969
347;Delivery_Year_;2018
211;Delivery_Year_;2018
561;Delivery_Year_;1981
566;Delivery_Year_;1968
403;Delivery_Year_;2015
30;Delivery_Year_;1998
200;Delivery_Year_;1971
495;Delivery_Year_;1966
699;Delivery_Year_;2000
898;Delivery_Year_;1967
169;Delivery_Year_;2020
668;Delivery_Year_;1997
56;Delivery_Year_;2012
696;Delivery_Year_;1966
608;Delivery_Year_;1970
197;Delivery_Year_;1982
277;Delivery_Year_;1974
746;Delivery_Year_;2003
84;Delivery_Year_;1967
220;Delivery_Year_;2013
185;Delivery_Year_;1971
424;Delivery_Year_;1987
118;Delivery_Year_;1998
421;Delivery_Year_;2010
485;Delivery_Year_;2022
491;Delivery_Year_;2021
871;Delivery_Year_;1968
353;Delivery_Year_;1979
156;Delivery_Year_;1981
814;Delivery_Year_;1976
249;Delivery_Year_;1972
433;Delivery_Year_;1965
252;Delivery_Year_;2017
621;Delivery_Year_;1980
548;Delivery_Year_;1991
519;Delivery_Year_;1998
501;Delivery_Year_;1974
747;Delivery_Year_;1977
299;Delivery_Year_;2010
858;Delivery_Year_;1963
37;Delivery_Year_;1985
847;Delivery_Year_;1987
72;Delivery_Year_;1968
438;Delivery_Year_;1977
188;Delivery_Year_;1973
856;Delivery_Year_;1979
109;Delivery_Year_;2012
13;Delivery_Year_;1993
442;Delivery_Year_;1978
47;Delivery_Year_;2007
377;Delivery_Year_;1971
183;Delivery_Year_;1996
333;Delivery_Year_;1973
420;Delivery_Year_;1999
323;Delivery_Year_;1969
207;Delivery_Year_;1967
144;Delivery_Year_;1979
133;Delivery_Year_;1996
95;Delivery_Year_;1968
14;Delivery_Year_;1987
602;Delivery_Year_;1992
707;Delivery_Year_;2019
116;Delivery_Year_;2020
153;Delivery_Year_;1977
570;Delivery_Year_;2021
434;Delivery_Year_;1964
215;Delivery_Year_;1975
201;Delivery_Year_;2011
236;Delivery_Year_;1967
488;Delivery_Year_;1960
493;Delivery_Year_;1980
63;Delivery_Year_;1987
691;Delivery_Year_;1975
855;Delivery_Year_;1992
552;Delivery_Year_;1977
890;Delivery_Year_;1997
607;Delivery_Year_;1987
393;Delivery_Year_;1990
517;Delivery_Year_;1994
532;Delivery_Year_;1990
571;Delivery_Year_;1974
530;Delivery_Year_;1975
49;Delivery_Year_;2016
428;Delivery_Year_;2013
562;Delivery_Year_;1992
560;Delivery_Year_;1998
824;Delivery_Year_;1966
680;Delivery_Year_;1990
365;Delivery_Year_;1988
569;Delivery_Year_;1967
52;Delivery_Year_;1973
148;Delivery_Year_;2002
362;Delivery_Year_;1988
194;Delivery_Year_;2005
375;Delivery_Year_;1991
525;Delivery_Year_;1973
591;Delivery_Year_;1974
55;Delivery_Year_;2009
12;Delivery_Year_;2007
443;Delivery_Year_;1971
878;Delivery_Year_;2011
203;Delivery_Year_;2001
866;Delivery_Year_;2016
436;Delivery_Year_;1978
240;Delivery_Year_;1971
579;Delivery_Year_;1979
292;Delivery_Year_;2018
537;Delivery_Year_;1965
660;Delivery_Year_;1996
897;Delivery_Year_;1979
524;Delivery_Year_;1977
770;Delivery_Year_;1988
595;Delivery_Year_;1974
815;Delivery_Year_;1969
672;Delivery_Year_;1965
105;Delivery_Year_;1998
623;Delivery_Year_;1999
889;Delivery_Year_;1970
471;Delivery_Year_;1983
149;Delivery_Year_;2015
450;Delivery_Year_;1970
697;Delivery_Year_;2002
557;Delivery_Year_;1980
439;Delivery_Year_;1985
731;Delivery_Year_;2011
254;Delivery_Year_;1980
846;Delivery_Year_;1983
738;Delivery_Year_;1981
349;Delivery_Year_;1990
891;Delivery_Year_;2015
713;Delivery_Year_;2019
605;Delivery_Year_;2019
107;Delivery_Year_;1968
317;Delivery_Year_;1968
507;Delivery_Year_;2000
19;Delivery_Year_;1993
417;Delivery_Year_;1991
431;Delivery_Year_;1972
634;Delivery_Year_;2011
373;Delivery_Year_;1970
693;Delivery_Year_;1999
811;Delivery_Year_;1972
70;Delivery_Year_;1991
670;Delivery_Year_;1979
465;Delivery_Year_;2009
121;Delivery_Year_;1965
330;Delivery_Year_;2022
92;Delivery_Year_;1966
652;Delivery_Year_;1971
523;Delivery_Year_;1964
110;Delivery_Year_;1985
61;Delivery_Year_;2001
304;Delivery_Year_;1978
869;Delivery_Year_;2018
316;Delivery_Year_;2010
669;Delivery_Year_;2002
216;Delivery_Year_;2000
761;Delivery_Year_;2018
181;Delivery_Year_;2012
5;Delivery_Year_;2012
514;Delivery_Year_;1970
596;Delivery_Year_;2018
637;Delivery_Year_;1981
39;Delivery_Year_;1998
51;Delivery_Year_;1983
77;Delivery_Year_;2022
128;Delivery_Year_;2016
87;Delivery_Year_;2000
20;Delivery_Year_;1972
88;Delivery_Year_;2018
728;Delivery_Year_;2014
441;Delivery_Year_;1968
748;Delivery_Year_;2016
776;Delivery_Year_;1994
788;Delivery_Year_;1967
290;Delivery_Year_;1981
225;Delivery_Year_;1969
520;Delivery_Year_;1994
644;Delivery_Year_;1969
462;Delivery_Year_;2008
193;Delivery_Year_;1966
24;Delivery_Year_;1997
250;Delivery_Year_;2022
863;Delivery_Year_;1990
459;Delivery_Year_;1976
589;Delivery_Year_;1970
221;Delivery_Year_;2016
80;Delivery_Year_;1996
771;Delivery_Year_;1976
210;Delivery_Year_;1998
162;Delivery_Year_;1968
798;Delivery_Year_;1967
179;Delivery_Year_;1995
764;Delivery_Year_;1970
440;Delivery_Year_;1999
611;Delivery_Year_;1972
678;Delivery_Year_;1970
838;Delivery_Year_;1976
320;Delivery_Year_;1993
135;Delivery_Year_;2011
33;Delivery_Year_;1975
809;Delivery_Year_;1988
54;Delivery_Year_;1980
23;Delivery_Year_;1968
481;Delivery_Year_;1982
138;Delivery_Year_;1988
184;Delivery_Year_;1981
874;Delivery_Year_;2022
192;Delivery_Year_;2013
726;Delivery_Year_;2011
340;Delivery_Year_;1999
69;Delivery_Year_;1982
651;Delivery_Year_;1982
166;Delivery_Year_;2000
385;Delivery_Year_;1994
772;Delivery_Year_;2016
540;Delivery_Year_;1967
842;Delivery_Year_;2016
655;Delivery_Year_;1980
331;Delivery_Year_;2011
371;Delivery_Year_;2006
186;Delivery_Year_;1975
741;Delivery_Year_;1998
792;Delivery_Year_;1988
415;Delivery_Year_;2017
6;Delivery_Year_;1978
865;Delivery_Year_;2009
880;Delivery_Year_;1999
510;Delivery_Year_;1960
101;Delivery_Year_;2014
372;Delivery_Year_;2015
797;Delivery_Year_;2002
662;Delivery_Year_;1978
486;Delivery_Year_;1978
739;Delivery_Year_;1997
302;Delivery_Year_;2014
476;Delivery_Year_;2010
587;Delivery_Year_;1978
432;Delivery_Year_;1975
785;Delivery_Year_;1982
140;Delivery_Year_;2007
583;Delivery_Year_;2007
506;Delivery_Year_;2021
446;Delivery_Year_;2017
312;Delivery_Year_;1998
787;Delivery_Year_;2012
572;Delivery_Year_;1981
288;Delivery_Year_;1993
845;Delivery_Year_;1989
141;Delivery_Year_;1997
744;Delivery_Year_;1979
445;Delivery_Year_;2018
649;Delivery_Year_;1974
494;Delivery_Year_;1974
466;Delivery_Year_;2018
580;Delivery_Year_;2009
190;Delivery_Year_;1978
106;Delivery_Year_;1991
526;Delivery_Year_;1969
64;Delivery_Year_;2016
321;Delivery_Year_;1991
512;Delivery_Year_;2016
839;Delivery_Year_;2001
342;Delivery_Year_;2016
392;Delivery_Year_;1961
291;Delivery_Year_;1995
199;Delivery_Year_;1983
243;Delivery_Year_;1973
74;Delivery_Year_;1979
767;Delivery_Year_;1992
258;Delivery_Year_;2019
276;Delivery_Year_;2014
805;Delivery_Year_;2014
703;Delivery_Year_;1975
222;Delivery_Year_;2011
155;Delivery_Year_;1980
356;Delivery_Year_;1969
270;Delivery_Year_;2019
592;Delivery_Year_;1993
706;Delivery_Year_;1992
269;Delivery_Year_;1999
368;Delivery_Year_;1969
7;Delivery_Year_;1976
794;Delivery_Year_;2008
853;Delivery_Year_;2021
799;Delivery_Year_;1979
558;Delivery_Year_;1966
416;Delivery_Year_;1981
867;Delivery_Year_;1960
474;Delivery_Year_;2014
358;Delivery_Year_;2018
234;Delivery_Year_;1971
399;Delivery_Year_;1963
755;Delivery_Year_;1965
636;Delivery_Year_;1998
778;Delivery_Year_;2006
226;Delivery_Year_;2000
357;Delivery_Year_;2008
683;Delivery_Year_;1988
367;Delivery_Year_;2021
539;Delivery_Year_;2007
278;Delivery_Year_;2011
883;Delivery_Year_;1966
122;Delivery_Year_;1978
884;Delivery_Year_;2015
742;Delivery_Year_;1968
688;Delivery_Year_;2009
90;Delivery_Year_;2016
730;Delivery_Year_;1991
205;Delivery_Year_;1986
467;Delivery_Year_;2021
17;Delivery_Year_;2005
881;Delivery_Year_;2001
732;Delivery_Year_;1980
704;Delivery_Year_;1969
315;Delivery_Year_;1992
426;Delivery_Year_;1987
698;Delivery_Year_;2019
253;Delivery_Year_;1979
851;Delivery_Year_;2015
327;Delivery_Year_;1982
819;Delivery_Year_;1998
857;Delivery_Year_;1989
10;Delivery_Year_;1996
132;Delivery_Year_;1991
174;Delivery_Year_;2002
782;Delivery_Year_;1991
734;Delivery_Year_;1982
345;Delivery_Year_;1980
500;Delivery_Year_;1981
729;Delivery_Year_;1966
21;Delivery_Year_;2021
334;Delivery_Year_;1987
609;Delivery_Year_;1980
601;Delivery_Year_;1966
325;Delivery_Year_;1989
239;Delivery_Year_;1966
191;Delivery_Year_;2009
45;Delivery_Year_;1985
834;Delivery_Year_;2019
513;Delivery_Year_;2014
460;Delivery_Year_;2014
617;Delivery_Year_;1967
492;Delivery_Year_;1962
338;Delivery_Year_;2009
387;Delivery_Year_;2020
455;Delivery_Year_;2016
202;Delivery_Year_;1970
709;Delivery_Year_;2005
114;Delivery_Year_;2007
686;Delivery_Year_;2015
710;Delivery_Year_;2013
502;Delivery_Year_;1989
66;Delivery_Year_;1976
289;Delivery_Year_;1992
841;Delivery_Year_;2013
405;Delivery_Year_;1992
247;Delivery_Year_;2006
228;Delivery_Year_;1969
306;Delivery_Year_;1967
152;Delivery_Year_;1988
836;Delivery_Year_;2011
275;Delivery_Year_;1987
817;Delivery_Year_;2000
75;Delivery_Year_;1989
872;Delivery_Year_;2006
816;Delivery_Year_;1960
708;Delivery_Year_;1968
503;Delivery_Year_;1992
684;Delivery_Year_;1999
763;Delivery_Year_;2020
808;Delivery_Year_;1999
690;Delivery_Year_;1997
879;Delivery_Year_;1968
44;Delivery_Year_;1975
717;Delivery_Year_;1997
849;Delivery_Year_;1990
419;Delivery_Year_;1996
449;Delivery_Year_;2014
50;Delivery_Year_;1997
28;Delivery_Year_;2006
310;Delivery_Year_;1998
58;Delivery_Year_;1972
643;Delivery_Year_;2019
862;Delivery_Year_;2006
479;Delivery_Year_;2010
448;Delivery_Year_;1978
633;Delivery_Year_;1977
115;Engine;RR
401;Engine;GE
367;Engine;CF
392;Engine;PW
513;Engine;CF
777;Engine;PW
706;Engine;PW
5;Engine;GE
84;Engine;PW
72;Engine;PW
430;Engine;CF
632;Engine;PW
531;Engine;CF
743;Engine;CF
713;Engine;GE
466;Engine;CF
840;Engine;CF
711;Engine;PW
162;Engine;PW
250;Engine;CF
172;Engine;PW
49;Engine;CF
128;Engine;CF
811;Engine;PW
483;Engine;PW
313;Engine;CF
547;Engine;RR
464;Engine;GE
581;Engine;GE
868;Engine;GE
319;Engine;GE
347;Engine;CF
505;Engine;PW
357;Engine;CF
748;Engine;CF
26;Engine;PW
171;Engine;CF
699;Engine;RR
105;Engine;CF
605;Engine;GE
529;Engine;CF
46;Engine;CF
386;Engine;PW
849;Engine;CF
812;Engine;RR
862;Engine;GE
340;Engine;RR
741;Engine;CF
354;Engine;PW
397;Engine;CF
374;Engine;PW
205;Engine;GE
539;Engine;CF
590;Engine;PW
191;Engine;CF
878;Engine;CF
474;Engine;CF
859;Engine;CF
69;Engine;PW
525;Engine;PW
391;Engine;GE
137;Engine;CF
623;Engine;CF
890;Engine;RR
215;Engine;PW
409;Engine;PW
823;Engine;RR
247;Engine;GE
261;Engine;PW
91;Engine;CF
216;Engine;PW
640;Engine;RR
799;Engine;PW
320;Engine;CF
876;Engine;PW
351;Engine;RR
744;Engine;PW
236;Engine;PW
83;Engine;PW
375;Engine;PW
412;Engine;PW
152;Engine;PW
664;Engine;PW
266;Engine;RR
207;Engine;PW
405;Engine;CF
383;Engine;PW
170;Engine;PW
838;Engine;PW
519;Engine;CF
379;Engine;CF
371;Engine;CF
686;Engine;CF
131;Engine;GE
611;Engine;PW
58;Engine;PW
504;Engine;PW
248;Engine;GE
727;Engine;PW
333;Engine;PW
164;Engine;CF
749;Engine;CF
79;Engine;RR
602;Engine;CF
104;Engine;RR
230;Engine;PW
673;Engine;PW
102;Engine;PW
731;Engine;CF
231;Engine;PW
31;Engine;RR
616;Engine;GE
627;Engine;GE
7;Engine;PW
516;Engine;CF
662;Engine;PW
287;Engine;CF
23;Engine;PW
770;Engine;GE
97;Engine;CF
895;Engine;PW
869;Engine;CF
318;Engine;PW
642;Engine;PW
273;Engine;PW
234;Engine;PW
554;Engine;PW
854;Engine;GE
857;Engine;PW
265;Engine;PW
861;Engine;CF
289;Engine;CF
418;Engine;GE
506;Engine;CF
179;Engine;PW
583;Engine;CF
118;Engine;CF
389;Engine;PW
63;Engine;RR
183;Engine;CF
121;Engine;PW
629;Engine;CF
798;Engine;GE
845;Engine;GE
330;Engine;GE
373;Engine;PW
275;Engine;PW
350;Engine;PW
120;Engine;PW
38;Engine;PW
612;Engine;PW
263;Engine;PW
572;Engine;PW
587;Engine;PW
334;Engine;PW
498;Engine;PW
387;Engine;CF
528;Engine;GE
284;Engine;CF
728;Engine;CF
60;Engine;CF
132;Engine;PW
454;Engine;CF
244;Engine;PW
249;Engine;GE
440;Engine;CF
855;Engine;CF
495;Engine;PW
311;Engine;CF
309;Engine;CF
678;Engine;PW
447;Engine;PW
214;Engine;PW
218;Engine;CF
637;Engine;PW
184;Engine;PW
222;Engine;CF
129;Engine;GE
702;Engine;GE
684;Engine;PW
804;Engine;PW
443;Engine;PW
491;Engine;GE
213;Engine;CF
119;Engine;GE
41;Engine;RR
470;Engine;PW
557;Engine;PW
434;Engine;PW
555;Engine;CF
485;Engine;GE
133;Engine;GE
419;Engine;CF
818;Engine;GE
138;Engine;CF
344;Engine;CF
553;Engine;GE
865;Engine;GE
766;Engine;PW
721;Engine;PW
420;Engine;GE
813;Engine;CF
636;Engine;CF
551;Engine;RR
193;Engine;PW
604;Engine;CF
775;Engine;GE
522;Engine;PW
778;Engine;CF
66;Engine;PW
803;Engine;GE
199;Engine;GE
25;Engine;CF
805;Engine;GE
619;Engine;CF
167;Engine;RR
416;Engine;GE
346;Engine;CF
20;Engine;PW
9;Engine;RR
536;Engine;PW
27;Engine;GE
846;Engine;GE
194;Engine;CF
332;Engine;CF
312;Engine;GE
435;Engine;GE
372;Engine;GE
479;Engine;GE
894;Engine;CF
74;Engine;PW
646;Engine;PW
436;Engine;PW
209;Engine;RR
832;Engine;CF
622;Engine;PW
303;Engine;CF
801;Engine;PW
561;Engine;PW
689;Engine;CF
802;Engine;CF
824;Engine;PW
765;Engine;PW
600;Engine;CF
701;Engine;CF
135;Engine;GE
540;Engine;PW
197;Engine;PW
660;Engine;CF
87;Engine;CF
144;Engine;PW
771;Engine;PW
860;Engine;PW
787;Engine;CF
788;Engine;PW
432;Engine;PW
533;Engine;GE
159;Engine;GE
431;Engine;PW
68;Engine;PW
534;Engine;PW
712;Engine;CF
569;Engine;PW
425;Engine;PW
544;Engine;PW
618;Engine;PW
149;Engine;CF
268;Engine;CF
451;Engine;PW
124;Engine;PW
438;Engine;PW
881;Engine;GE
235;Engine;PW
278;Engine;CF
591;Engine;PW
821;Engine;PW
146;Engine;PW
475;Engine;CF
65;Engine;CF
324;Engine;GE
726;Engine;GE
833;Engine;RR
219;Engine;CF
10;Engine;PW
488;Engine;PW
888;Engine;RR
809;Engine;GE
810;Engine;PW
740;Engine;PW
272;Engine;CF
267;Engine;PW
596;Engine;CF
298;Engine;PW
545;Engine;PW
37;Engine;PW
362;Engine;PW
358;Engine;CF
327;Engine;PW
143;Engine;CF
484;Engine;PW
768;Engine;PW
427;Engine;PW
258;Engine;GE
360;Engine;PW
376;Engine;PW
715;Engine;GE
277;Engine;PW
125;Engine;GE
517;Engine;CF
610;Engine;CF
168;Engine;PW
403;Engine;CF
441;Engine;PW
580;Engine;GE
165;Engine;CF
518;Engine;CF
687;Engine;PW
445;Engine;CF
64;Engine;GE
106;Engine;PW
634;Engine;CF
448;Engine;PW
260;Engine;CF
81;Engine;RR
257;Engine;CF
381;Engine;PW
413;Engine;PW
797;Engine;RR
388;Engine;PW
620;Engine;PW
853;Engine;GE
825;Engine;PW
364;Engine;CF
638;Engine;PW
693;Engine;CF
393;Engine;RR
414;Engine;CF
668;Engine;GE
2;Engine;CF
296;Engine;PW
423;Engine;PW
582;Engine;PW
271;Engine;GE
297;Engine;RR
12;Engine;CF
224;Engine;CF
606;Engine;CF
338;Engine;GE
681;Engine;PW
647;Engine;GE
29;Engine;CF
352;Engine;CF
30;Engine;GE
708;Engine;PW
843;Engine;CF
251;Engine;CF
76;Engine;RR
174;Engine;PW
733;Engine;PW
656;Engine;PW
59;Engine;RR
807;Engine;PW
877;Engine;CF
655;Engine;GE
203;Engine;CF
814;Engine;PW
169;Engine;GE
35;Engine;PW
117;Engine;PW
33;Engine;PW
458;Engine;CF
13;Engine;CF
469;Engine;CF
718;Engine;PW
552;Engine;PW
299;Engine;CF
723;Engine;CF
784;Engine;GE
400;Engine;PW
415;Engine;CF
252;Engine;CF
293;Engine;CF
459;Engine;PW
292;Engine;CF
356;Engine;PW
255;Engine;GE
202;Engine;PW
486;Engine;PW
841;Engine;GE
724;Engine;PW
178;Engine;RR
828;Engine;PW
368;Engine;PW
243;Engine;GE
649;Engine;PW
472;Engine;PW
342;Engine;CF
111;Engine;PW
210;Engine;GE
28;Engine;GE
8;Engine;RR
75;Engine;CF
127;Engine;GE
54;Engine;PW
192;Engine;GE
89;Engine;CF
158;Engine;GE
406;Engine;GE
848;Engine;GE
157;Engine;CF
837;Engine;PW
652;Engine;PW
875;Engine;CF
669;Engine;CF
382;Engine;GE
460;Engine;GE
882;Engine;CF
321;Engine;PW
237;Engine;PW
95;Engine;PW
154;Engine;CF
229;Engine;GE
635;Engine;CF
736;Engine;CF
520;Engine;GE
497;Engine;PW
22;Engine;GE
790;Engine;RR
745;Engine;PW
563;Engine;GE
455;Engine;CF
515;Engine;PW
542;Engine;PW
779;Engine;CF
764;Engine;GE
408;Engine;PW
122;Engine;PW
437;Engine;PW
222;Model_Series;737-800A
731;Model_Series;737-800
687;Model_Series;707/720
183;Model_Series;737-300
168;Model_Series;MD-80
121;Model_Series;DC-9
637;Model_Series;737-200
816;Model_Series;DC-8
319;Model_Series;DC-8
159;Model_Series;747-8F
882;Model_Series;737-800
815;Model_Series;DC-9
166;Model_Series;737-800
111;Model_Series;707/720
566;Model_Series;DC-9
3;Model_Series;747-300
627;Model_Series;777F
850;Model_Series;727
692;Model_Series;DC-8
133;Model_Series;747-400M
854;Model_Series;747-400ERF
107;Model_Series;DC-8
843;Model_Series;737-800
477;Model_Series;MD-80
589;Model_Series;DC-9
470;Model_Series;747-200
150;Model_Series;MD-80
527;Model_Series;737-800
524;Model_Series;DC-10
74;Model_Series;737-200
888;Model_Series;757-200
443;Model_Series;737-200
344;Model_Series;737-700C
415;Model_Series;737-800
484;Model_Series;DC-9
472;Model_Series;737-100
715;Model_Series;747-400
704;Model_Series;DC-9
466;Model_Series;737-800
178;Model_Series;787-9
605;Model_Series;787-9
185;Model_Series;707/720
487;Model_Series;737-800
546;Model_Series;707/720
588;Model_Series;767-200ER
2;Model_Series;737-800
223;Model_Series;737-200
860;Model_Series;737-200
68;Model_Series;737-200
228;Model_Series;DC-9
754;Model_Series;DC-10
429;Model_Series;727
13;Model_Series;737-300
194;Model_Series;737-800
745;Model_Series;767-300ER
505;Model_Series;727
169;Model_Series;787-9
737;Model_Series;737 MAX
282;Model_Series;737-200
9;Model_Series;757-200
649;Model_Series;707/720
881;Model_Series;747-400
523;Model_Series;727
789;Model_Series;707/720
554;Model_Series;737-200
309;Model_Series;737-800
820;Model_Series;737-800
47;Model_Series;747-400ERF
152;Model_Series;MD-80
658;Model_Series;767-2C
38;Model_Series;MD-80
236;Model_Series;727
591;Model_Series;707/720
573;Model_Series;737 MAX
131;Model_Series;767-300ER
357;Model_Series;737-700
199;Model_Series;767-200
25;Model_Series;737-800
790;Model_Series;757-200
340;Model_Series;757-200
568;Model_Series;737-800
257;Model_Series;737-500
768;Model_Series;DC-9
255;Model_Series;747-400
604;Model_Series;737-800
115;Model_Series;707/720
549;Model_Series;767-200ER
318;Model_Series;707/720
430;Model_Series;737-800
400;Model_Series;737-200
143;Model_Series;737-500
422;Model_Series;737-400
287;Model_Series;737-300
720;Model_Series;737-500
409;Model_Series;747-200
396;Model_Series;DC-8
840;Model_Series;737-800
762;Model_Series;767-300ER
615;Model_Series;727
5;Model_Series;747-8F
101;Model_Series;777-300ER
570;Model_Series;737 MAX
322;Model_Series;737-800
461;Model_Series;777-300ER
60;Model_Series;737-800
114;Model_Series;737-800
602;Model_Series;707/720
676;Model_Series;737-200
520;Model_Series;747-400M
94;Model_Series;737-200
405;Model_Series;737-400
239;Model_Series;DC-9
137;Model_Series;737-700
132;Model_Series;747-400M
106;Model_Series;MD-80
473;Model_Series;737-200
611;Model_Series;727
312;Model_Series;747-400F
841;Model_Series;777-300ER
583;Model_Series;737-800
209;Model_Series;747-200
857;Model_Series;MD-80
83;Model_Series;727
807;Model_Series;737-200
597;Model_Series;MD-80
349;Model_Series;MD-80
861;Model_Series;737-700
806;Model_Series;737-800
265;Model_Series;DC-9
666;Model_Series;737-300
192;Model_Series;777F
742;Model_Series;707/720
636;Model_Series;737-300
874;Model_Series;737 MAX
99;Model_Series;757-200
135;Model_Series;777-300ER
665;Model_Series;737-700W
28;Model_Series;747-400ERF
740;Model_Series;737-200
381;Model_Series;707/720
214;Model_Series;727
535;Model_Series;737-300
707;Model_Series;737-800A
226;Model_Series;747-400F
49;Model_Series;737-800
631;Model_Series;737-800A
463;Model_Series;DC-8
205;Model_Series;767-200
809;Model_Series;DC-10
811;Model_Series;727
414;Model_Series;737-700
557;Model_Series;747-200
71;Model_Series;737-200
736;Model_Series;737-300
342;Model_Series;737-800
354;Model_Series;707/720
267;Model_Series;707/720
451;Model_Series;737-200
559;Model_Series;727
727;Model_Series;737-200
268;Model_Series;737-900ER
519;Model_Series;737-700
696;Model_Series;727
613;Model_Series;MD-80
44;Model_Series;737-200
11;Model_Series;757-200
206;Model_Series;737-300
579;Model_Series;727
379;Model_Series;BBJ
867;Model_Series;707/720
459;Model_Series;727
82;Model_Series;DC-8
425;Model_Series;DC-9
237;Model_Series;737-200
528;Model_Series;777-300ER
552;Model_Series;747-100
512;Model_Series;737-800
651;Model_Series;727
260;Model_Series;737-700W
382;Model_Series;DC-10
609;Model_Series;737-200
618;Model_Series;DC-9
652;Model_Series;727
703;Model_Series;DC-9
273;Model_Series;737-200
623;Model_Series;737-300
202;Model_Series;DC-8
532;Model_Series;747-300
55;Model_Series;737-800
529;Model_Series;737-700
774;Model_Series;737-200
73;Model_Series;727
782;Model_Series;757-200
124;Model_Series;737-200
876;Model_Series;DC-9
668;Model_Series;767-200ER
497;Model_Series;DC-9
320;Model_Series;737-300
146;Model_Series;DC-9
365;Model_Series;MD-80
330;Model_Series;777F
741;Model_Series;737-700
504;Model_Series;707/720
281;Model_Series;737-200
189;Model_Series;767-2C
316;Model_Series;777-200LR
438;Model_Series;727
639;Model_Series;747-200
22;Model_Series;777F
96;Model_Series;707/720
655;Model_Series;747-200
872;Model_Series;737-700
717;Model_Series;737-400
672;Model_Series;707/720
339;Model_Series;707/720
710;Model_Series;737-800
261;Model_Series;707/720
824;Model_Series;727
595;Model_Series;727
709;Model_Series;737-800
428;Model_Series;767-300ER
614;Model_Series;737-800
70;Model_Series;737-400
210;Model_Series;MD-11
593;Model_Series;727
590;Model_Series;747-100
248;Model_Series;DC-8
551;Model_Series;757-200
418;Model_Series;DC-10
761;Model_Series;777F
873;Model_Series;737-200
456;Model_Series;737-800
819;Model_Series;BBJ
601;Model_Series;DC-8
149;Model_Series;737-800
447;Model_Series;727
594;Model_Series;DC-8
856;Model_Series;737-200
197;Model_Series;MD-80
827;Model_Series;727
851;Model_Series;787-8
109;Model_Series;767-300F
621;Model_Series;737-200
125;Model_Series;777-300ER
777;Model_Series;737-200
308;Model_Series;MD-90
750;Model_Series;MD-80
796;Model_Series;737-700
14;Model_Series;MD-80
64;Model_Series;787-9
219;Model_Series;737-700
110;Model_Series;MD-80
234;Model_Series;727
104;Model_Series;717-200
184;Model_Series;737-200
462;Model_Series;737-800
140;Model_Series;737-700
112;Model_Series;737 MAX
682;Model_Series;707/720
254;Model_Series;727
407;Model_Series;747-200
264;Model_Series;777-200LR
628;Model_Series;737-200
231;Model_Series;707/720
734;Model_Series;737-200
116;Model_Series;777-300ER
253;Model_Series;737-200
537;Model_Series;DC-8
775;Model_Series;777-300ER
258;Model_Series;777F
792;Model_Series;MD-80
465;Model_Series;747-400ERF
352;Model_Series;737-800
4;Model_Series;777F
278;Model_Series;737-800
785;Model_Series;737-200
643;Model_Series;787-9
845;Model_Series;747-400M
155;Model_Series;737-200
190;Model_Series;737-200
558;Model_Series;727
753;Model_Series;707/720
600;Model_Series;737-700
622;Model_Series;DC-9
208;Model_Series;737-800
305;Model_Series;737-200
62;Model_Series;DC-8
33;Model_Series;727
482;Model_Series;737-400
644;Model_Series;DC-8
341;Model_Series;737 MAX
256;Model_Series;737-300
449;Model_Series;737-800
878;Model_Series;737-800
506;Model_Series;737-800A
401;Model_Series;747-400M
235;Model_Series;DC-9
355;Model_Series;737-400
216;Model_Series;767-300ER
87;Model_Series;737-400
539;Model_Series;737-700
545;Model_Series;DC-8
514;Model_Series;737-200
640;Model_Series;MD-90
89;Model_Series;737-700
814;Model_Series;727
370;Model_Series;DC-8
138;Model_Series;737-300
656;Model_Series;727
353;Model_Series;737-200
866;Model_Series;737-800
411;Model_Series;DC-8
586;Model_Series;727
421;Model_Series;737-800
804;Model_Series;727
431;Model_Series;727
733;Model_Series;747-200
755;Model_Series;707/720
784;Model_Series;DC-10
556;Model_Series;777-300ER
92;Model_Series;727
364;Model_Series;737-300
445;Model_Series;737 MAX
229;Model_Series;787-9
129;Model_Series;DC-10
186;Model_Series;737-200
530;Model_Series;DC-10
543;Model_Series;DC-10
706;Model_Series;747-400
834;Model_Series;737-800A
677;Model_Series;737-400
182;Model_Series;757-200
63;Model_Series;757-200
225;Model_Series;727
491;Model_Series;747-8
858;Model_Series;707/720
6;Model_Series;727
40;Model_Series;MD-11
436;Model_Series;737-200
375;Model_Series;MD-80
27;Model_Series;777F
711;Model_Series;MD-80
887;Model_Series;707/720
726;Model_Series;777-300ER
542;Model_Series;MD-80
69;Model_Series;727
503;Model_Series;MD-80
725;Model_Series;737-800
433;Model_Series;727
328;Model_Series;767-300ER
718;Model_Series;737-200
805;Model_Series;777F
724;Model_Series;727
317;Model_Series;707/720
435;Model_Series;787-8
366;Model_Series;737-400
426;Model_Series;707/720
380;Model_Series;737 MAX
870;Model_Series;707/720
702;Model_Series;777-300ER
675;Model_Series;727
501;Model_Series;DC-9
619;Model_Series;737-800
26;Model_Series;DC-9
307;Model_Series;737-200
119;Model_Series;767-200ER
404;Model_Series;777-300ER
376;Model_Series;DC-9
599;Model_Series;MD-80
262;Model_Series;757-200
526;Model_Series;737-200
165;Model_Series;737-800
525;Model_Series;737-200
869;Model_Series;737 MAX
846;Model_Series;DC-10
739;Model_Series;737-300
243;Model_Series;DC-10
813;Model_Series;737-900ER
544;Model_Series;MD-80
427;Model_Series;737-200
550;Model_Series;DC-9
752;Model_Series;737-800
221;Model_Series;737-800
32;Model_Series;747-400M
432;Model_Series;DC-9
81;Model_Series;707/720
90;Model_Series;737-800
8;Model_Series;757-200
541;Model_Series;737-300
98;Model_Series;737-500
279;Model_Series;777F
585;Model_Series;747-400F
641;Model_Series;737-200
548;Model_Series;767-200ER
564;Model_Series;727
250;Model_Series;737 MAX
392;Model_Series;DC-8
326;Model_Series;747-100
102;Model_Series;727
690;Model_Series;MD-80
713;Model_Series;787-9
346;Model_Series;737-800A
508;Model_Series;727
686;Model_Series;737-900ER
371;Model_Series;737-800
569;Model_Series;DC-9
561;Model_Series;737-200
475;Model_Series;707/720
58;Model_Series;727
801;Model_Series;MD-80
156;Model_Series;727
120;Model_Series;DC-9
286;Model_Series;737-700
343;Model_Series;787-9
294;Model_Series;737-800
188;Model_Series;737-100
388;Model_Series;MD-80
502;Model_Series;MD-80
773;Model_Series;777-300ER
730;Model_Series;737-300
518;Model_Series;737-400
638;Model_Series;DC-9
360;Model_Series;727
659;Model_Series;737 MAX
333;Model_Series;747-100
574;Model_Series;737-300
54;Model_Series;DC-9
292;Model_Series;737 MAX
787;Model_Series;737-700
162;Model_Series;737-200
788;Model_Series;727
795;Model_Series;707/720
227;Model_Series;737-800A
45;Model_Series;737-300
394;Model_Series;DC-9
65;Model_Series;737-800
480;Model_Series;777F
43;Model_Series;747-400ERF
698;Model_Series;737-800
1;Model_Series;DC-9
842;Model_Series;737-800
894;Model_Series;737-300
890;Model_Series;MD-90
213;Model_Series;737-500
832;Model_Series;737-300
500;Model_Series;737-200
217;Model_Series;727
751;Model_Series;MD-80
46;Model_Series;737-800
744;Model_Series;747-200
510;Model_Series;707/720
224;Model_Series;737-400
884;Model_Series;737-800
183;Order_Month;Jan
352;Order_Month;Apr
567;Order_Month;Jan
295;Order_Month;Mar
99;Order_Month;Mar
58;Order_Month;Jan
451;Order_Month;Jan
285;Order_Month;Aug
208;Order_Month;Feb
32;Order_Month;Jan
654;Order_Month;Jul
390;Order_Month;Dec
499;Order_Month;Feb
497;Order_Month;Jun
225;Order_Month;Apr
766;Order_Month;Feb
189;Order_Month;Jan
321;Order_Month;Jun
642;Order_Month;Nov
527;Order_Month;Nov
504;Order_Month;May
296;Order_Month;Feb
721;Order_Month;Feb
849;Order_Month;Jun
70;Order_Month;Jan
812;Order_Month;Nov
472;Order_Month;May
549;Order_Month;Jun
595;Order_Month;Apr
67;Order_Month;Jan
845;Order_Month;Jan
580;Order_Month;Sep
498;Order_Month;Jan
702;Order_Month;Apr
53;Order_Month;Aug
126;Order_Month;Mar
424;Order_Month;Jan
525;Order_Month;Jan
61;Order_Month;May
625;Order_Month;Mar
792;Order_Month;Sep
280;Order_Month;Apr
176;Order_Month;Apr
550;Order_Month;Jan
884;Order_Month;Feb
384;Order_Month;Apr
696;Order_Month;Feb
523;Order_Month;Jan
531;Order_Month;Dec
56;Order_Month;Jun
577;Order_Month;Jan
207;Order_Month;Feb
264;Order_Month;May
401;Order_Month;Jan
579;Order_Month;Aug
707;Order_Month;Mar
57;Order_Month;Jul
214;Order_Month;Feb
179;Order_Month;Sep
672;Order_Month;Jan
60;Order_Month;Nov
756;Order_Month;Jun
651;Order_Month;Jul
440;Order_Month;Jul
722;Order_Month;Feb
607;Order_Month;Jan
248;Order_Month;Mar
167;Order_Month;Jan
620;Order_Month;Nov
575;Order_Month;Jan
518;Order_Month;Apr
420;Order_Month;Apr
482;Order_Month;Feb
805;Order_Month;Mar
62;Order_Month;Feb
34;Order_Month;Sep
340;Order_Month;Aug
840;Order_Month;Sep
91;Order_Month;Jun
514;Order_Month;Jan
874;Order_Month;Mar
95;Order_Month;Feb
537;Order_Month;Jan
468;Order_Month;Jan
624;Order_Month;Feb
723;Order_Month;Jun
152;Order_Month;Dec
180;Order_Month;Jan
666;Order_Month;Apr
377;Order_Month;Apr
809;Order_Month;Feb
485;Order_Month;May
652;Order_Month;Nov
775;Order_Month;Apr
227;Order_Month;Jan
865;Order_Month;Feb
199;Order_Month;Jul
105;Order_Month;Feb
668;Order_Month;Oct
334;Order_Month;Oct
824;Order_Month;Apr
885;Order_Month;Jul
755;Order_Month;Jan
150;Order_Month;Jan
85;Order_Month;Oct
193;Order_Month;Jan
675;Order_Month;Sep
266;Order_Month;Dec
165;Order_Month;Dec
5;Order_Month;Nov
17;Order_Month;Aug
385;Order_Month;May
268;Order_Month;May
402;Order_Month;Jan
760;Order_Month;Apr
96;Order_Month;Jan
279;Order_Month;Jun
585;Order_Month;Feb
116;Order_Month;Nov
153;Order_Month;Jan
42;Order_Month;Apr
613;Order_Month;Apr
376;Order_Month;Feb
677;Order_Month;Jan
866;Order_Month;Dec
628;Order_Month;Jul
160;Order_Month;Jan
148;Order_Month;Mar
871;Order_Month;Aug
156;Order_Month;Jan
315;Order_Month;Mar
139;Order_Month;Mar
202;Order_Month;Apr
819;Order_Month;Jan
240;Order_Month;Jan
191;Order_Month;Jan
436;Order_Month;Oct
11;Order_Month;Apr
223;Order_Month;Feb
108;Order_Month;Feb
269;Order_Month;Nov
88;Order_Month;Mar
726;Order_Month;Apr
353;Order_Month;Dec
305;Order_Month;Nov
658;Order_Month;Jan
526;Order_Month;Jan
561;Order_Month;Jun
250;Order_Month;Mar
778;Order_Month;Nov
678;Order_Month;Jan
476;Order_Month;Jul
842;Order_Month;Sep
798;Order_Month;Feb
209;Order_Month;Jan
704;Order_Month;Jan
63;Order_Month;Jan
104;Order_Month;Dec
71;Order_Month;Dec
327;Order_Month;Mar
728;Order_Month;Jan
159;Order_Month;Feb
346;Order_Month;Jan
542;Order_Month;Mar
487;Order_Month;Nov
611;Order_Month;Mar
690;Order_Month;Aug
706;Order_Month;Jan
94;Order_Month;Nov
168;Order_Month;May
687;Order_Month;Jan
173;Order_Month;Sep
682;Order_Month;Jan
331;Order_Month;Feb
363;Order_Month;Jan
629;Order_Month;Jan
275;Order_Month;Aug
13;Order_Month;Jul
194;Order_Month;Feb
563;Order_Month;Jan
732;Order_Month;Aug
532;Order_Month;Jan
867;Order_Month;Jan
861;Order_Month;Mar
430;Order_Month;Dec
787;Order_Month;Feb
386;Order_Month;May
456;Order_Month;May
568;Order_Month;May
273;Order_Month;Jan
149;Order_Month;May
40;Order_Month;Dec
731;Order_Month;Mar
887;Order_Month;Mar
45;Order_Month;Jan
632;Order_Month;Jan
582;Order_Month;Jan
502;Order_Month;Dec
78;Order_Month;Nov
810;Order_Month;Jan
535;Order_Month;Mar
808;Order_Month;Dec
859;Order_Month;Jul
270;Order_Month;Dec
287;Order_Month;Jan
453;Order_Month;Feb
872;Order_Month;Jan
831;Order_Month;Dec
19;Order_Month;Feb
826;Order_Month;Apr
89;Order_Month;Jun
90;Order_Month;Dec
317;Order_Month;Jan
679;Order_Month;Apr
571;Order_Month;Jan
870;Order_Month;May
301;Order_Month;Jun
565;Order_Month;Dec
367;Order_Month;Mar
314;Order_Month;Jan
185;Order_Month;Jan
380;Order_Month;Jan
806;Order_Month;May
863;Order_Month;Jan
794;Order_Month;Feb
372;Order_Month;Jan
767;Order_Month;Apr
671;Order_Month;Feb
322;Order_Month;Sep
581;Order_Month;Mar
226;Order_Month;Feb
417;Order_Month;Jun
868;Order_Month;Jun
324;Order_Month;May
510;Order_Month;Feb
821;Order_Month;May
506;Order_Month;Jan
428;Order_Month;May
779;Order_Month;Apr
633;Order_Month;Jul
686;Order_Month;May
501;Order_Month;Jan
282;Order_Month;Mar
452;Order_Month;Feb
73;Order_Month;Jan
157;Order_Month;Dec
680;Order_Month;May
603;Order_Month;Apr
397;Order_Month;Feb
392;Order_Month;Oct
772;Order_Month;Jul
106;Order_Month;Jun
59;Order_Month;Oct
123;Order_Month;Nov
605;Order_Month;Feb
329;Order_Month;Nov
746;Order_Month;Mar
539;Order_Month;Jul
758;Order_Month;Jun
739;Order_Month;Oct
640;Order_Month;Apr
418;Order_Month;Mar
395;Order_Month;Oct
188;Order_Month;Mar
614;Order_Month;Feb
751;Order_Month;Sep
350;Order_Month;Feb
256;Order_Month;Apr
304;Order_Month;Jan
684;Order_Month;Jan
856;Order_Month;Aug
462;Order_Month;Feb
837;Order_Month;Dec
782;Order_Month;Apr
246;Order_Month;Sep
474;Order_Month;Sep
6;Order_Month;Jan
416;Order_Month;Feb
112;Order_Month;Apr
192;Order_Month;Mar
39;Order_Month;Mar
886;Order_Month;Jan
617;Order_Month;Apr
412;Order_Month;Jun
533;Order_Month;Mar
308;Order_Month;Dec
343;Order_Month;Mar
818;Order_Month;Nov
236;Order_Month;Jan
587;Order_Month;Jun
131;Order_Month;Apr
252;Order_Month;Jul
335;Order_Month;Sep
399;Order_Month;Jan
174;Order_Month;Jan
431;Order_Month;Jan
891;Order_Month;Nov
438;Order_Month;May
738;Order_Month;Jan
481;Order_Month;May
310;Order_Month;Oct
267;Order_Month;Nov
590;Order_Month;Jan
358;Order_Month;May
769;Order_Month;Jan
880;Order_Month;Jan
864;Order_Month;Jun
231;Order_Month;Feb
284;Order_Month;Aug
162;Order_Month;Feb
708;Order_Month;Mar
427;Order_Month;Mar
333;Order_Month;Jan
100;Order_Month;Jan
442;Order_Month;Jan
530;Order_Month;Jan
25;Order_Month;Sep
24;Order_Month;Oct
232;Order_Month;Feb
369;Order_Month;Jan
454;Order_Month;Jan
316;Order_Month;Jan
307;Order_Month;Jun
609;Order_Month;Aug
415;Order_Month;Sep
311;Order_Month;May
517;Order_Month;May
233;Order_Month;Jan
421;Order_Month;Mar
788;Order_Month;Feb
547;Order_Month;Mar
80;Order_Month;Oct
663;Order_Month;Oct
368;Order_Month;Feb
65;Order_Month;Dec
374;Order_Month;Dec
103;Order_Month;Mar
261;Order_Month;Mar
619;Order_Month;Jun
12;Order_Month;Feb
198;Order_Month;Dec
465;Order_Month;Jul
846;Order_Month;Feb
426;Order_Month;Jun
354;Order_Month;Feb
714;Order_Month;Dec
127;Order_Month;Dec
716;Order_Month;Apr
213;Order_Month;May
733;Order_Month;Jan
117;Order_Month;Aug
216;Order_Month;Dec
875;Order_Month;Jan
822;Order_Month;Feb
135;Order_Month;Mar
786;Order_Month;Nov
441;Order_Month;Feb
66;Order_Month;Jan
364;Order_Month;Jan
289;Order_Month;Mar
496;Order_Month;Jan
759;Order_Month;Apr
222;Order_Month;Jan
670;Order_Month;Nov
408;Order_Month;Jan
552;Order_Month;Feb
388;Order_Month;Feb
892;Order_Month;Feb
22;Order_Month;Dec
536;Order_Month;Mar
251;Order_Month;Dec
170;Order_Month;Feb
155;Order_Month;Mar
154;Order_Month;Dec
200;Order_Month;Jan
785;Order_Month;Mar
265;Order_Month;Mar
448;Order_Month;Jan
773;Order_Month;Apr
691;Order_Month;Feb
184;Order_Month;Jan
703;Order_Month;Jan
87;Order_Month;Jan
705;Order_Month;Jun
710;Order_Month;Apr
855;Order_Month;Feb
893;Order_Month;Feb
46;Order_Month;Mar
644;Order_Month;Jan
36;Order_Month;Feb
349;Order_Month;Sep
312;Order_Month;Jun
230;Order_Month;Oct
814;Order_Month;Jan
890;Order_Month;Mar
27;Order_Month;Dec
743;Order_Month;Jun
467;Order_Month;Jan
64;Order_Month;Dec
699;Order_Month;May
479;Order_Month;Mar
220;Order_Month;Oct
626;Order_Month;Nov
522;Order_Month;Jan
228;Order_Month;Jan
709;Order_Month;Jan
843;Order_Month;Feb
121;Order_Month;Jul
820;Order_Month;Jan
753;Order_Month;May
839;Order_Month;May
239;Order_Month;Feb
2;Order_Month;Jan
260;Order_Month;Oct
293;Order_Month;Sep
813;Order_Month;Feb
548;Order_Month;May
31;Order_Month;May
411;Order_Month;Sep
407;Order_Month;Jun
410;Order_Month;Sep
700;Order_Month;Mar
638;Order_Month;Feb
217;Order_Month;Jan
8;Order_Month;Mar
588;Order_Month;Oct
124;Order_Month;Jan
657;Order_Month;Dec
505;Order_Month;Feb
141;Order_Month;Sep
599;Order_Month;Apr
197;Order_Month;Jan
86;Order_Month;Mar
836;Order_Month;Dec
277;Order_Month;Feb
639;Order_Month;Jan
560;Order_Month;Mar
513;Order_Month;Apr
669;Order_Month;Oct
457;Order_Month;Jan
600;Order_Month;Mar
74;Order_Month;Sep
564;Order_Month;Jan
405;Order_Month;Apr
205;Order_Month;May
274;Order_Month;Nov
48;Order_Month;Jun
429;Order_Month;Apr
83;Order_Month;Jan
500;Order_Month;Aug
290;Order_Month;Jan
712;Order_Month;Nov
790;Order_Month;Jan
804;Order_Month;Jan
483;Order_Month;Jan
664;Order_Month;Aug
889;Order_Month;Feb
44;Order_Month;Jan
508;Order_Month;Feb
659;Order_Month;Mar
781;Order_Month;Dec
829;Order_Month;Dec
777;Order_Month;Apr
697;Order_Month;Jan
255;Order_Month;Nov
711;Order_Month;Nov
203;Order_Month;Jun
692;Order_Month;Jan
717;Order_Month;Apr
276;Order_Month;Feb
694;Order_Month;Apr
850;Order_Month;Apr
195;Order_Month;Jan
342;Order_Month;Jul
828;Order_Month;Sep
115;Order_Month;Jan
7;Order_Month;Feb
81;Order_Month;Jan
423;Order_Month;Jan
370;Order_Month;Jan
589;Order_Month;Jan
847;Order_Year;1986
720;Order_Year;1997
278;Order_Year;2006
40;Order_Year;1986
436;Order_Year;1977
782;Order_Year;1988
176;Order_Year;2007
266;Order_Year;1999
469;Order_Year;2004
438;Order_Year;1976
338;Order_Year;2007
548;Order_Year;1989
54;Order_Year;1979
568;Order_Year;2014
544;Order_Year;1988
511;Order_Year;1981
633;Order_Year;1976
567;Order_Year;2002
518;Order_Year;1988
841;Order_Year;2011
161;Order_Year;2002
699;Order_Year;2000
872;Order_Year;2005
606;Order_Year;2021
573;Order_Year;2017
259;Order_Year;2000
710;Order_Year;2008
299;Order_Year;2006
736;Order_Year;1997
9;Order_Year;2000
435;Order_Year;2018
420;Order_Year;1999
100;Order_Year;1984
90;Order_Year;2013
307;Order_Year;1976
104;Order_Year;2000
651;Order_Year;1982
500;Order_Year;1981
558;Order_Year;1966
114;Order_Year;2006
128;Order_Year;2016
843;Order_Year;2010
895;Order_Year;2006
132;Order_Year;1989
769;Order_Year;2012
744;Order_Year;1979
828;Order_Year;1988
328;Order_Year;2012
58;Order_Year;1972
473;Order_Year;1983
835;Order_Year;1966
885;Order_Year;1966
746;Order_Year;2003
295;Order_Year;2016
576;Order_Year;1998
723;Order_Year;1982
772;Order_Year;2014
889;Order_Year;1969
626;Order_Year;1973
475;Order_Year;1987
205;Order_Year;1986
852;Order_Year;1972
243;Order_Year;1972
42;Order_Year;2010
181;Order_Year;2008
385;Order_Year;1993
741;Order_Year;1995
267;Order_Year;1966
679;Order_Year;1981
864;Order_Year;1975
523;Order_Year;1964
805;Order_Year;2013
783;Order_Year;1974
448;Order_Year;1978
708;Order_Year;1967
330;Order_Year;2020
678;Order_Year;1969
287;Order_Year;1989
60;Order_Year;2012
635;Order_Year;2008
292;Order_Year;2014
562;Order_Year;1988
367;Order_Year;2017
700;Order_Year;1978
803;Order_Year;2015
323;Order_Year;1968
842;Order_Year;2015
806;Order_Year;2014
171;Order_Year;2008
444;Order_Year;1978
398;Order_Year;1976
358;Order_Year;2014
199;Order_Year;1981
509;Order_Year;1996
310;Order_Year;1998
622;Order_Year;1976
137;Order_Year;1999
177;Order_Year;1969
690;Order_Year;1996
541;Order_Year;1997
533;Order_Year;2007
109;Order_Year;2007
781;Order_Year;1979
698;Order_Year;2017
325;Order_Year;1988
220;Order_Year;2010
30;Order_Year;1997
707;Order_Year;2017
692;Order_Year;1965
659;Order_Year;2021
350;Order_Year;1969
282;Order_Year;1981
834;Order_Year;2018
331;Order_Year;2010
91;Order_Year;2000
208;Order_Year;2017
296;Order_Year;1980
745;Order_Year;1989
216;Order_Year;1999
654;Order_Year;1974
460;Order_Year;2013
717;Order_Year;1996
347;Order_Year;2018
374;Order_Year;1974
440;Order_Year;1999
402;Order_Year;1987
164;Order_Year;1996
620;Order_Year;1956
556;Order_Year;2011
840;Order_Year;2012
670;Order_Year;1978
547;Order_Year;2007
767;Order_Year;1988
598;Order_Year;1996
719;Order_Year;1965
756;Order_Year;1978
644;Order_Year;1968
516;Order_Year;2013
112;Order_Year;2021
212;Order_Year;2001
485;Order_Year;2021
786;Order_Year;1968
479;Order_Year;2007
549;Order_Year;2004
656;Order_Year;1980
820;Order_Year;2006
366;Order_Year;1995
19;Order_Year;1991
158;Order_Year;1993
52;Order_Year;1973
796;Order_Year;2014
595;Order_Year;1973
281;Order_Year;1972
845;Order_Year;1988
821;Order_Year;1993
123;Order_Year;2006
270;Order_Year;2018
771;Order_Year;1974
294;Order_Year;2013
565;Order_Year;2018
178;Order_Year;2014
120;Order_Year;1973
789;Order_Year;1961
159;Order_Year;2015
869;Order_Year;2015
276;Order_Year;2008
253;Order_Year;1978
111;Order_Year;1969
94;Order_Year;1979
209;Order_Year;1980
23;Order_Year;1966
711;Order_Year;1979
507;Order_Year;1999
250;Order_Year;2021
65;Order_Year;2016
542;Order_Year;1991
306;Order_Year;1966
352;Order_Year;2016
726;Order_Year;2008
15;Order_Year;1973
730;Order_Year;1991
390;Order_Year;1999
766;Order_Year;1978
77;Order_Year;2020
249;Order_Year;1972
863;Order_Year;1989
97;Order_Year;1988
410;Order_Year;1989
125;Order_Year;2007
110;Order_Year;1984
343;Order_Year;2007
453;Order_Year;2008
713;Order_Year;2019
755;Order_Year;1965
50;Order_Year;1997
227;Order_Year;2016
260;Order_Year;2001
660;Order_Year;1995
242;Order_Year;1996
578;Order_Year;1978
32;Order_Year;1997
129;Order_Year;1971
521;Order_Year;1982
891;Order_Year;2006
590;Order_Year;1971
566;Order_Year;1968
204;Order_Year;2001
514;Order_Year;1968
883;Order_Year;1965
34;Order_Year;1989
356;Order_Year;1969
577;Order_Year;2006
75;Order_Year;1987
245;Order_Year;1987
451;Order_Year;1967
459;Order_Year;1976
733;Order_Year;1979
703;Order_Year;1975
297;Order_Year;1996
122;Order_Year;1978
360;Order_Year;1974
694;Order_Year;1990
560;Order_Year;1997
788;Order_Year;1966
613;Order_Year;1981
777;Order_Year;1975
861;Order_Year;2014
687;Order_Year;1975
800;Order_Year;1996
833;Order_Year;1993
118;Order_Year;1997
571;Order_Year;1974
752;Order_Year;2008
486;Order_Year;1978
377;Order_Year;1970
156;Order_Year;1981
617;Order_Year;1965
855;Order_Year;1987
320;Order_Year;1991
647;Order_Year;2005
470;Order_Year;1977
224;Order_Year;1988
738;Order_Year;1981
130;Order_Year;2018
799;Order_Year;1979
672;Order_Year;1965
591;Order_Year;1973
888;Order_Year;1987
230;Order_Year;1983
264;Order_Year;2010
807;Order_Year;1986
605;Order_Year;2017
355;Order_Year;1989
742;Order_Year;1968
18;Order_Year;1986
797;Order_Year;2001
517;Order_Year;1994
608;Order_Year;1969
890;Order_Year;1997
780;Order_Year;1993
810;Order_Year;1969
811;Order_Year;1972
447;Order_Year;1966
623;Order_Year;1997
484;Order_Year;1965
829;Order_Year;1986
468;Order_Year;1968
482;Order_Year;1997
739;Order_Year;1996
201;Order_Year;2009
636;Order_Year;1998
332;Order_Year;2004
341;Order_Year;2016
586;Order_Year;1966
219;Order_Year;2013
637;Order_Year;1979
63;Order_Year;1987
308;Order_Year;1992
372;Order_Year;2014
203;Order_Year;1999
263;Order_Year;1963
853;Order_Year;2019
31;Order_Year;2018
552;Order_Year;1976
760;Order_Year;2002
135;Order_Year;2008
882;Order_Year;2005
170;Order_Year;1966
362;Order_Year;1986
318;Order_Year;1965
403;Order_Year;2013
676;Order_Year;1985
536;Order_Year;1980
145;Order_Year;1973
564;Order_Year;1968
697;Order_Year;2001
836;Order_Year;2009
602;Order_Year;1987
827;Order_Year;1978
497;Order_Year;1969
481;Order_Year;1980
69;Order_Year;1982
705;Order_Year;1983
727;Order_Year;1975
466;Order_Year;2016
483;Order_Year;1976
99;Order_Year;2000
441;Order_Year;1966
546;Order_Year;1987
174;Order_Year;2001
592;Order_Year;1990
480;Order_Year;2011
13;Order_Year;1991
858;Order_Year;1963
839;Order_Year;2000
537;Order_Year;1965
446;Order_Year;2014
580;Order_Year;2005
237;Order_Year;1974
239;Order_Year;1965
186;Order_Year;1974
522;Order_Year;1968
423;Order_Year;1988
222;Order_Year;2011
324;Order_Year;2014
182;Order_Year;1986
879;Order_Year;1968
691;Order_Year;1974
838;Order_Year;1974
725;Order_Year;2012
520;Order_Year;1992
83;Order_Year;1969
215;Order_Year;1975
265;Order_Year;1973
166;Order_Year;2000
508;Order_Year;1969
808;Order_Year;1997
747;Order_Year;1975
335;Order_Year;1969
515;Order_Year;1968
228;Order_Year;1969
252;Order_Year;2007
188;Order_Year;1973
206;Order_Year;1997
529;Order_Year;2004
880;Order_Year;1997
337;Order_Year;1988
825;Order_Year;1996
758;Order_Year;1976
1;Order_Year;1966
26;Order_Year;1979
35;Order_Year;1965
361;Order_Year;1996
757;Order_Year;1968
749;Order_Year;2016
712;Order_Year;2007
2;Order_Year;2002
180;Order_Year;1966
762;Order_Year;2007
454;Order_Year;1992
150;Order_Year;1980
886;Order_Year;2012
818;Order_Year;2006
279;Order_Year;2018
433;Order_Year;1964
6;Order_Year;1978
400;Order_Year;1968
255;Order_Year;1999
535;Order_Year;1992
133;Order_Year;1996
140;Order_Year;2006
61;Order_Year;2000
857;Order_Year;1988
496;Order_Year;2008
610;Order_Year;1990
373;Order_Year;1969
422;Order_Year;1991
652;Order_Year;1970
870;Order_Year;1980
874;Order_Year;2021
340;Order_Year;1998
409;Order_Year;1978
501;Order_Year;1973
147;Order_Year;1980
194;Order_Year;2004
43;Order_Year;2005
640;Order_Year;1996
884;Order_Year;2014
76;Order_Year;1993
600;Order_Year;2001
280;Order_Year;2002
408;Order_Year;1980
301;Order_Year;1975
16;Order_Year;1980
353;Order_Year;1979
801;Order_Year;1978
291;Order_Year;1992
44;Order_Year;1975
321;Order_Year;1990
688;Order_Year;2007
816;Order_Year;1956
68;Order_Year;1974
121;Order_Year;1963
302;Order_Year;2008
495;Order_Year;1966
826;Order_Year;1970
8;Order_Year;2000
143;Order_Year;1988
684;Order_Year;1999
478;Order_Year;1988
160;Order_Year;2008
195;Order_Year;1983
391;Order_Year;1991
397;Order_Year;2015
196;Order_Year;1989
413;Order_Year;1980
89;Order_Year;2006
464;Order_Year;2018
416;Order_Year;1980
631;Order_Year;2017
822;Order_Year;1979
200;Order_Year;1969
229;Order_Year;2017
754;Order_Year;1983
49;Order_Year;2014
589;Order_Year;1969
172;Order_Year;1973
115;Order_Year;1960
618;Order_Year;1967
530;Order_Year;1974
582;Order_Year;1994
419;Order_Year;1996
866;Order_Year;2013
551;Order_Year;1987
339;Order_Year;1961
487;Order_Year;1998
223;Order_Year;1979
225;Order_Year;1969
274;Order_Year;1965
316;Order_Year;2008
450;Order_Year;1967
657;Order_Year;2000
348;Order_Year;2003
499;Order_Year;1974
442;Order_Year;1977
862;Order_Year;1998
543;Order_Year;1972
667;Order_Year;1978
103;Order_Year;1996
553;Order_Year;1965
378;Order_Year;1985
386;Order_Year;1980
315;Order_Year;1992
458;Order_Year;2004
92;Order_Year;1966
524;Order_Year;1977
456;Order_Year;2013
73;Order_Year;1969
455;Order_Year;2014
851;Order_Year;2006
761;Order_Year;2017
615;Order_Year;1979
290;Order_Year;1980
151;Order_Year;1968
66;Order_Year;1974
404;Order_Year;2014
108;Order_Year;2011
46;Order_Year;2014
285;Order_Year;2003
107;Order_Year;1967
561;Order_Year;1979
492;Region;Europe
161;Region;Southeast Asia
681;Region;North America
186;Region;South America
401;Region;Southeast Asia
526;Region;Europe
390;Region;North America
374;Region;Southeast Asia
666;Region;East Asia
659;Region;North America
368;Region;Oceania
15;Region;North America
233;Region;North America
47;Region;North America
405;Region;Europe
749;Region;Oceania
221;Region;Southeast Asia
851;Region;Southeast Asia
322;Region;Europe
796;Region;East Asia
45;Region;East Asia
889;Region;Europe
310;Region;Southeast Asia
732;Region;North America
562;Region;North America
779;Region;East Asia
585;Region;Europe
553;Region;North America
822;Region;North America
72;Region;Europe
262;Region;Europe
103;Region;Southeast Asia
675;Region;North America
193;Region;North America
132;Region;North America
660;Region;Europe
274;Region;North America
440;Region;East Asia
231;Region;North America
41;Region;North America
55;Region;South America
84;Region;North America
616;Region;Central America and Mexico
766;Region;North America
343;Region;Europe
313;Region;East Asia
59;Region;Southeast Asia
203;Region;Europe
488;Region;East Asia
20;Region;Africa
564;Region;Europe
457;Region;North America
199;Region;South America
455;Region;Europe
776;Region;North America
556;Region;Europe
185;Region;Europe
422;Region;Oceania
670;Region;North America
81;Region;South America
459;Region;Africa
567;Region;Southeast Asia
619;Region;Europe
750;Region;Europe
466;Region;Europe
570;Region;Middle East
268;Region;Europe
561;Region;Oceania
815;Region;South America
21;Region;North America
872;Region;North America
673;Region;North America
500;Region;Africa
723;Region;Europe
385;Region;East Asia
821;Region;Southeast Asia
463;Region;North America
871;Region;Europe
71;Region;North America
408;Region;South America
632;Region;North America
243;Region;Europe
158;Region;North America
80;Region;Middle East
638;Region;North America
61;Region;Europe
411;Region;North America
480;Region;Europe
845;Region;Southeast Asia
363;Region;Africa
671;Region;Southeast Asia
379;Region;North America
477;Region;Caribbean
782;Region;Europe
330;Region;North America
469;Region;Middle East
265;Region;North America
205;Region;Central America and Mexico
502;Region;Europe
743;Region;Africa
587;Region;Africa
491;Region;Unidentified
333;Region;North America
759;Region;Africa
863;Region;Europe
437;Region;South America
509;Region;East Asia
9;Region;North America
563;Region;Europe
42;Region;Middle East
890;Region;Africa
118;Region;Africa
676;Region;East Asia
175;Region;East Asia
218;Region;North America
89;Region;Europe
365;Region;Europe
866;Region;East Asia
91;Region;North America
302;Region;Southeast Asia
472;Region;Southeast Asia
709;Region;North America
424;Region;Europe
840;Region;Europe
164;Region;North America
508;Region;Oceania
366;Region;Southeast Asia
3;Region;Europe
40;Region;East Asia
239;Region;Europe
216;Region;Europe
652;Region;North America
75;Region;Europe
608;Region;South America
520;Region;Middle East
627;Region;East Asia
225;Region;North America
595;Region;North America
714;Region;North America
143;Region;Europe
844;Region;Europe
852;Region;North America
832;Region;North America
694;Region;Europe
34;Region;Central America and Mexico
146;Region;East Asia
484;Region;North America
735;Region;Central Asia
449;Region;East Asia
720;Region;Europe
797;Region;East Asia
371;Region;South America
772;Region;North America
108;Region;Middle East
93;Region;Middle East
637;Region;North America
217;Region;Europe
246;Region;Middle East
44;Region;Southeast Asia
763;Region;Southeast Asia
294;Region;East Asia
874;Region;North America
82;Region;North America
406;Region;Europe
607;Region;East Asia
841;Region;Europe
648;Region;Middle East
100;Region;Africa
123;Region;Europe
74;Region;Europe
230;Region;Middle East
691;Region;North America
26;Region;North America
187;Region;Africa
476;Region;Middle East
764;Region;North America
837;Region;Europe
802;Region;Africa
739;Region;North America
352;Region;Europe
835;Region;North America
120;Region;Southeast Asia
348;Region;Europe
572;Region;Europe
803;Region;Oceania
493;Region;North America
680;Region;Europe
482;Region;North America
778;Region;Africa
658;Region;North America
816;Region;Europe
432;Region;Europe
273;Region;Africa
165;Region;East Asia
261;Region;Africa
799;Region;North America
710;Region;Middle East
242;Region;Europe
314;Region;North America
818;Region;Europe
125;Region;South America
771;Region;Middle East
507;Region;Central America and Mexico
126;Region;Africa
628;Region;Central America and Mexico
546;Region;Europe
774;Region;Middle East
665;Region;North America
686;Region;Southeast Asia
478;Region;Europe
65;Region;East Asia
355;Region;Middle East
571;Region;Africa
795;Region;Europe
316;Region;Central Asia
892;Region;North America
105;Region;Europe
467;Region;Europe
734;Region;Europe
787;Region;East Asia
538;Region;Europe
416;Region;Europe
288;Region;East Asia
590;Region;Europe
568;Region;East Asia
413;Region;North America
682;Region;Europe
544;Region;Africa
102;Region;North America
748;Region;Europe
885;Region;North America
453;Region;East Asia
438;Region;Africa
148;Region;Africa
98;Region;South America
827;Region;Central America and Mexico
636;Region;North America
202;Region;Europe
258;Region;North America
622;Region;Middle East
25;Region;Africa
468;Region;North America
276;Region;Southeast Asia
690;Region;Europe
724;Region;North America
445;Region;Europe
11;Region;Europe
159;Region;Central Asia
359;Region;Europe
23;Region;Europe
177;Region;Europe
90;Region;East Asia
60;Region;Southeast Asia
639;Region;North America
588;Region;East Asia
598;Region;North America
156;Region;Europe
325;Region;Europe
537;Region;Europe
227;Region;Oceania
504;Region;Southeast Asia
244;Region;South America
104;Region;Oceania
99;Region;East Asia
857;Region;Europe
439;Region;North America
533;Region;Middle East
252;Region;Europe
418;Region;South Asia
591;Region;Africa
729;Region;North America
600;Region;North America
260;Region;Oceania
277;Region;Europe
611;Region;Africa
695;Region;Europe
140;Region;North America
706;Region;Southeast Asia
786;Region;North America
560;Region;Europe
525;Region;North America
826;Region;Africa
574;Region;North America
517;Region;Europe
12;Region;Europe
197;Region;North America
744;Region;Middle East
510;Region;Africa
53;Region;North America
425;Region;South America
534;Region;Africa
717;Region;Europe
860;Region;Europe
200;Region;North America
539;Region;Europe
399;Region;North America
498;Region;Europe
224;Region;Europe
736;Region;East Asia
461;Region;South Asia
610;Region;Central Asia
308;Region;East Asia
292;Region;Europe
160;Region;Middle East
828;Region;Europe
810;Region;North America
249;Region;North America
151;Region;Europe
442;Region;Europe
213;Region;East Asia
354;Region;Europe
304;Region;Africa
712;Region;North America
731;Region;Middle East
153;Region;Africa
106;Region;Europe
272;Region;Europe
190;Region;Africa
369;Region;North America
824;Region;East Asia
334;Region;Europe
730;Region;Europe
398;Region;Europe
698;Region;Europe
13;Region;Europe
174;Region;North America
66;Region;North America
147;Region;North America
754;Region;Africa
475;Region;Europe
697;Region;North America
699;Region;Europe
396;Region;North America
257;Region;Europe
301;Region;North America
596;Region;Africa
347;Region;Europe
121;Region;North America
172;Region;Caribbean
428;Region;Central Asia
800;Region;Southeast Asia
606;Region;Caribbean
420;Region;Africa
873;Region;Europe
433;Region;East Asia
320;Region;East Asia
524;Region;North America
721;Region;Central Asia
85;Region;Africa
22;Region;Europe
326;Region;Oceania
898;Region;Europe
327;Region;Europe
119;Region;Europe
188;Region;North America
351;Region;Africa
315;Region;Europe
414;Region;Central America and Mexico
573;Region;Central Asia
646;Region;Europe
344;Region;North America
458;Region;North America
383;Region;Southeast Asia
605;Region;East Asia
663;Region;Europe
68;Region;Africa
820;Region;South Asia
503;Region;North America
380;Region;Europe
814;Region;Middle East
804;Region;North America
893;Region;Africa
303;Region;Europe
206;Region;Europe
415;Region;Europe
332;Region;Oceania
549;Region;East Asia
237;Region;Africa
208;Region;Europe
94;Region;Europe
245;Region;Europe
522;Region;North America
10;Region;Europe
793;Region;North America
285;Region;Europe
427;Region;Europe
259;Region;Europe
39;Region;Europe
667;Region;Europe
124;Region;North America
870;Region;Europe
688;Region;Oceania
541;Region;Europe
653;Region;Europe
490;Region;East Asia
397;Region;Southeast Asia
825;Region;North America
823;Region;South Asia
494;Region;Middle East
602;Region;Europe
150;Region;North America
726;Region;South Asia
805;Region;East Asia
209;Region;Oceania
189;Region;North America
612;Region;Central Asia
742;Region;Europe
117;Region;North America
725;Region;Europe
382;Region;Oceania
296;Region;Caribbean
79;Region;Africa
486;Region;Africa
654;Region;Oceania
134;Region;Europe
512;Region;Europe
452;Region;North America
43;Region;East Asia
887;Region;North America
829;Region;East Asia
516;Region;East Asia
170;Region;Southeast Asia
878;Region;Europe
624;Region;Middle East
881;Region;Southeast Asia
229;Region;East Asia
669;Region;Oceania
784;Region;Africa
566;Region;North America
843;Region;Europe
300;Region;North America
6;Region;South America
649;Region;Europe
389;Region;North America
884;Region;Europe
167;Region;Europe
873;Delivery_Total;1
288;Delivery_Total;1
865;Delivery_Total;3
188;Delivery_Total;1
402;Delivery_Total;1
50;Delivery_Total;1
156;Delivery_Total;1
437;Delivery_Total;1
838;Delivery_Total;3
569;Delivery_Total;1
25;Delivery_Total;1
6;Delivery_Total;2
504;Delivery_Total;3
229;Delivery_Total;2
697;Delivery_Total;2
253;Delivery_Total;1
120;Delivery_Total;3
417;Delivery_Total;1
896;Delivery_Total;1
380;Delivery_Total;6
364;Delivery_Total;1
39;Delivery_Total;1
502;Delivery_Total;1
444;Delivery_Total;1
135;Delivery_Total;2
520;Delivery_Total;1
769;Delivery_Total;4
671;Delivery_Total;1
413;Delivery_Total;3
405;Delivery_Total;1
370;Delivery_Total;1
555;Delivery_Total;2
821;Delivery_Total;2
306;Delivery_Total;3
736;Delivery_Total;1
704;Delivery_Total;2
771;Delivery_Total;2
269;Delivery_Total;1
408;Delivery_Total;4
168;Delivery_Total;2
570;Delivery_Total;4
854;Delivery_Total;1
691;Delivery_Total;4
271;Delivery_Total;1
676;Delivery_Total;5
454;Delivery_Total;1
708;Delivery_Total;1
740;Delivery_Total;1
473;Delivery_Total;1
759;Delivery_Total;1
718;Delivery_Total;1
251;Delivery_Total;1
430;Delivery_Total;1
341;Delivery_Total;1
171;Delivery_Total;6
211;Delivery_Total;1
650;Delivery_Total;3
275;Delivery_Total;1
433;Delivery_Total;3
748;Delivery_Total;1
534;Delivery_Total;1
750;Delivery_Total;4
177;Delivery_Total;1
143;Delivery_Total;1
443;Delivery_Total;1
346;Delivery_Total;3
130;Delivery_Total;1
874;Delivery_Total;2
246;Delivery_Total;1
236;Delivery_Total;1
160;Delivery_Total;2
186;Delivery_Total;6
613;Delivery_Total;4
853;Delivery_Total;2
544;Delivery_Total;1
694;Delivery_Total;1
811;Delivery_Total;1
738;Delivery_Total;1
599;Delivery_Total;2
459;Delivery_Total;1
398;Delivery_Total;2
26;Delivery_Total;4
766;Delivery_Total;3
258;Delivery_Total;1
505;Delivery_Total;1
224;Delivery_Total;1
146;Delivery_Total;8
304;Delivery_Total;1
339;Delivery_Total;2
67;Delivery_Total;9
728;Delivery_Total;3
122;Delivery_Total;2
741;Delivery_Total;2
349;Delivery_Total;2
201;Delivery_Total;1
693;Delivery_Total;10
199;Delivery_Total;3
690;Delivery_Total;2
244;Delivery_Total;2
83;Delivery_Total;1
470;Delivery_Total;1
461;Delivery_Total;2
363;Delivery_Total;1
548;Delivery_Total;1
456;Delivery_Total;8
529;Delivery_Total;1
321;Delivery_Total;2
358;Delivery_Total;1
266;Delivery_Total;1
190;Delivery_Total;1
100;Delivery_Total;3
252;Delivery_Total;1
654;Delivery_Total;1
425;Delivery_Total;2
128;Delivery_Total;1
506;Delivery_Total;5
241;Delivery_Total;2
554;Delivery_Total;2
378;Delivery_Total;1
866;Delivery_Total;3
775;Delivery_Total;2
476;Delivery_Total;4
23;Delivery_Total;5
111;Delivery_Total;1
101;Delivery_Total;1
870;Delivery_Total;5
537;Delivery_Total;2
678;Delivery_Total;2
483;Delivery_Total;1
622;Delivery_Total;2
38;Delivery_Total;2
859;Delivery_Total;1
797;Delivery_Total;1
202;Delivery_Total;1
733;Delivery_Total;1
296;Delivery_Total;1
114;Delivery_Total;2
696;Delivery_Total;1
841;Delivery_Total;2
448;Delivery_Total;1
424;Delivery_Total;1
140;Delivery_Total;1
243;Delivery_Total;1
195;Delivery_Total;1
831;Delivery_Total;4
290;Delivery_Total;1
800;Delivery_Total;1
614;Delivery_Total;7
223;Delivery_Total;1
491;Delivery_Total;1
431;Delivery_Total;3
144;Delivery_Total;1
249;Delivery_Total;2
795;Delivery_Total;4
89;Delivery_Total;1
326;Delivery_Total;2
295;Delivery_Total;2
652;Delivery_Total;1
587;Delivery_Total;1
355;Delivery_Total;1
705;Delivery_Total;4
94;Delivery_Total;1
97;Delivery_Total;1
81;Delivery_Total;1
752;Delivery_Total;4
141;Delivery_Total;1
573;Delivery_Total;1
184;Delivery_Total;2
17;Delivery_Total;1
644;Delivery_Total;1
609;Delivery_Total;1
540;Delivery_Total;2
282;Delivery_Total;1
526;Delivery_Total;2
673;Delivery_Total;1
34;Delivery_Total;2
887;Delivery_Total;1
737;Delivery_Total;1
273;Delivery_Total;1
675;Delivery_Total;2
623;Delivery_Total;2
386;Delivery_Total;1
420;Delivery_Total;1
9;Delivery_Total;2
207;Delivery_Total;3
890;Delivery_Total;1
69;Delivery_Total;1
885;Delivery_Total;1
447;Delivery_Total;2
616;Delivery_Total;1
117;Delivery_Total;2
313;Delivery_Total;2
837;Delivery_Total;2
857;Delivery_Total;1
112;Delivery_Total;5
297;Delivery_Total;1
637;Delivery_Total;1
848;Delivery_Total;1
627;Delivery_Total;2
33;Delivery_Total;3
136;Delivery_Total;1
695;Delivery_Total;1
672;Delivery_Total;2
546;Delivery_Total;3
351;Delivery_Total;1
527;Delivery_Total;6
780;Delivery_Total;3
721;Delivery_Total;2
677;Delivery_Total;1
565;Delivery_Total;1
227;Delivery_Total;1
453;Delivery_Total;2
556;Delivery_Total;3
648;Delivery_Total;2
791;Delivery_Total;2
442;Delivery_Total;1
779;Delivery_Total;2
234;Delivery_Total;3
267;Delivery_Total;2
500;Delivery_Total;1
641;Delivery_Total;1
758;Delivery_Total;2
762;Delivery_Total;1
438;Delivery_Total;2
861;Delivery_Total;3
180;Delivery_Total;10
480;Delivery_Total;2
689;Delivery_Total;1
747;Delivery_Total;3
47;Delivery_Total;3
743;Delivery_Total;4
536;Delivery_Total;2
884;Delivery_Total;4
107;Delivery_Total;1
653;Delivery_Total;1
372;Delivery_Total;4
133;Delivery_Total;1
138;Delivery_Total;5
61;Delivery_Total;2
798;Delivery_Total;1
20;Delivery_Total;1
379;Delivery_Total;1
579;Delivery_Total;1
531;Delivery_Total;4
493;Delivery_Total;1
808;Delivery_Total;1
575;Delivery_Total;9
789;Delivery_Total;1
878;Delivery_Total;2
62;Delivery_Total;1
216;Delivery_Total;4
776;Delivery_Total;1
833;Delivery_Total;1
663;Delivery_Total;5
892;Delivery_Total;2
590;Delivery_Total;3
466;Delivery_Total;3
245;Delivery_Total;1
722;Delivery_Total;3
294;Delivery_Total;4
125;Delivery_Total;4
302;Delivery_Total;16
819;Delivery_Total;1
723;Delivery_Total;3
679;Delivery_Total;1
391;Delivery_Total;3
669;Delivery_Total;1
203;Delivery_Total;2
867;Delivery_Total;1
426;Delivery_Total;7
715;Delivery_Total;1
572;Delivery_Total;2
102;Delivery_Total;1
435;Delivery_Total;1
428;Delivery_Total;1
86;Delivery_Total;1
681;Delivery_Total;1
240;Delivery_Total;1
755;Delivery_Total;1
508;Delivery_Total;1
642;Delivery_Total;1
864;Delivery_Total;1
558;Delivery_Total;1
571;Delivery_Total;1
45;Delivery_Total;1
698;Delivery_Total;6
522;Delivery_Total;1
602;Delivery_Total;1
731;Delivery_Total;1
242;Delivery_Total;2
299;Delivery_Total;2
43;Delivery_Total;1
816;Delivery_Total;2
22;Delivery_Total;1
400;Delivery_Total;3
472;Delivery_Total;5
237;Delivery_Total;2
381;Delivery_Total;4
547;Delivery_Total;1
880;Delivery_Total;1
578;Delivery_Total;3
655;Delivery_Total;1
657;Delivery_Total;1
455;Delivery_Total;4
333;Delivery_Total;1
539;Delivery_Total;4
876;Delivery_Total;1
452;Delivery_Total;3
298;Delivery_Total;3
514;Delivery_Total;1
196;Delivery_Total;1
233;Delivery_Total;2
879;Delivery_Total;2
317;Delivery_Total;1
451;Delivery_Total;1
481;Delivery_Total;4
478;Delivery_Total;1
322;Delivery_Total;14
52;Delivery_Total;3
484;Delivery_Total;3
822;Delivery_Total;2
629;Delivery_Total;3
345;Delivery_Total;1
32;Delivery_Total;1
397;Delivery_Total;3
631;Delivery_Total;1
692;Delivery_Total;1
624;Delivery_Total;2
374;Delivery_Total;1
40;Delivery_Total;2
634;Delivery_Total;1
164;Delivery_Total;3
373;Delivery_Total;1
149;Delivery_Total;2
390;Delivery_Total;3
389;Delivery_Total;2
577;Delivery_Total;3
525;Delivery_Total;1
773;Delivery_Total;1
108;Delivery_Total;3
496;Delivery_Total;5
709;Delivery_Total;4
781;Delivery_Total;1
343;Delivery_Total;7
807;Delivery_Total;3
432;Delivery_Total;3
247;Delivery_Total;1
394;Delivery_Total;2
836;Delivery_Total;2
639;Delivery_Total;1
882;Delivery_Total;6
95;Delivery_Total;2
78;Delivery_Total;1
360;Delivery_Total;6
852;Delivery_Total;1
875;Delivery_Total;1
703;Delivery_Total;4
316;Delivery_Total;1
463;Delivery_Total;1
557;Delivery_Total;1
8;Delivery_Total;1
753;Delivery_Total;2
702;Delivery_Total;12
21;Delivery_Total;4
310;Delivery_Total;4
385;Delivery_Total;1
139;Delivery_Total;1
635;Delivery_Total;2
406;Delivery_Total;2
660;Delivery_Total;2
99;Delivery_Total;2
792;Delivery_Total;2
383;Delivery_Total;1
179;Delivery_Total;2
11;Delivery_Total;2
552;Delivery_Total;1
90;Delivery_Total;3
284;Delivery_Total;3
254;Delivery_Total;1
320;Delivery_Total;1
281;Delivery_Total;1
735;Delivery_Total;1
707;Delivery_Total;1
588;Delivery_Total;1
7;Delivery_Total;3
712;Delivery_Total;4
105;Delivery_Total;2
277;Delivery_Total;1
75;Delivery_Total;2
700;Delivery_Total;1
883;Delivery_Total;1
274;Delivery_Total;1
625;Delivery_Total;1
53;Delivery_Total;2
57;Delivery_Total;2
594;Delivery_Total;1
359;Delivery_Total;1
256;Delivery_Total;2
152;Delivery_Total;2
664;Delivery_Total;2
434;Delivery_Total;1
10;Delivery_Total;2
36;Delivery_Total;2
687;Delivery_Total;1
166;Delivery_Total;4
465;Delivery_Total;2
187;Delivery_Total;2
462;Delivery_Total;2
387;Delivery_Total;3
519;Delivery_Total;12
285;Delivery_Total;1
593;Delivery_Total;1
289;Delivery_Total;2
567;Delivery_Total;2
576;Delivery_Total;2
347;Delivery_Total;1
607;Delivery_Total;3
327;Delivery_Total;1
586;Delivery_Total;2
471;Delivery_Total;2
551;Delivery_Total;3
161;Delivery_Total;2
668;Delivery_Total;1
84;Delivery_Total;9
516;Delivery_Total;6
823;Delivery_Total;1
621;Delivery_Total;2
167;Delivery_Total;1
806;Delivery_Total;1
392;Delivery_Total;2
630;Delivery_Total;5
809;Delivery_Total;1
106;Delivery_Total;3
851;Delivery_Total;4
183;Delivery_Total;1
550;Delivery_Total;2
518;Delivery_Total;2
314;Delivery_Total;3
788;Delivery_Total;3
850;Delivery_Total;2
717;Delivery_Total;2
159;Delivery_Total;1
777;Delivery_Total;1
782;Delivery_Total;1
276;Delivery_Total;4
121;Delivery_Total;1
71;Delivery_Total;2
499;Delivery_Total;3
725;Delivery_Total;10
827;Delivery_Total;1
147;Delivery_Total;2
742;Delivery_Total;1
55;Delivery_Total;1
640;Delivery_Total;1
476;Order_Total;4
571;Order_Total;1
196;Order_Total;1
878;Order_Total;2
90;Order_Total;3
839;Order_Total;4
841;Order_Total;2
71;Order_Total;2
728;Order_Total;3
477;Order_Total;1
41;Order_Total;1
391;Order_Total;3
102;Order_Total;1
33;Order_Total;3
139;Order_Total;1
154;Order_Total;1
847;Order_Total;5
544;Order_Total;1
156;Order_Total;1
771;Order_Total;2
262;Order_Total;4
70;Order_Total;4
441;Order_Total;2
322;Order_Total;14
130;Order_Total;1
117;Order_Total;2
503;Order_Total;1
745;Order_Total;1
675;Order_Total;2
608;Order_Total;1
670;Order_Total;1
368;Order_Total;1
565;Order_Total;1
278;Order_Total;2
359;Order_Total;1
755;Order_Total;1
705;Order_Total;4
134;Order_Total;1
54;Order_Total;6
120;Order_Total;3
19;Order_Total;2
497;Order_Total;1
51;Order_Total;3
514;Order_Total;1
379;Order_Total;1
182;Order_Total;1
260;Order_Total;1
224;Order_Total;1
53;Order_Total;2
844;Order_Total;1
68;Order_Total;1
529;Order_Total;1
85;Order_Total;4
419;Order_Total;1
820;Order_Total;1
739;Order_Total;4
854;Order_Total;1
463;Order_Total;1
690;Order_Total;2
308;Order_Total;3
286;Order_Total;7
66;Order_Total;8
882;Order_Total;6
377;Order_Total;1
520;Order_Total;1
850;Order_Total;2
516;Order_Total;6
819;Order_Total;1
582;Order_Total;1
248;Order_Total;1
558;Order_Total;1
227;Order_Total;1
32;Order_Total;1
801;Order_Total;3
824;Order_Total;2
442;Order_Total;1
485;Order_Total;1
596;Order_Total;3
307;Order_Total;1
885;Order_Total;1
541;Order_Total;6
239;Order_Total;3
769;Order_Total;4
10;Order_Total;2
332;Order_Total;2
770;Order_Total;2
250;Order_Total;2
746;Order_Total;1
482;Order_Total;1
827;Order_Total;1
897;Order_Total;2
272;Order_Total;2
158;Order_Total;5
723;Order_Total;3
435;Order_Total;1
364;Order_Total;1
846;Order_Total;1
366;Order_Total;1
579;Order_Total;1
484;Order_Total;3
167;Order_Total;1
843;Order_Total;2
457;Order_Total;4
804;Order_Total;1
510;Order_Total;3
280;Order_Total;1
459;Order_Total;1
411;Order_Total;2
545;Order_Total;1
607;Order_Total;3
546;Order_Total;3
635;Order_Total;2
857;Order_Total;1
776;Order_Total;1
237;Order_Total;2
3;Order_Total;1
837;Order_Total;2
498;Order_Total;2
101;Order_Total;1
768;Order_Total;1
671;Order_Total;1
316;Order_Total;1
467;Order_Total;4
114;Order_Total;2
676;Order_Total;5
416;Order_Total;1
295;Order_Total;2
176;Order_Total;2
473;Order_Total;1
311;Order_Total;1
700;Order_Total;1
892;Order_Total;2
767;Order_Total;1
271;Order_Total;1
883;Order_Total;1
370;Order_Total;1
439;Order_Total;1
321;Order_Total;2
732;Order_Total;1
333;Order_Total;1
168;Order_Total;2
383;Order_Total;1
141;Order_Total;1
185;Order_Total;2
335;Order_Total;1
568;Order_Total;4
126;Order_Total;1
346;Order_Total;3
276;Order_Total;4
634;Order_Total;1
305;Order_Total;2
112;Order_Total;5
870;Order_Total;5
896;Order_Total;1
653;Order_Total;1
110;Order_Total;2
384;Order_Total;6
738;Order_Total;1
105;Order_Total;2
714;Order_Total;2
658;Order_Total;7
265;Order_Total;1
762;Order_Total;1
677;Order_Total;1
594;Order_Total;1
879;Order_Total;2
338;Order_Total;2
151;Order_Total;2
221;Order_Total;3
415;Order_Total;8
312;Order_Total;5
301;Order_Total;1
561;Order_Total;1
869;Order_Total;5
187;Order_Total;2
765;Order_Total;2
146;Order_Total;8
539;Order_Total;4
293;Order_Total;1
840;Order_Total;7
369;Order_Total;2
779;Order_Total;2
537;Order_Total;2
531;Order_Total;4
408;Order_Total;4
641;Order_Total;1
351;Order_Total;1
642;Order_Total;1
521;Order_Total;2
358;Order_Total;1
28;Order_Total;2
133;Order_Total;1
119;Order_Total;1
449;Order_Total;2
495;Order_Total;2
417;Order_Total;1
832;Order_Total;3
822;Order_Total;2
834;Order_Total;4
620;Order_Total;1
522;Order_Total;1
6;Order_Total;2
268;Order_Total;2
128;Order_Total;1
95;Order_Total;2
331;Order_Total;2
721;Order_Total;2
17;Order_Total;1
788;Order_Total;3
337;Order_Total;1
777;Order_Total;1
382;Order_Total;2
725;Order_Total;10
601;Order_Total;1
494;Order_Total;1
696;Order_Total;1
795;Order_Total;4
733;Order_Total;1
205;Order_Total;1
247;Order_Total;1
455;Order_Total;4
424;Order_Total;1
860;Order_Total;1
326;Order_Total;2
727;Order_Total;2
597;Order_Total;1
483;Order_Total;1
297;Order_Total;1
430;Order_Total;1
496;Order_Total;5
447;Order_Total;2
518;Order_Total;2
648;Order_Total;2
760;Order_Total;11
673;Order_Total;1
440;Order_Total;1
98;Order_Total;1
507;Order_Total;4
109;Order_Total;3
890;Order_Total;1
82;Order_Total;1
805;Order_Total;4
18;Order_Total;1
290;Order_Total;1
809;Order_Total;1
730;Order_Total;1
197;Order_Total;2
796;Order_Total;2
174;Order_Total;2
88;Order_Total;2
242;Order_Total;2
180;Order_Total;10
609;Order_Total;1
212;Order_Total;2
480;Order_Total;2
611;Order_Total;1
188;Order_Total;1
80;Order_Total;1
729;Order_Total;2
511;Order_Total;2
469;Order_Total;1
640;Order_Total;1
814;Order_Total;3
165;Order_Total;1
848;Order_Total;1
412;Order_Total;1
691;Order_Total;4
389;Order_Total;2
433;Order_Total;3
563;Order_Total;3
818;Order_Total;2
34;Order_Total;2
159;Order_Total;1
232;Order_Total;5
418;Order_Total;1
259;Order_Total;4
861;Order_Total;3
291;Order_Total;1
645;Order_Total;4
891;Order_Total;1
598;Order_Total;2
445;Order_Total;2
583;Order_Total;1
399;Order_Total;1
488;Order_Total;3
784;Order_Total;1
630;Order_Total;5
456;Order_Total;8
420;Order_Total;1
13;Order_Total;1
644;Order_Total;1
602;Order_Total;1
639;Order_Total;1
83;Order_Total;1
215;Order_Total;1
489;Order_Total;1
684;Order_Total;1
390;Order_Total;3
856;Order_Total;2
9;Order_Total;2
148;Order_Total;1
22;Order_Total;1
11;Order_Total;2
4;Order_Total;2
747;Order_Total;3
218;Order_Total;1
306;Order_Total;3
1;Order_Total;3
592;Order_Total;1
431;Order_Total;3
363;Order_Total;1
853;Order_Total;2
138;Order_Total;5
61;Order_Total;2
300;Order_Total;10
743;Order_Total;4
894;Order_Total;1
678;Order_Total;2
842;Order_Total;5
47;Order_Total;3
689;Order_Total;1
668;Order_Total;1
858;Order_Total;3
255;Order_Total;1
124;Order_Total;1
198;Order_Total;3
554;Order_Total;2
758;Order_Total;2
652;Order_Total;1
173;Order_Total;2
2;Order_Total;2
164;Order_Total;3
155;Order_Total;1
774;Order_Total;2
397;Order_Total;3
528;Order_Total;3
562;Order_Total;2
266;Order_Total;1
407;Order_Total;3
443;Order_Total;1
868;Order_Total;1
121;Order_Total;1
14;Order_Total;1
217;Order_Total;1
39;Order_Total;1
740;Order_Total;1
153;Order_Total;1
780;Order_Total;3
617;Order_Total;2
761;Order_Total;1
877;Order_Total;2
64;Order_Total;1
851;Order_Total;4
446;Order_Total;4
599;Order_Total;2
345;Order_Total;1
96;Order_Total;1
317;Order_Total;1
246;Order_Total;1
45;Order_Total;1
693;Order_Total;10
122;Order_Total;2
508;Order_Total;1
711;Order_Total;1
724;Order_Total;2
523;Order_Total;1
569;Order_Total;1
717;Order_Total;2
547;Order_Total;1
285;Order_Total;1
436;Order_Total;1
749;Order_Total;3
548;Order_Total;1
29;Order_Total;0
277;Order_Total;1
451;Order_Total;1
38;Order_Total;2
604;Order_Total;5
586;Order_Total;2
269;Order_Total;1
587;Order_Total;1
866;Order_Total;3
234;Order_Total;3
30;Order_Total;5
429;Order_Total;1
341;Order_Total;1
353;Order_Total;1
626;Order_Total;1
606;Order_Total;1
149;Order_Total;2
593;Order_Total;1
862;Order_Total;1
573;Order_Total;1
365;Order_Total;1
792;Order_Total;2
828;Order_Total;4
556;Order_Total;3
292;Order_Total;2
175;Order_Total;1
636;Order_Total;2
849;Order_Total;1
595;Order_Total;2
192;Order_Total;1
352;Order_Total;7
506;Order_Total;5
585;Order_Total;1
202;Order_Total;1
131;Order_Total;4
519;Order_Total;12
492;Order_Total;1
48;Order_Total;2
786;Order_Total;1
453;Order_Total;2
325;Order_Total;2
657;Order_Total;1
789;Order_Total;1
461;Order_Total;2
298;Order_Total;3
12;Order_Total;1
753;Order_Total;2
