3859;FilmID;tt0096054
3291;FilmID;tt0120663
3236;Rating;6.7
3392;Year;2000
1902;Year;2004
3584;ActorID;nm1146051
2336;Votes;83514
3427;Year;2009
2141;Actor;Tamsin Egerton
505;Film;Remember Me
1647;ActorID;nm0176073
506;Film;Cuban Blood
1050;FilmID;tt0207638
2442;Actor;Kae Alexander
2892;ActorID;nm0000205
1732;FilmID;tt0104187
735;Actor;Marie Windsor
253;FilmID;tt2184219
1776;FilmID;tt2097307
295;Rating;4.3
415;Year;1997
611;Votes;574
1611;FilmID;tt0922547
2611;FilmID;tt0455805
2890;Year;1954
1452;Actor;Jesse Ventura
142;Rating;3.0
803;ActorID;nm0608012
544;Votes;438
1603;Actor;Scott Cohen
2950;Actor;Ian Whyte
3161;Rating;7.5
1604;FilmID;tt0110803
84;FilmID;tt0139239
2426;FilmID;tt0085547
3744;Actor;Ryan Robbins
809;ActorID;nm2116419
2359;Rating;7.2
1194;Year;1983
3059;Rating;3.5
2210;ActorID;nm0000034
463;Film;A Futile and Stupid Gesture
3725;Rating;6.5
1559;Votes;315133
1624;FilmID;tt0368578
587;Rating;7.2
2923;Actor;Andrew Keegan
3087;Rating;6.3
2190;Year;2020
3573;Votes;816
3117;ActorID;nm0808376
218;Votes;6244
1865;Rating;6.4
2417;Rating;4.3
772;Rating;5.2
1784;Rating;6.1
3785;Votes;958
3276;Film;It's a Mad Mad Mad Mad World
3356;ActorID;nm3409535
53;Year;2015
3557;Film;Red Skies of Montana
3770;Actor;Louisa Krause
339;Year;2013
3672;ActorID;nm0807501
3827;ActorID;nm1503432
2849;Actor;Joanna Lumley
2017;Actor;Shah Rukh Khan
955;Film;Ed and His Dead Mother
2955;ActorID;nm0591703
3220;Actor;Shelby Young
2662;Votes;14242
584;Film;Six Ways to Sunday
1413;ActorID;nm0004874
1958;Rating;6.3
4000;Rating;6.7
1551;Year;2002
180;Film;Nighthawks
3707;Year;2014
1372;ActorID;nm0000448
2089;Votes;1277
2957;FilmID;tt0464160
2063;ActorID;nm0000514
762;FilmID;tt0115645
1759;Rating;5.0
2844;Votes;2509
2043;ActorID;nm2002649
2603;Actor;Rebecca Pidgeon
1607;Actor;Allison Janney
641;FilmID;tt1877688
2099;Votes;11182
1184;Rating;7.5
2068;ActorID;nm0000308
21;Year;1980
31;FilmID;tt0349169
636;ActorID;nm0000840
1013;Actor;Miguel Herran
891;Film;Vendetta
1993;Rating;6.3
1196;Actor;Steven Seagal
794;Actor;Liana Liberato
3327;Actor;Gary Sinise
2506;Actor;Len Cariou
2391;Year;1983
3794;Actor;Gideon Emery
2232;Votes;606561
3486;Actor;Lily Collins
1046;Film;Dakota's Summer
388;Film;Shank
1929;FilmID;tt0044081
3748;Film;Dorothy and the Witches of Oz
3826;Rating;3.3
3424;Actor;Martin Scorsese
215;Rating;8.4
1063;ActorID;nm0557956
3782;Film;Murder on the Orient Express
1697;Film;Deep End
3899;Year;1977
2575;FilmID;tt0029695
711;ActorID;nm0000580
311;Actor;Alice Kremelberg
811;Year;1954
3107;Rating;6.0
3406;Actor;James Cosmo
519;Year;1995
690;ActorID;nm0550577
3703;Rating;6.0
3176;ActorID;nm0798328
901;Votes;956
1013;Year;2018
3184;Actor;Gina Philips
3393;Year;2020
600;FilmID;tt1641841
2211;FilmID;tt2679042
1683;Actor;Michael York
151;Votes;1968
643;Actor;Earl Holliman
1899;FilmID;tt0816692
3566;Film;Duplicity
1806;Year;2010
3748;Votes;415
941;FilmID;tt0124595
1636;Votes;4382
3459;Film;Doomsday Machine
494;FilmID;tt0096824
1741;Actor;Eddie Redmayne
3675;Actor;Brea Bee
1327;Rating;6.2
3643;FilmID;tt4864624
1668;Year;2014
1396;ActorID;nm0377034
1268;Film;Gayby
2847;ActorID;nm0629855
2638;ActorID;nm0641354
1571;Votes;4986
1966;Rating;5.3
2230;Votes;28384
254;Year;1995
2489;ActorID;nm0001679
3557;ActorID;nm0001374
2619;Actor;Niall Matter
1674;Rating;6.7
1026;Rating;7.2
1233;FilmID;tt2544472
786;FilmID;tt4843344
1309;Rating;5.9
2581;Year;2001
1671;Film;Street Crimes
2261;FilmID;tt2042568
2001;Rating;6.5
1495;Actor;John Dehner
2323;ActorID;nm0926897
1301;Actor;Ken Olin
1272;Film;The Great Wall
2176;ActorID;nm0000057
3351;Rating;4.7
469;ActorID;nm0832415
282;Film;Jack Reacher
2077;Film;Out of the Cold
3914;Film;Cardboard Boxer
2774;FilmID;tt0110027
590;FilmID;tt3007512
3361;ActorID;nm0666788
3673;FilmID;tt0052969
1416;Year;2014
3533;ActorID;nm0000023
2633;Actor;Nicole Kidman
3434;Actor;Madeleine Stowe
3399;FilmID;tt0084132
3079;Votes;1457
537;Year;1997
988;Rating;5.9
2164;Rating;4.7
2840;Film;Blame
2687;Actor;Misty Rosas
3999;Year;1962
1064;Year;2016
684;ActorID;nm0293439
1680;Actor;Maury Sterling
3735;Actor;Retta
356;Rating;6.4
405;Actor;Mark Ruffalo
2564;Actor;Assaad Bouab
468;Votes;148
3744;Film;Life on the Line
1038;Year;2001
1446;Film;From Russia with Love
2273;Film;On the Edge
3377;Year;1993
1427;Rating;4.8
877;FilmID;tt0067052
3435;Actor;Scott Brady
1937;Film;Remember the Titans
1236;ActorID;nm4420495
1297;ActorID;nm0131966
351;ActorID;nm2468050
2990;FilmID;tt0266543
2873;Year;1951
194;Film;Stuck
3305;FilmID;tt0092112
692;Actor;Hugh Bonneville
193;ActorID;nm0000276
2323;FilmID;tt0030881
887;Film;The Insatiable Moon
3005;ActorID;nm0160840
3372;FilmID;tt2002789
462;FilmID;tt0379786
1560;FilmID;tt0418763
3009;FilmID;tt1850397
1696;Year;1994
414;Votes;41092
2344;Actor;James Gandolfini
3725;Actor;Frances de la Tour
3914;Actor;Zach Villa
578;Actor;John Cusack
2671;Rating;5.2
1118;Rating;6.6
1057;FilmID;tt0362511
3940;Year;2013
2649;Rating;3.9
2488;FilmID;tt9037864
1389;Votes;4012
3848;FilmID;tt0181689
718;FilmID;tt0113463
997;Film;The Final Terror
3878;Actor;James Tolkan
928;Rating;5.9
3230;ActorID;nm0000306
1680;Rating;2.6
1667;Actor;Emma Fielding
2258;ActorID;nm0807291
985;Film;The Boondock Saints II: All Saints Day
1032;Votes;184
564;Year;2016
3721;FilmID;tt0159396
738;ActorID;nm0870535
1553;ActorID;nm0000308
3393;Rating;4.4
1596;ActorID;nm0002139
1196;ActorID;nm0000219
2411;FilmID;tt0161023
2783;Rating;5.2
707;Year;1995
1;ActorID;nm0726223
1205;Rating;6.3
2273;Votes;614
2057;Actor;Roddy McDowall
756;Year;2020
3263;ActorID;nm1662644
808;FilmID;tt5463162
344;Rating;5.5
3172;Actor;Jackee Harry
1715;Year;1992
1099;Actor;Ashlie Atkinson
3988;Film;Suburban Commando
1785;FilmID;tt0054890
3453;Year;2019
97;Votes;3042
1200;Rating;5.4
2287;Year;1997
228;Rating;7.4
589;ActorID;nm0526019
3306;FilmID;tt0279781
2833;ActorID;nm0001077
628;Film;Paper Lion
1496;FilmID;tt6924650
2069;Actor;Daniel von Bargen
3488;Votes;4097
1341;FilmID;tt0073113
39;Votes;2912
2199;FilmID;tt0113198
2370;Year;2006
460;Votes;1421
3857;FilmID;tt1265990
3956;Year;1988
1629;Actor;Jim Belushi
3890;Votes;53756
2205;Year;2013
917;FilmID;tt0181311
3589;ActorID;nm0000080
1175;FilmID;tt0045112
2966;Year;2018
2087;Actor;Scatman Crothers
2306;ActorID;nm0233209
2227;Rating;6.4
2753;Votes;137
1080;Votes;1996
1250;Year;1999
407;Year;1969
2035;Votes;111
1732;Year;1992
294;ActorID;nm1988111
516;Year;2015
1033;Actor;Cosmo Jarvis
565;Actor;David Carradine
2935;Votes;54616
432;Film;Viy
2292;Rating;7.0
623;Film;Gangster No. 1
1321;Film;The Griddle House
718;Rating;5.8
1545;Year;2011
3857;Rating;4.8
2090;Votes;953
591;ActorID;nm0001368
1416;Rating;8.3
782;Year;2004
2228;FilmID;tt0088184
3117;Votes;14852
2179;FilmID;tt0022981
2606;FilmID;tt0110587
2808;Rating;3.0
1609;Film;Three Days to Vegas
2802;Actor;Elton John
1309;Year;2018
574;Votes;8750
317;ActorID;nm1836948
1376;Rating;7.4
3826;FilmID;tt0115624
1665;ActorID;nm0302446
839;Year;1961
1039;Actor;Gareth Edwards
2353;Actor;Peter Falk
74;FilmID;tt0342258
324;Film;Wristcutters: A Love Story
3649;ActorID;nm1056583
3564;Actor;Richard Schiff
1489;ActorID;nm0000375
3683;FilmID;tt2293640
2778;Rating;7.8
3565;Film;That One Night
3407;FilmID;tt1602098
1310;Year;2010
755;ActorID;nm0635330
2991;Film;The Super
3930;FilmID;tt8597594
3063;Film;The Intruders
2280;Year;1990
142;Year;2013
1687;FilmID;tt0465234
782;Film;The Manchurian Candidate
987;Rating;5.0
1687;Year;2007
1923;Year;1994
2551;Year;2014
3512;Film;Asterix at the Olympic Games
893;Year;1997
1128;Rating;4.9
3504;Film;The Dark Knight Rises
1199;Film;Happy Halloween Scooby-Doo!
2498;Rating;3.8
1850;Year;1983
1343;Actor;Anna Paquin
215;Year;2019
2249;Actor;Elen Rhys
1178;Film;MacArthur Park
2754;Film;She's All That
1598;Year;1933
2799;FilmID;tt0327084
1766;FilmID;tt1464763
800;Year;2007
2986;ActorID;nm0000001
627;Year;2010
3091;FilmID;tt1138003
2004;Year;1977
2720;FilmID;tt0795439
3762;Year;2017
1655;Votes;26256
2054;FilmID;tt2300913
847;Rating;5.9
2319;Year;1938
2087;Rating;7.6
3760;Actor;Simon McBurney
585;Rating;5.6
3080;Actor;Dallas Roberts
2962;Actor;Amy Smart
1212;Film;Ruby in Paradise
3998;FilmID;tt0260866
796;Rating;3.7
3807;ActorID;nm0006800
167;Year;1966
405;Year;2004
1899;Year;2014
3190;Film;Chopper Chicks in Zombietown
490;Rating;7.2
451;Rating;4.2
1205;FilmID;tt0028486
2594;FilmID;tt0096744
3024;Votes;129
826;Film;Truth
995;Rating;7.0
2239;ActorID;nm0195421
2934;Rating;6.3
2874;Film;The Privileged
327;Votes;273
3612;Year;1977
1087;FilmID;tt5101878
1394;Year;2019
2706;Actor;Peter Lorre
3603;FilmID;tt0058238
1736;Rating;7.2
3814;Rating;6.4
1731;ActorID;nm0000661
3753;Rating;5.9
3392;Votes;7180
744;Votes;85588
2553;Votes;72356
3001;Votes;5119
52;FilmID;tt2377322
1925;Votes;537982
2320;Year;1999
3886;Film;Rain
2614;Film;The World's Fastest Indian
3720;Film;Wayne's World
156;Votes;151
3957;ActorID;nm0331577
2316;Rating;5.2
2323;Film;Too Much Johnson
3379;Votes;193
1968;FilmID;tt6294892
1570;Actor;Nadine Velazquez
3660;Year;1992
3968;Film;Quentin Durward
3860;Year;2012
3505;Actor;Tiera Skovbye
2075;Film;Prime Risk
2960;Film;22 Jump Street
933;Year;1981
1347;FilmID;tt0485675
2108;Votes;579
567;Year;1991
3790;Rating;7.2
2485;Film;The Man with One Red Shoe
2141;ActorID;nm0989182
26;Votes;167
3022;Year;1952
3300;Year;1997
3830;Votes;1091
2595;FilmID;tt0455915
2729;FilmID;tt0201020
1794;Votes;1489
3202;Rating;6.1
3550;Actor;Andrew Howard
3663;Rating;5.9
1316;ActorID;nm0511270
3527;ActorID;nm4331196
3726;Year;1970
3072;FilmID;tt0114536
367;Film;The Wind Rises
1334;Year;2018
954;Film;The Life Before This
760;Film;Jimmy
2497;Year;2001
3705;Year;2017
207;ActorID;nm0275835
1575;Film;Bad Lieutenant: Port of Call New Orleans
1913;Votes;524
2806;Film;Secret Mission
1620;Rating;3.7
106;Year;1991
586;Rating;5.9
435;Votes;1302
3239;FilmID;tt0044884
3607;Actor;Edie Adams
737;Film;Russian Roulette - Moscow 95
2255;Actor;Sara Canning
2229;ActorID;nm0573658
2878;Votes;130615
3586;Film;Iron Man 3
1892;ActorID;nm0919798
2986;Votes;27534
3519;Year;2013
2094;Rating;5.4
2817;ActorID;nm0252961
447;Votes;2085
3949;Year;2008
2747;Rating;4.9
2336;Actor;Joan Cusack
3299;Year;1999
926;Votes;13470
2210;Votes;4400
795;Year;2013
1838;Rating;4.8
1437;Film;Saving Private Ryan
3635;ActorID;nm0187724
2442;Votes;159
428;Film;Good Boys
2143;Rating;4.8
2953;FilmID;tt1758830
3028;Film;Sex and the City
24;ActorID;nm1395771
2015;Year;2003
3317;Actor;Jack Black
170;Year;1935
710;Year;2001
2108;Year;1981
3608;FilmID;tt1233219
2973;ActorID;nm0478886
2329;Year;1938
878;FilmID;tt1628039
1849;ActorID;nm1300303
3954;Actor;Kelly Rowan
376;Votes;2255
2868;Year;1997
675;FilmID;tt0889136
2139;Actor;Sheree North
3509;Rating;4.7
1378;Actor;Robert Patrick
1784;Film;Sundown: The Vampire in Retreat
2667;FilmID;tt1029241
263;Votes;532307
766;ActorID;nm0299924
3926;Actor;Omar Sharif
2487;Film;Chico & Rita
3878;FilmID;tt0090217
1774;Actor;Dave Navarro
2817;FilmID;tt2277860
1218;FilmID;tt0408336
2539;Year;1997
190;Rating;7.5
336;FilmID;tt3181400
2068;Rating;6.4
2523;Rating;2.3
2088;Film;The Child Remains
267;ActorID;nm0005541
1725;FilmID;tt2069797
413;FilmID;tt8376234
3844;Votes;59617
3855;Votes;561
2282;Rating;8.0
1466;Votes;610670
2371;ActorID;nm0001305
2269;Votes;839
3926;FilmID;tt0078879
1211;Votes;8525
2143;FilmID;tt1945062
721;FilmID;tt0178043
691;Rating;6.1
668;FilmID;tt0144214
2614;ActorID;nm1102278
1978;Year;2020
101;Actor;Charlotte Beaumont
2571;FilmID;tt0087096
1203;Votes;11491
2940;ActorID;nm2650700
3020;Votes;14492
1591;Votes;688
3181;ActorID;nm0069109
3939;Votes;89406
324;ActorID;nm0095478
46;FilmID;tt0111280
1442;Votes;139689
1057;Rating;4.7
313;Votes;21175
2575;Votes;1362
293;Rating;6.7
2413;Actor;Natasha Lyonne
1342;Film;Twenty:20
1546;Film;The Right Stuff
433;Actor;Diana Muldaur
3182;ActorID;nm0004874
1622;Votes;22345
3237;FilmID;tt1837530
3234;ActorID;nm0862937
1539;Votes;2500
2114;Actor;Viola Davis
750;Rating;6.2
1644;Votes;18457
680;Votes;23086
3733;Actor;Vanessa Bell Calloway
1155;ActorID;nm0511798
1488;FilmID;tt0298228
3700;Votes;16187
3073;Rating;5.2
2865;FilmID;tt0415306
1799;Film;Kinsey
1927;Actor;Suzanna Hamilton
939;Actor;Tom Baker
2938;FilmID;tt0095705
3451;ActorID;nm0001689
921;Votes;826
3429;Rating;5.4
3364;Year;2008
1191;Year;2017
2923;ActorID;nm0005080
3974;ActorID;nm0001812
286;ActorID;nm0680766
1093;Votes;471
3865;Film;Partner(s)
247;ActorID;nm0001606
1169;Year;1973
3355;Actor;Zoe Saldana
1528;Film;Casablanca Express
669;Actor;Sienna Guillory
3322;Votes;376
3733;Film;The Inkwell
3031;Film;X-Men
2672;Rating;6.8
928;ActorID;nm0098734
3038;FilmID;tt0099459
1489;Actor;Robert Downey Jr.
3722;Votes;280
72;Year;1993
3604;Year;2004
3168;Actor;Maria Bello
2561;Year;2006
1250;ActorID;nm0455767
2495;Votes;1239
754;Year;2018
1643;Rating;3.0
535;Votes;120
3019;FilmID;tt6744360
1047;Film;Yellow Sky
1912;ActorID;nm0387987
3407;Actor;Angeline Ball
709;Rating;6.5
2129;Film;I Love Trouble
2448;FilmID;tt0837562
566;Film;Breath
1735;Film;Nico the Unicorn
3082;FilmID;tt0808399
3636;Rating;6.3
2785;FilmID;tt0440963
1929;Actor;Karl Malden
1111;Actor;Audrey Hepburn
1633;Actor;Keshia Knight Pulliam
2251;Film;Hell and Back
1690;Year;1951
1631;FilmID;tt0340919
1832;Rating;4.7
3527;Votes;128
3935;Actor;Alan Ladd
1630;Film;Journey to the Center of the Earth
2028;FilmID;tt0148813
3994;Year;2008
3516;ActorID;nm0000234
965;Votes;218676
3349;Year;2001
1251;ActorID;nm0156940
2170;Rating;6.0
1579;Film;These Are the Damned
348;Votes;6242
3697;FilmID;tt0189201
599;Year;2007
3986;Film;Cartels
1724;Votes;455
838;Rating;5.9
342;Rating;3.1
2380;ActorID;nm0001471
323;Year;1998
8;ActorID;nm0002124
1278;Rating;6.4
560;ActorID;nm2256017
1772;Film;Bitter Harvest
3391;Film;City Hall
2394;Rating;6.0
1979;Film;Who's Your Caddy?
3187;Film;Sometime Other Than Now
2875;FilmID;tt0166276
3448;Votes;160
1878;Votes;386
3244;Votes;77942
2971;Year;1970
3220;Year;2015
824;Year;2019
2885;ActorID;nm0048273
548;Year;2002
1456;FilmID;tt0285861
534;Votes;2865
2085;Votes;2666
3787;Year;2008
3635;Votes;323
1049;Year;2002
96;Actor;Michelle Krusiec
3498;FilmID;tt0067645
3659;FilmID;tt1967614
2734;Film;The Bounce Back
3025;Rating;4.6
485;Rating;7.1
2536;ActorID;nm0357979
2560;ActorID;nm0000010
1539;Actor;Rob Huebel
1578;ActorID;nm0851582
3701;FilmID;tt0080497
711;Votes;437619
3188;Actor;Michael Caine
2097;FilmID;tt0103035
2184;Votes;83946
1104;Actor;William Morgan Sheppard
606;FilmID;tt0896533
3621;Film;Caged No More
3306;Film;Sorority Boys
874;Film;Alchemy
650;Year;2015
2031;Votes;734
3046;Rating;6.1
2578;Votes;1285
227;ActorID;nm0934179
560;Rating;5.4
2886;FilmID;tt0064775
2339;ActorID;nm0761836
2867;Year;2011
1607;Year;1994
1829;Rating;7.8
2579;Votes;418
2602;Rating;6.4
2493;Rating;4.1
534;Year;2015
3528;Rating;5.8
2503;Year;2015
1649;ActorID;nm0000136
3971;Film;Hotel America
2750;Rating;6.2
1301;Rating;4.9
3366;Film;Funny Bones
1918;Actor;Valerie Perrine
2754;Rating;5.9
2847;Film;10000 Saints
1986;FilmID;tt0494652
378;Votes;8202
3044;Actor;Tippi Hedren
3451;Actor;Mercedes Ruehl
243;Rating;6.8
3987;FilmID;tt0113189
2650;Rating;5.3
2208;Votes;160
3760;Year;2017
3077;Rating;6.3
1039;Year;2017
1904;Votes;239
1036;Year;2010
2274;ActorID;nm3127051
1707;FilmID;tt2319879
111;Actor;Daisy Ridley
1019;Actor;Tiya Sircar
3434;Film;The Proposition
823;Actor;Brett Cullen
2119;Rating;4.8
1952;Votes;35974
933;FilmID;tt0125366
3231;ActorID;nm0117374
2775;Film;The Last Circus
499;Year;2012
235;Votes;125397
817;Film;Hindsight
1306;ActorID;nm0000902
718;Film;Jefferson in Paris
2394;Year;1958
1449;ActorID;nm0002103
458;ActorID;nm0002989
2305;Year;2012
3641;FilmID;tt0105699
624;Film;Django
494;Votes;178
228;Year;1981
2737;Votes;467
2484;Rating;5.1
3779;Votes;47578
1076;ActorID;nm0877270
2522;Rating;6.1
1881;FilmID;tt0175555
3538;Votes;10901
1809;Film;Flavors of Youth
1685;Rating;5.9
2027;Film;When in Rome
2656;Actor;Danay Garcia
968;FilmID;tt1823664
1258;Actor;Renee Zellweger
1082;Actor;Sigourney Weaver
2555;Film;The Pelican Brief
1384;Actor;Anthony LaPaglia
112;FilmID;tt0265086
2512;Actor;Kristin Cavallari
1431;Year;1986
3271;Rating;5.8
444;Rating;5.8
130;Year;2016
3136;ActorID;nm0268012
2078;Votes;42140
3125;ActorID;nm0000099
1138;ActorID;nm2174090
2872;Actor;Malcolm-Jamal Warner
335;FilmID;tt0105810
13;Rating;4.1
774;Year;2011
145;ActorID;nm0000422
932;Year;1995
844;Actor;Cynthia Rhodes
3608;ActorID;nm0671567
2799;Year;2006
2337;ActorID;nm0390229
3697;Votes;268
1761;Actor;Celia Weston
1857;FilmID;tt0984210
1361;ActorID;nm0397110
490;Year;1980
1576;FilmID;tt3631112
3317;Rating;6.9
3198;Film;River's Edge
3831;Year;2018
2036;Votes;73545
1058;Actor;Horst Buchholz
724;Year;2003
146;ActorID;nm0004775
2430;Year;2019
1043;Film;Zombie Spring Breakers
992;Actor;Lee Marvin
3654;Year;2019
859;Votes;2658
2731;Film;American Tigers
567;Film;Hot Shots!
493;Votes;6361
144;Votes;292
3390;Rating;6.3
1000;Actor;Sarah Baker
532;Film;I Think I Love My Wife
832;FilmID;tt0064329
9;Actor;Jack Nicholson
1317;ActorID;nm1432956
3511;Year;1992
31;Actor;Jennifer Esposito
854;Votes;409974
972;Votes;7574
1179;Year;1999
3851;Actor;Carlos Bernard
2536;Rating;6.6
1274;Rating;7.2
310;FilmID;tt0289408
3269;Year;2018
631;ActorID;nm0000391
3363;Rating;5.4
2127;Film;Alone in the Dark
1180;ActorID;nm0942247
2368;Rating;7.3
2648;Film;Gawain and the Green Knight
1130;FilmID;tt1137450
1288;FilmID;tt0293832
2572;ActorID;nm0179224
2535;FilmID;tt0117731
1671;FilmID;tt0105485
1138;Film;Beautiful Girl
3381;FilmID;tt0071803
2216;Year;1952
98;Film;The Beach Bum
748;Year;1995
3440;Actor;Zasu Pitts
717;FilmID;tt5541240
1392;FilmID;tt2479800
160;Actor;Uwe Boll
1714;Film;The End of Love
3942;ActorID;nm0546765
2054;ActorID;nm0387987
3311;Rating;6.3
2409;Year;2005
3936;Votes;2182
3590;Rating;4.4
2544;Votes;215
2748;FilmID;tt2017020
853;Film;Burke and Hare
752;Year;1962
3740;Film;Lost & Found
1092;Actor;Mickey Hargitay
2316;Votes;24294
501;Votes;134145
137;Actor;Joe Pesci
849;Film;Taking Lives
2297;ActorID;nm0694619
2695;Actor;Chris Parnell
432;Year;2014
1734;Votes;248
1652;ActorID;nm3338354
3340;ActorID;nm0035664
2145;ActorID;nm0182839
1363;Film;End of Days
670;Rating;6.3
375;Rating;8.5
1643;FilmID;tt2825240
3657;ActorID;nm0118000
662;Year;2016
1931;FilmID;tt0808244
1660;Votes;6774
741;Votes;15672
898;ActorID;nm0000047
2121;Film;Alien Uprising
2772;FilmID;tt4270516
1700;Actor;Ian Anthony Dale
69;Rating;6.1
579;Votes;5872
3224;Votes;121
3918;Actor;Bailey Noble
1414;Film;Guns Girls and Gambling
379;Votes;400
2694;FilmID;tt3794204
3343;Actor;Michael Imperioli
1471;ActorID;nm0001522
1989;Film;21 Jump Street
1786;ActorID;nm0000388
1456;Rating;7.1
3225;Actor;Charles Napier
2952;ActorID;nm0773884
3432;Rating;4.0
3982;FilmID;tt6332158
1194;Film;Scarface
3133;Votes;24483
2081;Rating;7.1
1125;Year;2009
2530;Votes;56487
381;Year;2003
439;ActorID;nm0566783
660;FilmID;tt0110557
996;Film;Necronomicon: Book of Dead
3041;ActorID;nm0834606
1921;Rating;7.2
1444;ActorID;nm0012443
3347;Film;Day of the Evil Gun
586;Votes;1404
3332;Rating;6.7
1418;ActorID;nm0001225
2125;Votes;340
205;Actor;Shoshannah Stern
2492;Year;2019
3149;FilmID;tt1591496
2335;ActorID;nm0001463
593;ActorID;nm0393222
2672;Film;Greenfingers
930;FilmID;tt0031252
2160;Votes;2775
3034;FilmID;tt0119217
2782;FilmID;tt8804580
1393;ActorID;nm0605080
1150;FilmID;tt0433387
187;Actor;Corey Feldman
1412;ActorID;nm0726184
1434;Year;2015
100;Year;2015
2815;Actor;Bo Derek
2405;FilmID;tt0051383
1677;Actor;Anupam Kher
176;Film;The Cardinal
1425;Rating;6.2
2999;FilmID;tt0255477
1647;Actor;Michael Constantine
852;Actor;Tobey Maguire
2376;Votes;389
1364;Rating;5.2
3150;FilmID;tt1620449
3201;Actor;Kim Bodnia
1777;Film;Get Shorty
3606;Rating;6.1
543;ActorID;nm0001763
913;ActorID;nm0745780
1029;Actor;Paul Gleason
3466;Film;The Angry Birds Movie 2
3798;Film;Doctor Dolittle
1557;FilmID;tt0085346
556;ActorID;nm0000901
378;Year;2008
310;Votes;9274
2247;ActorID;nm0909412
1717;ActorID;nm0769791
2182;Film;Liquid Dreams
3057;Film;New Waterford Girl
1147;Film;D.O.A.
2056;Votes;18051
2238;Rating;8.2
674;Votes;18222
819;Rating;7.1
2369;Rating;5.1
792;Year;2004
2428;ActorID;nm0803890
1946;FilmID;tt0087889
265;FilmID;tt0034175
1955;ActorID;nm0371846
385;FilmID;tt0763304
1055;Votes;11772
1229;ActorID;nm0724757
1626;Year;2004
2975;Actor;Samuel L. Jackson
2080;Year;2018
3906;FilmID;tt0117372
2332;Votes;154380
99;Votes;2108
404;ActorID;nm0001542
1887;ActorID;nm0402271
2473;Rating;4.6
3679;FilmID;tt7167686
3191;FilmID;tt0074964
2912;Rating;6.5
2529;Rating;7.6
2188;ActorID;nm0005227
4000;Year;1979
535;ActorID;nm2835616
1699;Year;2001
2413;Film;Zig Zag
2393;FilmID;tt4685806
1258;Votes;228478
891;FilmID;tt3746298
3533;Film;For Me and My Gal
3193;Actor;Ward Bond
727;Year;1996
382;Votes;14316
2177;FilmID;tt0116956
727;Film;The First Wives Club
2083;Votes;2103
1468;ActorID;nm0001800
3196;ActorID;nm0000293
2780;ActorID;nm0005442
2735;ActorID;nm3559009
298;Rating;8.1
1721;Actor;Ruben Blades
3263;Rating;5.8
2222;Year;2010
2612;ActorID;nm0000501
1716;ActorID;nm0913460
3144;FilmID;tt0339412
1235;ActorID;nm0839934
3674;FilmID;tt0079520
2471;Year;2013
2585;Year;2000
3335;FilmID;tt0091696
1696;Film;Save Me
1083;Votes;12600
1385;Actor;Melora Walters
39;Rating;4.6
3269;Rating;3.0
1210;Year;1939
57;Rating;6.0
3571;Year;2006
671;Film;Keith
2669;Year;2019
3124;FilmID;tt0120906
1264;FilmID;tt0062790
2489;Rating;4.9
2535;Rating;7.6
2363;Year;2019
896;ActorID;nm0000633
410;Film;Seems Like Old Times
847;Film;Little Joe
3458;Votes;331
3850;Film;Life Like
11;Year;2013
999;FilmID;tt4781886
302;FilmID;tt0054417
1806;ActorID;nm0000588
1505;Year;1994
1169;FilmID;tt0070290
2859;Actor;Anupam Kher
561;Votes;42444
3730;Votes;175047
3241;FilmID;tt0104897
14;Votes;6171
1384;Rating;6.8
3927;Votes;2095
624;ActorID;nm0208426
1860;FilmID;tt1691917
2659;Film;Ask Me Anything
607;Actor;Yuji Okumoto
1172;Rating;6.1
3693;Rating;5.7
2518;Rating;4.3
2323;Votes;572
2764;ActorID;nm0909578
2970;ActorID;nm0001133
502;Votes;10011
2951;Year;2007
1358;Year;2015
261;Votes;1322532
632;Film;License to Wed
107;Rating;6.2
1439;Actor;Michael Beach
2005;Film;Suspicious River
2333;Votes;9344
3928;Rating;6.1
3811;Film;Whiffs
3382;Year;2021
3187;ActorID;nm0242654
367;ActorID;nm0000426
3105;Actor;Nathalie Baye
1565;ActorID;nm0000665
3547;Rating;6.6
2054;Film;Crazed
204;Film;Dragon Ball Super: Broly
360;Year;1971
195;Year;2007
254;Rating;6.3
1086;ActorID;nm0001368
934;Rating;4.4
2747;Votes;8978
2599;ActorID;nm0910040
1595;Actor;Sam Saletta
70;Film;No Beast So Fierce
1175;Rating;8.1
1066;ActorID;nm0228356
3310;Votes;247035
3064;Film;All You Need
2957;Votes;8778
2775;Year;2010
2165;Film;Find Me Guilty
3639;Actor;Edgar Wright
811;Rating;5.4
2941;FilmID;tt0080014
2304;Rating;5.1
51;FilmID;tt1453403
1496;ActorID;nm1000502
3660;Rating;7.9
308;Actor;Emory Cohen
2985;Year;1997
1014;Year;1996
2206;Rating;4.2
975;Year;1999
2354;Year;1971
3121;FilmID;tt0091651
2163;Year;1985
3860;Rating;3.9
3918;Year;2015
3512;Rating;5.2
1743;Rating;5.2
3311;Year;2010
2492;FilmID;tt9625664
961;Film;1900
405;Votes;169664
1616;Actor;Jim Gaffigan
1096;FilmID;tt1228705
1337;ActorID;nm0001255
2990;Film;Finding Nemo
2680;Year;2018
2671;FilmID;tt0174931
339;Actor;Helen Hunt
1776;ActorID;nm0462712
3992;Votes;2487
3957;FilmID;tt5589212
2901;Film;Postmortem
1460;Film;Archipelago
1914;Year;2019
1508;Votes;307250
3032;ActorID;nm0000184
1308;Actor;Henry Thomas
910;Year;2019
3386;FilmID;tt0090233
2839;ActorID;nm0005420
2501;Actor;Amy Manson
2360;FilmID;tt0109891
27;ActorID;nm0000219
2677;Votes;35770
1103;Actor;Treat Williams
1423;ActorID;nm0923984
412;FilmID;tt0066492
798;ActorID;nm0544334
1235;Film;Almost Famous
2266;Film;Joe Somebody
1737;Year;1980
2114;Film;Disturbia
3549;Votes;4783
1771;Actor;Henry Winkler
569;Film;Tennessee
3148;Film;The Sisters
3459;FilmID;tt0061592
3717;Votes;11634
1070;Actor;Edward G. Robinson
30;Rating;6.4
1638;ActorID;nm0000546
1142;ActorID;nm0000510
3514;Votes;120
1295;Film;Dangerous Years
2824;Year;1993
2822;Votes;6403
3031;Votes;575186
3062;Actor;Claudia Gerini
3711;Rating;5.2
2816;ActorID;nm0784818
63;Year;1998
1684;FilmID;tt3787590
3570;Year;1976
204;Rating;7.9
2537;Film;The Mask of Zorro
1355;FilmID;tt1142800
1001;Year;1986
2318;Film;The Cowboy and the Lady
609;Year;2013
285;Film;Juliet Naked
829;Rating;4.7
2643;Votes;3483
447;Rating;6.1
3322;Year;2008
120;Film;The Party Crashers
3205;FilmID;tt0189541
1094;Votes;126067
320;FilmID;tt2938066
1016;Votes;13571
2967;Rating;4.3
153;Actor;Macon Blair
597;ActorID;nm0002546
1287;Actor;Jared Leto
3481;Year;2000
1861;FilmID;tt0344777
2018;Rating;6.6
2327;ActorID;nm0334179
2511;FilmID;tt4094724
3463;FilmID;tt1339307
3845;Votes;356
1932;Votes;1017
760;Rating;6.2
2889;FilmID;tt0125022
3824;Year;1998
2325;Rating;6.5
1961;ActorID;nm0639200
3725;ActorID;nm0209428
573;Film;Thunder Road
3948;Film;Powder
1279;Year;1988
3053;FilmID;tt0492881
1934;Film;Rain
50;Year;2012
1286;Year;2003
1492;Film;Sharky's Machine
3259;Votes;892
1116;Film;The Power and the Prize
1656;ActorID;nm0725543
2400;Rating;6.7
2013;Rating;5.2
231;Votes;439769
1854;FilmID;tt0415965
3596;Year;2012
1502;FilmID;tt0142342
321;Year;1996
3945;Film;Betrayal of the Dove
231;Film;Love Actually
1003;Film;Child's Play 2
418;ActorID;nm2372275
3564;Year;1994
2413;ActorID;nm0005169
3704;Film;StreetDance: All Stars
2887;Votes;53679
866;Year;1997
2651;Year;1981
772;Votes;580
3776;Actor;Silvana Mangano
3499;Year;1961
1373;Actor;Alex Rocco
3951;Rating;4.0
813;Votes;197227
1285;Actor;David Moscow
3672;Actor;Brady Smith
592;ActorID;nm0302108
53;ActorID;nm1058352
13;Year;2010
1972;ActorID;nm0204706
415;Actor;Vernon Wells
361;Actor;Dean-Charles Chapman
2678;Actor;Marjean Holden
2206;Year;2009
2559;Film;Young Adult
1202;Film;Penitentiary III
2404;Year;2012
2403;FilmID;tt1234550
2361;Actor;Emmanuelle Beart
1995;Actor;Tanya Roberts
1667;Votes;805
1700;Film;The Hangover
1719;ActorID;nm0001068
682;ActorID;nm0427894
2164;Votes;781
2296;Rating;4.8
2275;ActorID;nm0001624
530;ActorID;nm0564350
2486;Film;Hermanas
1490;Film;Foreign Body
3547;Year;2016
849;ActorID;nm0000160
1804;ActorID;nm0689488
3305;ActorID;nm0001747
2176;Year;1963
532;ActorID;nm0913488
489;Actor;Patrick Stewart
345;Year;2001
3044;Rating;7.2
1020;ActorID;nm0245988
1025;Year;1979
3413;Rating;7.6
1852;Rating;5.9
2213;Year;2019
781;Film;Nowhere
2759;ActorID;nm0001228
2151;ActorID;nm0001019
3494;Year;1975
1553;FilmID;tt0493406
3379;ActorID;nm0813961
3120;Rating;7.3
586;Year;2005
3854;Film;Is Anybody There?
1914;ActorID;nm0372961
1440;Actor;Sofia Milos
2445;FilmID;tt4799050
3051;Film;Suicide Club
3161;ActorID;nm0451600
903;Votes;1275
783;Year;2008
2175;Rating;6.7
2245;Film;Let Me Eat Your Pancreas
1243;Rating;6.6
3302;Votes;3243
1090;Film;Teen Witch
2268;Year;1982
899;Actor;Patrick Dempsey
3868;Votes;1429
947;FilmID;tt0119433
1371;Rating;6.9
1321;Rating;4.9
1208;Film;Suffragette
2783;ActorID;nm2577076
2371;Actor;Lukas Haas
1595;Film;The Little Rascals
1442;Year;2014
2076;ActorID;nm0000997
3310;Film;Lady Bird
3653;Votes;5563
3645;ActorID;nm0001169
2040;Rating;5.5
2208;Actor;Nina Foch
2671;ActorID;nm0000972
1305;Votes;226450
1836;Actor;Franco Nero
1613;ActorID;nm0611889
673;Rating;7.0
1278;FilmID;tt1007029
3191;Year;1976
1837;Votes;1378
821;ActorID;nm0541908
3276;Year;1963
279;FilmID;tt0095031
607;FilmID;tt0107668
2221;Rating;6.9
1167;Rating;4.5
3327;Year;2004
2268;FilmID;tt0084938
96;ActorID;nm0472891
218;Rating;5.4
2549;FilmID;tt0065797
2114;FilmID;tt0486822
1551;ActorID;nm0000148
57;Year;2006
3471;Year;2002
2996;Actor;Mel Ferrer
2048;Year;1989
2;ActorID;nm0046277
1707;Votes;245
3815;FilmID;tt0028770
2419;ActorID;nm1310709
29;Film;Maximum Overdrive
2026;Votes;178
3670;ActorID;nm1538675
1257;ActorID;nm0242656
1500;FilmID;tt0444736
2723;ActorID;nm0001744
677;Film;The Runestone
1948;FilmID;tt3829884
263;FilmID;tt0120363
1054;Votes;241973
1139;Year;2007
2356;Film;Kindred
2282;Year;1965
1956;Rating;6.8
2261;Year;2013
3778;Votes;168
3616;Votes;182963
3501;Year;2008
1128;Actor;Bingbing Fan
1628;Rating;6.3
287;Rating;6.1
2972;Votes;734
283;Rating;6.2
3666;FilmID;tt0089908
2838;ActorID;nm0186469
1947;FilmID;tt1056477
3909;ActorID;nm0001427
3464;FilmID;tt1043726
3083;Actor;Heida Reed
1327;Film;Friends and Family
539;FilmID;tt1981128
3708;Rating;5.9
3298;Actor;Tony Jay
