D;D;D;D;D;D;D;D;D;D;EV_Vehicles_4000_400_1
D;D;D;D;D;D;D;D;D;D;EV_Vehicles_4000_800_1
D;D;D;D;D;D;D;D;D;D;EV_Vehicles_4000_1200_1
D;D;D;D;D;D;D;D;D;D;EV_Vehicles_4000_1600_1
D;D;D;D;D;D;D;D;D;D;EV_Vehicles_4000_2000_1
D;D;D;D;D;D;D;D;D;D;EV_Vehicles_4000_4000_1
D;D;D;D;D;D;D;D;D;D;EV_Vehicles_4000_8000_1
D;D;D;D;D;D;D;D;D;D;EV_Vehicles_4000_12000_1
D;D;D;D;D;D;D;D;D;D;EV_Vehicles_4000_16000_1
D;D;D;D;D;D;D;D;D;D;EV_Vehicles_4000_20000_1
D;D;D;D;D;D;D;D;D;D;EV_Vehicles_4000_400_2
D;D;D;D;D;D;D;D;D;D;EV_Vehicles_4000_800_2
D;D;D;D;D;D;D;D;D;D;EV_Vehicles_4000_1200_2
D;D;D;D;D;D;D;D;D;D;EV_Vehicles_4000_1600_2
D;D;D;D;D;D;D;D;D;D;EV_Vehicles_4000_2000_2
D;D;D;D;D;D;D;D;D;D;EV_Vehicles_4000_4000_2
D;D;D;D;D;D;D;D;D;D;EV_Vehicles_4000_8000_2
D;D;D;D;D;D;D;D;D;D;EV_Vehicles_4000_12000_2
D;D;D;D;D;D;D;D;D;D;EV_Vehicles_4000_16000_2
D;D;D;D;D;D;D;D;D;D;EV_Vehicles_4000_20000_2
D;D;D;D;D;D;D;D;D;D;EV_Vehicles_4000_400_3
D;D;D;D;D;D;D;D;D;D;EV_Vehicles_4000_800_3
D;D;D;D;D;D;D;D;D;D;EV_Vehicles_4000_1200_3
D;D;D;D;D;D;D;D;D;D;EV_Vehicles_4000_1600_3
D;D;D;D;D;D;D;D;D;D;EV_Vehicles_4000_2000_3
D;D;D;D;D;D;D;D;D;D;EV_Vehicles_4000_4000_3
D;D;D;D;D;D;D;D;D;D;EV_Vehicles_4000_8000_3
D;D;D;D;D;D;D;D;D;D;EV_Vehicles_4000_12000_3
D;D;D;D;D;D;D;D;D;D;EV_Vehicles_4000_16000_3
D;D;D;D;D;D;D;D;D;D;EV_Vehicles_4000_20000_3
D;D;D;D;D;D;D;D;D;D;EV_Vehicles_4000_400_4
D;D;D;D;D;D;D;D;D;D;EV_Vehicles_4000_800_4
D;D;D;D;D;D;D;D;D;D;EV_Vehicles_4000_1200_4
D;D;D;D;D;D;D;D;D;D;EV_Vehicles_4000_1600_4
D;D;D;D;D;D;D;D;D;D;EV_Vehicles_4000_2000_4
D;D;D;D;D;D;D;D;D;D;EV_Vehicles_4000_4000_4
D;D;D;D;D;D;D;D;D;D;EV_Vehicles_4000_8000_4
D;D;D;D;D;D;D;D;D;D;EV_Vehicles_4000_12000_4
D;D;D;D;D;D;D;D;D;D;EV_Vehicles_4000_16000_4
D;D;D;D;D;D;D;D;D;D;EV_Vehicles_4000_20000_4
D;D;D;D;D;D;D;D;D;D;EV_Vehicles_4000_400_5
D;D;D;D;D;D;D;D;D;D;EV_Vehicles_4000_800_5
D;D;D;D;D;D;D;D;D;D;EV_Vehicles_4000_1200_5
D;D;D;D;D;D;D;D;D;D;EV_Vehicles_4000_1600_5
D;D;D;D;D;D;D;D;D;D;EV_Vehicles_4000_2000_5
D;D;D;D;D;D;D;D;D;D;EV_Vehicles_4000_4000_5
D;D;D;D;D;D;D;D;D;D;EV_Vehicles_4000_8000_5
D;D;D;D;D;D;D;D;D;D;EV_Vehicles_4000_12000_5
D;D;D;D;D;D;D;D;D;D;EV_Vehicles_4000_16000_5
D;D;D;D;D;D;D;D;D;D;EV_Vehicles_4000_20000_5
D;D;D;D;D;D;D;D;Hospital_Staff_6000_480_1
D;D;D;D;D;D;D;D;Hospital_Staff_6000_960_1
D;D;D;D;D;D;D;D;Hospital_Staff_6000_1440_1
D;D;D;D;D;D;D;D;Hospital_Staff_6000_1920_1
D;D;D;D;D;D;D;D;Hospital_Staff_6000_2400_1
D;D;D;D;D;D;D;D;Hospital_Staff_6000_4800_1
D;D;D;D;D;D;D;D;Hospital_Staff_6000_9600_1
D;D;D;D;D;D;D;D;Hospital_Staff_6000_14400_1
D;D;D;D;D;D;D;D;Hospital_Staff_6000_19200_1
D;D;D;D;D;D;D;D;Hospital_Staff_6000_24000_1
D;D;D;D;D;D;D;D;Hospital_Staff_6000_480_2
D;D;D;D;D;D;D;D;Hospital_Staff_6000_960_2
D;D;D;D;D;D;D;D;Hospital_Staff_6000_1440_2
D;D;D;D;D;D;D;D;Hospital_Staff_6000_1920_2
D;D;D;D;D;D;D;D;Hospital_Staff_6000_2400_2
D;D;D;D;D;D;D;D;Hospital_Staff_6000_4800_2
D;D;D;D;D;D;D;D;Hospital_Staff_6000_9600_2
D;D;D;D;D;D;D;D;Hospital_Staff_6000_14400_2
D;D;D;D;D;D;D;D;Hospital_Staff_6000_19200_2
D;D;D;D;D;D;D;D;Hospital_Staff_6000_24000_2
D;D;D;D;D;D;D;D;Hospital_Staff_6000_480_3
D;D;D;D;D;D;D;D;Hospital_Staff_6000_960_3
D;D;D;D;D;D;D;D;Hospital_Staff_6000_1440_3
D;D;D;D;D;D;D;D;Hospital_Staff_6000_1920_3
D;D;D;D;D;D;D;D;Hospital_Staff_6000_2400_3
D;D;D;D;D;D;D;D;Hospital_Staff_6000_4800_3
D;D;D;D;D;D;D;D;Hospital_Staff_6000_9600_3
D;D;D;D;D;D;D;D;Hospital_Staff_6000_14400_3
D;D;D;D;D;D;D;D;Hospital_Staff_6000_19200_3
D;D;D;D;D;D;D;D;Hospital_Staff_6000_24000_3
D;D;D;D;D;D;D;D;Hospital_Staff_6000_480_4
D;D;D;D;D;D;D;D;Hospital_Staff_6000_960_4
D;D;D;D;D;D;D;D;Hospital_Staff_6000_1440_4
D;D;D;D;D;D;D;D;Hospital_Staff_6000_1920_4
D;D;D;D;D;D;D;D;Hospital_Staff_6000_2400_4
D;D;D;D;D;D;D;D;Hospital_Staff_6000_4800_4
D;D;D;D;D;D;D;D;Hospital_Staff_6000_9600_4
D;D;D;D;D;D;D;D;Hospital_Staff_6000_14400_4
D;D;D;D;D;D;D;D;Hospital_Staff_6000_19200_4
D;D;D;D;D;D;D;D;Hospital_Staff_6000_24000_4
D;D;D;D;D;D;D;D;Hospital_Staff_6000_480_5
D;D;D;D;D;D;D;D;Hospital_Staff_6000_960_5
D;D;D;D;D;D;D;D;Hospital_Staff_6000_1440_5
D;D;D;D;D;D;D;D;Hospital_Staff_6000_1920_5
D;D;D;D;D;D;D;D;Hospital_Staff_6000_2400_5
D;D;D;D;D;D;D;D;Hospital_Staff_6000_4800_5
D;D;D;D;D;D;D;D;Hospital_Staff_6000_9600_5
D;D;D;D;D;D;D;D;Hospital_Staff_6000_14400_5
D;D;D;D;D;D;D;D;Hospital_Staff_6000_19200_5
D;D;D;D;D;D;D;D;Hospital_Staff_6000_24000_5
D;C;D;D;D;D;D;D;D;D;D;D;Olympics_10000_1200_1
D;C;D;D;D;D;D;D;D;D;D;D;Olympics_10000_2400_1
D;C;D;D;D;D;D;D;D;D;D;D;Olympics_10000_3600_1
D;C;D;D;D;D;D;D;D;D;D;D;Olympics_10000_4800_1
D;C;D;D;D;D;D;D;D;D;D;D;Olympics_10000_6000_1
D;C;D;D;D;D;D;D;D;D;D;D;Olympics_10000_12000_1
D;C;D;D;D;D;D;D;D;D;D;D;Olympics_10000_24000_1
D;C;D;D;D;D;D;D;D;D;D;D;Olympics_10000_36000_1
D;C;D;D;D;D;D;D;D;D;D;D;Olympics_10000_48000_1
D;C;D;D;D;D;D;D;D;D;D;D;Olympics_10000_60000_1
D;C;D;D;D;D;D;D;D;D;D;D;Olympics_7500_900_1
D;C;D;D;D;D;D;D;D;D;D;D;Olympics_7500_1800_1
D;C;D;D;D;D;D;D;D;D;D;D;Olympics_7500_2700_1
D;C;D;D;D;D;D;D;D;D;D;D;Olympics_7500_3600_1
D;C;D;D;D;D;D;D;D;D;D;D;Olympics_7500_4500_1
D;C;D;D;D;D;D;D;D;D;D;D;Olympics_7500_9000_1
D;C;D;D;D;D;D;D;D;D;D;D;Olympics_7500_18000_1
D;C;D;D;D;D;D;D;D;D;D;D;Olympics_7500_27000_1
D;C;D;D;D;D;D;D;D;D;D;D;Olympics_7500_36000_1
D;C;D;D;D;D;D;D;D;D;D;D;Olympics_7500_45000_1
D;C;D;D;D;D;D;D;D;D;D;D;Olympics_7500_900_2
D;C;D;D;D;D;D;D;D;D;D;D;Olympics_7500_1800_2
D;C;D;D;D;D;D;D;D;D;D;D;Olympics_7500_2700_2
D;C;D;D;D;D;D;D;D;D;D;D;Olympics_7500_3600_2
D;C;D;D;D;D;D;D;D;D;D;D;Olympics_7500_4500_2
D;C;D;D;D;D;D;D;D;D;D;D;Olympics_7500_9000_2
D;C;D;D;D;D;D;D;D;D;D;D;Olympics_7500_18000_2
D;C;D;D;D;D;D;D;D;D;D;D;Olympics_7500_27000_2
D;C;D;D;D;D;D;D;D;D;D;D;Olympics_7500_36000_2
D;C;D;D;D;D;D;D;D;D;D;D;Olympics_7500_45000_2
D;C;D;D;D;D;D;D;D;D;D;D;Olympics_7500_900_3
D;C;D;D;D;D;D;D;D;D;D;D;Olympics_7500_1800_3
D;C;D;D;D;D;D;D;D;D;D;D;Olympics_7500_2700_3
D;C;D;D;D;D;D;D;D;D;D;D;Olympics_7500_3600_3
D;C;D;D;D;D;D;D;D;D;D;D;Olympics_7500_4500_3
D;C;D;D;D;D;D;D;D;D;D;D;Olympics_7500_9000_3
D;C;D;D;D;D;D;D;D;D;D;D;Olympics_7500_18000_3
D;C;D;D;D;D;D;D;D;D;D;D;Olympics_7500_27000_3
D;C;D;D;D;D;D;D;D;D;D;D;Olympics_7500_36000_3
D;C;D;D;D;D;D;D;D;D;D;D;Olympics_7500_45000_3
D;C;D;D;D;D;D;D;D;D;D;D;Olympics_7500_900_4
D;C;D;D;D;D;D;D;D;D;D;D;Olympics_7500_1800_4
D;C;D;D;D;D;D;D;D;D;D;D;Olympics_7500_2700_4
D;C;D;D;D;D;D;D;D;D;D;D;Olympics_7500_3600_4
D;C;D;D;D;D;D;D;D;D;D;D;Olympics_7500_4500_4
D;C;D;D;D;D;D;D;D;D;D;D;Olympics_7500_9000_4
D;C;D;D;D;D;D;D;D;D;D;D;Olympics_7500_18000_4
D;C;D;D;D;D;D;D;D;D;D;D;Olympics_7500_27000_4
D;C;D;D;D;D;D;D;D;D;D;D;Olympics_7500_36000_4
D;C;D;D;D;D;D;D;D;D;D;D;Olympics_7500_45000_4
D;C;D;D;D;D;D;D;D;D;D;D;Olympics_7500_900_5
D;C;D;D;D;D;D;D;D;D;D;D;Olympics_7500_1800_5
D;C;D;D;D;D;D;D;D;D;D;D;Olympics_7500_2700_5
D;C;D;D;D;D;D;D;D;D;D;D;Olympics_7500_3600_5
D;C;D;D;D;D;D;D;D;D;D;D;Olympics_7500_4500_5
D;C;D;D;D;D;D;D;D;D;D;D;Olympics_7500_9000_5
D;C;D;D;D;D;D;D;D;D;D;D;Olympics_7500_18000_5
D;C;D;D;D;D;D;D;D;D;D;D;Olympics_7500_27000_5
D;C;D;D;D;D;D;D;D;D;D;D;Olympics_7500_36000_5
D;C;D;D;D;D;D;D;D;D;D;D;Olympics_7500_45000_5
D;D;D;D;D;D;D;D;D;D;D;D;MotoGP_8870_1064_1
D;D;D;D;D;D;D;D;D;D;D;D;MotoGP_8870_2129_1
D;D;D;D;D;D;D;D;D;D;D;D;MotoGP_8870_3193_1
D;D;D;D;D;D;D;D;D;D;D;D;MotoGP_8870_4258_1
D;D;D;D;D;D;D;D;D;D;D;D;MotoGP_8870_5322_1
D;D;D;D;D;D;D;D;D;D;D;D;MotoGP_8870_10644_1
D;D;D;D;D;D;D;D;D;D;D;D;MotoGP_8870_21288_1
D;D;D;D;D;D;D;D;D;D;D;D;MotoGP_8870_31932_1
D;D;D;D;D;D;D;D;D;D;D;D;MotoGP_8870_42576_1
D;D;D;D;D;D;D;D;D;D;D;D;MotoGP_8870_53220_1
D;D;D;D;D;D;D;D;D;D;D;D;MotoGP_8870_1064_2
D;D;D;D;D;D;D;D;D;D;D;D;MotoGP_8870_2129_2
D;D;D;D;D;D;D;D;D;D;D;D;MotoGP_8870_3193_2
D;D;D;D;D;D;D;D;D;D;D;D;MotoGP_8870_4258_2
D;D;D;D;D;D;D;D;D;D;D;D;MotoGP_8870_5322_2
D;D;D;D;D;D;D;D;D;D;D;D;MotoGP_8870_10644_2
D;D;D;D;D;D;D;D;D;D;D;D;MotoGP_8870_21288_2
D;D;D;D;D;D;D;D;D;D;D;D;MotoGP_8870_31932_2
D;D;D;D;D;D;D;D;D;D;D;D;MotoGP_8870_42576_2
D;D;D;D;D;D;D;D;D;D;D;D;MotoGP_8870_53220_2
D;D;D;D;D;D;D;D;D;D;D;D;MotoGP_8870_1064_3
D;D;D;D;D;D;D;D;D;D;D;D;MotoGP_8870_2129_3
D;D;D;D;D;D;D;D;D;D;D;D;MotoGP_8870_3193_3
D;D;D;D;D;D;D;D;D;D;D;D;MotoGP_8870_4258_3
D;D;D;D;D;D;D;D;D;D;D;D;MotoGP_8870_5322_3
D;D;D;D;D;D;D;D;D;D;D;D;MotoGP_8870_10644_3
D;D;D;D;D;D;D;D;D;D;D;D;MotoGP_8870_21288_3
D;D;D;D;D;D;D;D;D;D;D;D;MotoGP_8870_31932_3
D;D;D;D;D;D;D;D;D;D;D;D;MotoGP_8870_42576_3
D;D;D;D;D;D;D;D;D;D;D;D;MotoGP_8870_53220_3
D;D;D;D;D;D;D;D;D;D;D;D;MotoGP_8870_1064_4
D;D;D;D;D;D;D;D;D;D;D;D;MotoGP_8870_2129_4
D;D;D;D;D;D;D;D;D;D;D;D;MotoGP_8870_3193_4
D;D;D;D;D;D;D;D;D;D;D;D;MotoGP_8870_4258_4
D;D;D;D;D;D;D;D;D;D;D;D;MotoGP_8870_5322_4
D;D;D;D;D;D;D;D;D;D;D;D;MotoGP_8870_10644_4
D;D;D;D;D;D;D;D;D;D;D;D;MotoGP_8870_21288_4
D;D;D;D;D;D;D;D;D;D;D;D;MotoGP_8870_31932_4
D;D;D;D;D;D;D;D;D;D;D;D;MotoGP_8870_42576_4
D;D;D;D;D;D;D;D;D;D;D;D;MotoGP_8870_53220_4
D;D;D;D;D;D;D;D;D;D;D;D;MotoGP_8870_1064_5
D;D;D;D;D;D;D;D;D;D;D;D;MotoGP_8870_2129_5
D;D;D;D;D;D;D;D;D;D;D;D;MotoGP_8870_3193_5
D;D;D;D;D;D;D;D;D;D;D;D;MotoGP_8870_4258_5
D;D;D;D;D;D;D;D;D;D;D;D;MotoGP_8870_5322_5
D;D;D;D;D;D;D;D;D;D;D;D;MotoGP_8870_10644_5
D;D;D;D;D;D;D;D;D;D;D;D;MotoGP_8870_21288_5
D;D;D;D;D;D;D;D;D;D;D;D;MotoGP_8870_31932_5
D;D;D;D;D;D;D;D;D;D;D;D;MotoGP_8870_42576_5
D;D;D;D;D;D;D;D;D;D;D;D;MotoGP_8870_53220_5
