1523;model_year;2014
166;model;HF
3996;company;Royal-Enfield
809;owner;third
2160;model_year;2017
3870;price;17000
3099;power;25.0
2353;owner;first
3101;location;gurgaon
2612;power;42.3
3164;model_year;2014
3089;mileage;65.0
282;kms_driven;89000
3408;power;19.8
780;kms_driven;22465
3193;kms_driven;41734
2500;company;Royal-Enfield
2812;power;24.8
1290;model_year;2017
1395;price;175000
3770;model;Pulsar
97;owner;first
3561;kms_driven;55000
1222;price;53600
3723;company;Royal-Enfield
1369;owner;first
2875;model_year;2014
611;power;17.0
1371;owner;first
1633;company;Yamaha
1358;model_year;2016
757;model;Classic
487;model;Duke
2221;company;Yamaha
2287;mileage;45.0
3022;power;27.2
3094;mileage;38.0
1781;location;bangalore
525;owner;first
2877;power;21.0
2909;company;Harley-Davidson
2108;price;155625
29;company;Bajaj
2726;model;TNT
425;model;Avenger
754;owner;first
3305;model;Classic
3512;owner;first
35;mileage;35.0
63;model;Classic
3754;model_year;2010
1368;kms_driven;27400
1363;model;Thunderbird
373;model;Classic
1367;company;Hero
3376;location;faridabad
3325;model;HF
2491;owner;first
3740;mileage;35.0
1541;company;Royal-Enfield
573;kms_driven;13925
548;kms_driven;95000
3108;owner;second
63;kms_driven;16000
21;power;24.8
2939;owner;first
2024;power;24.5
3997;owner;first
3111;model;CT
934;company;KTM
446;model;Classic
1516;model;Classic
687;kms_driven;40600
1022;model_year;2017
469;owner;first
3901;location;delhi
3847;model;Street
1546;model_year;2020
722;owner;first
3117;model_year;2018
1152;power;7.4
2662;mileage;40.0
281;company;Yamaha
1439;power;7.44
484;mileage;35.0
370;kms_driven;7200
3653;model_year;2016
1778;price;130000
3145;price;18000
228;location;chandigarh
1637;model_year;2016
3728;model_year;2018
1290;power;19.0
3735;price;70000
4067;kms_driven;32145
2750;owner;first
78;power;19.8
3568;company;Royal-Enfield
3556;model_year;2015
2985;location;jodhpur
2002;kms_driven;17300
2860;price;34500
2921;model;Avenger
2208;location;gurgaon
740;company;Royal-Enfield
823;kms_driven;21000
3320;power;24.5
133;power;8.2
841;company;Royal-Enfield
131;company;Hero
1782;location;bangalore
1041;model_year;2020
3725;model;Pulsar
3673;model;Passion
137;company;KTM
3702;model;Mojo
1728;kms_driven;25463
2091;power;19.8
3146;mileage;35.0
1194;kms_driven;8800
3739;model_year;2017
3021;model;Classic
1343;price;85000
1948;price;97000
2489;kms_driven;23000
2452;owner;first
1682;owner;first
43;kms_driven;30000
1689;power;11.0
2062;company;Bajaj
3722;kms_driven;21000
3815;owner;first
2677;price;52000
3978;kms_driven;32332
1391;kms_driven;24344
716;power;16.7
2588;power;27.2
2847;location;faridabad
1946;model_year;2015
2406;power;28.0
377;kms_driven;55000
761;location;bangalore
1335;model;Classic
2568;model_year;2017
3934;model_year;2013
2453;price;16000
4094;owner;first
3908;kms_driven;12500
2363;model_year;2014
2895;model_year;2017
3762;power;12.0
2330;mileage;63.0
380;company;Yamaha
506;price;31000
1834;company;Bajaj
2042;kms_driven;24000
3021;power;19.8
818;power;19.0
3564;company;KTM
683;company;Yamaha
3174;location;delhi
563;price;110000
2918;model;YZF-R15
1917;owner;first
4087;company;Bajaj
2652;owner;first
1731;company;KTM
3072;owner;first
1346;kms_driven;25000
3802;company;UM
3106;location;delhi
715;owner;first
561;price;120000
790;model;FZs
3365;model;Avenger
1412;power;10.9
1059;mileage;38.5
938;owner;first
1644;model;YZF-R15
3586;model;Avenger
2000;price;45000
3536;location;chennai
468;owner;first
1453;kms_driven;4500
1716;price;20000
1927;kms_driven;9500
170;company;Royal-Enfield
3410;price;65000
113;power;19.8
146;model;Classic
749;location;bangalore
2606;model;Thunderbird
2630;model_year;2015
1302;location;delhi
1932;price;61500
1182;kms_driven;35000
170;location;mumbai
236;kms_driven;20000
1591;model;Xtreme
2897;location;pune
2126;price;570625
411;kms_driven;45333
1165;kms_driven;36000
498;kms_driven;7500
2290;company;Yamaha
2758;mileage;35.0
3855;location;howrah
393;power;8.2
2930;price;390000
3580;model;V15
3572;company;KTM
3201;model_year;2016
4047;mileage;40.0
963;kms_driven;2500
95;model_year;2017
2303;location;jaipur
3218;company;KTM
3110;power;19.0
1929;company;Royal-Enfield
3620;model;Renegade
2099;location;gautam buddha nagar
420;company;Bajaj
1896;owner;first
64;power;13.0
3935;model;FZs
517;mileage;35.0
3679;model;Passion
533;power;19.8
3649;mileage;25.0
2618;power;25.1
3017;location;bangalore
3320;location;delhi
813;model;V12
1907;mileage;55.0
2319;model;Bullet
2915;model;YZF-R15
3242;price;142500
112;model_year;2018
1405;kms_driven;2600
3297;power;27.2
1391;power;8.2
666;power;7.5
300;company;Yamaha
250;price;72000
1414;owner;first
612;price;90000
1973;kms_driven;19980
1452;owner;first
3178;company;Hero
2245;owner;first
2952;price;149000
1074;model_year;2010
1992;mileage;55.0
2796;owner;first
2390;power;19.8
1020;model;FZs
3461;model_year;2016
1189;model_year;2017
365;kms_driven;15000
476;location;gurgaon
3090;kms_driven;13000
3161;owner;first
2071;kms_driven;12000
1918;company;Royal-Enfield
4075;model;Thunderbird
513;company;Royal-Enfield
2357;owner;first
788;model;Splendor
1100;owner;first
3357;company;KTM
2185;mileage;22.0
2411;model_year;2019
900;mileage;40.0
434;power;21.0
3192;model_year;2017
3018;power;26.1
1073;model;Gixxer
3243;model;Gixxer
433;company;Yamaha
2254;kms_driven;65000
1292;model_year;2012
1767;price;125000
576;mileage;25.0
2743;power;47.0
4087;model_year;2016
648;company;Bajaj
3246;mileage;40.0
4024;power;19.8
2220;company;Kawasaki
1097;model_year;2018
3048;company;Suzuki
3378;owner;first
473;location;bangalore
1576;kms_driven;12000
2507;power;19.8
1441;mileage;55.47
2604;mileage;20.0
2427;price;97100
3031;mileage;35.0
1082;kms_driven;17000
2730;kms_driven;4500
412;mileage;38.0
3864;price;16000
210;mileage;35.0
2754;power;8.2
455;power;9.0
2923;owner;second
2237;model_year;2015
1129;model_year;2012
524;price;35000
3377;company;KTM
2709;location;gurgaon
619;model;Pulsar
97;model_year;2018
999;location;kolkata
2262;location;mumbai
3106;power;8.0
572;power;17.0
336;model;Classic
2575;company;Yamaha
3041;owner;first
1789;price;228800
334;kms_driven;18000
2988;owner;second
3197;owner;first
33;model_year;2019
2109;mileage;35.0
3625;model_year;2016
280;owner;fourth
446;model_year;2014
3903;model;Pulsar
1418;company;UM
38;price;57000
1815;company;Bajaj
2899;owner;first
1015;mileage;65.0
1794;power;19.8
2687;model;Duke
1701;model;Pulsar
2142;model;Duke
435;price;90000
3248;owner;first
3688;model_year;2009
2889;location;pune
2207;price;68000
3137;owner;first
3786;power;19.8
521;company;Royal-Enfield
819;company;KTM
794;power;8.17
832;company;KTM
1278;model_year;2020
72;mileage;55.0
3998;owner;first
932;mileage;40.0
1876;price;86000
1604;company;Bajaj
3418;owner;first
1048;power;19.0
3289;mileage;52.0
2169;price;28000
338;mileage;53.0
3897;company;Hero
829;mileage;53.0
2691;company;Royal-Enfield
3390;model;RC
2500;price;102500
3;owner;first
924;price;110317
3021;price;125000
1757;mileage;32.0
44;location;dehradun
895;kms_driven;32604
1610;model;Classic
3075;kms_driven;11900
1104;mileage;25.0
1907;kms_driven;1800
1694;power;19.8
2865;company;TVS
2331;company;Royal-Enfield
2699;model_year;2017
3595;mileage;57.0
4063;power;7.7
1726;owner;first
2029;location;delhi
2449;power;11.8
3127;price;165000
173;kms_driven;78000
1903;power;19.8
1754;company;Royal-Enfield
3069;company;Royal-Enfield
3276;mileage;40.0
1642;price;78000
1749;location;gurgaon
1430;power;19.8
828;price;166000
3778;mileage;39.4
4003;owner;first
796;model_year;2019
1610;location;delhi
1685;owner;first
3449;location;faridabad
3904;company;Hero
1621;model_year;2013
3556;mileage;65.0
2451;model_year;2017
450;company;Hero
1254;price;135000
2954;price;99999
1268;mileage;67.0
977;power;8.2
4056;model_year;2012
3578;model_year;2015
882;company;Bajaj
374;kms_driven;78000
1060;model;Ninja
1293;owner;first
2482;owner;first
3346;model;RC
3753;power;9.3
2458;kms_driven;31000
655;company;Bajaj
569;model;Splendor
187;model;HF
290;location;delhi
786;location;bangalore
1602;company;Kawasaki
2380;model;Avenger
1686;owner;first
2314;kms_driven;18000
1894;kms_driven;5000
796;location;delhi
3284;power;19.8
790;company;Yamaha
3748;owner;first
1283;kms_driven;21045
857;model;Pulsar
1822;mileage;40.0
60;company;Yamaha
2770;kms_driven;15700
1556;model_year;2019
3416;mileage;26.0
1035;owner;first
3823;model_year;2014
3058;location;gurgaon
3811;power;27.2
452;mileage;63.0
1178;kms_driven;3100
3183;power;19.8
2369;power;14.6
2286;kms_driven;21000
3684;model;Thunderbird
1176;company;Royal-Enfield
2868;location;bangalore
1784;kms_driven;16000
3096;power;25.0
2376;owner;second
1762;mileage;65.0
491;mileage;53.0
3799;kms_driven;11000
197;owner;first
1326;owner;first
295;power;19.0
225;model;Renegade
2239;location;delhi
995;price;97300
2239;kms_driven;58530
66;company;Suzuki
2263;model;Pulsar
3306;kms_driven;70000
3283;location;delhi
2641;power;24.6
3568;location;mumbai
811;owner;second
2325;model_year;2019
2998;owner;first
3623;power;42.9
2828;model_year;2016
817;power;19.8
72;location;delhi
250;power;19.0
1500;model;Avenger
834;model_year;2018
2072;model_year;2019
1015;owner;first
3926;power;12.92
1296;company;KTM
3213;model_year;2015
1440;price;26000
896;company;Bajaj
3489;model_year;2014
2032;owner;first
2246;owner;first
3285;mileage;35.0
1134;location;kolkata
888;model;Z650
98;price;170000
893;price;19000
956;model_year;2017
3458;price;125000
3601;owner;first
3305;company;Royal-Enfield
3060;model_year;2016
2194;price;29025
3018;kms_driven;14500
2665;power;19.8
42;location;chittorgarh
3891;owner;first
294;power;11.8
25;owner;first
1937;power;27.2
2187;model_year;2010
1215;kms_driven;11000
2396;power;8.2
2114;model;Classic
3082;location;pune
1596;model_year;2010
1218;kms_driven;43500
2985;kms_driven;46316
2105;price;155625
4093;model;V15
449;model_year;2019
732;model;FZs
3889;location;delhi
3028;mileage;40.0
1448;model;Thunderbird
2748;model_year;2005
3852;model_year;2018
2610;mileage;40.0
1548;model_year;2017
3873;model_year;2016
3189;kms_driven;10000
1904;kms_driven;6200
3156;company;Bajaj
3935;owner;second
3484;company;Bajaj
1714;location;ghaziabad
3055;company;Hero
1603;model_year;2018
1560;power;19.8
1273;price;40000
1361;location;delhi
4023;location;delhi
172;mileage;35.0
385;kms_driven;69000
2533;owner;first
3295;mileage;40.0
3523;company;Bajaj
288;location;gurgaon
2411;power;19.8
3974;company;Hero
2232;price;17900
3865;company;Royal-Enfield
2418;company;KTM
1997;model;YZF-R15
3057;company;Royal-Enfield
3984;model;CT
3563;owner;first
4070;model;CBZ
1685;price;580000
518;owner;first
291;owner;second
3514;price;350000
3996;mileage;35.0
936;price;55000
1542;kms_driven;9300
3402;company;Bajaj
3053;power;14.3
2187;price;35000
3706;power;21.0
858;kms_driven;16457
2;company;Royal-Enfield
2444;model;Thunderbird
3589;power;24.8
1613;model_year;2013
2461;model_year;2013
3496;model;Street
3950;power;7.5
2032;price;93750
2549;power;19.8
2063;location;lucknow
1956;mileage;25.0
2259;price;87000
2433;model;Street
976;power;29.9
2541;power;42.3
1255;price;133100
1788;price;535000
237;model_year;2017
228;model_year;2018
3444;model_year;2016
1367;price;49000
1768;location;delhi
3130;model_year;2006
2197;price;115000
1101;location;gurgaon
648;owner;second
2872;price;10000
748;owner;first
3106;price;55500
2675;owner;first
3166;mileage;65.0
3515;model;Street
2406;location;chennai
908;price;100000
1264;power;14.0
208;location;bangalore
1269;power;27.2
2267;model;Avenger
2225;company;Royal-Enfield
441;owner;second
2659;power;11.8
650;location;mumbai
584;model;Avenger
37;owner;first
1384;model;Thunderbird
1631;company;Hero
3527;model_year;2008
3000;owner;first
1900;mileage;57.0
541;model;Standard
2196;owner;first
3399;model;Himalayan
2412;kms_driven;44900
1868;model_year;2016
1618;model;Karizma
3093;company;Hero
615;model_year;2012
1237;price;78800
3628;mileage;35.0
4020;company;Royal-Enfield
1273;model_year;2017
2824;owner;first
1936;model;Classic
3922;location;delhi
3989;power;14.0
2206;kms_driven;32000
4037;price;21000
42;price;45000
3278;price;200000
835;company;Royal-Enfield
1004;model_year;2018
4092;owner;first
782;company;Royal-Enfield
3952;owner;first
870;location;delhi
435;location;hyderabad
660;model;Classic
1527;model;YZF-R15
553;kms_driven;6400
1043;location;faridabad
3732;mileage;40.0
3069;location;bangalore
829;price;54998
1073;owner;first
460;company;Bajaj
2199;location;delhi
1911;company;Bajaj
1086;owner;first
707;model_year;2018
1002;model;Pulsar
1318;mileage;35.0
3042;model;Thunderbird
3473;model;Sport
2188;model_year;2019
280;mileage;65.0
2118;price;166000
3385;mileage;81.0
1299;company;Royal-Enfield
1703;power;119.37
2040;kms_driven;16800
4090;power;8.2
1336;mileage;35.0
3227;owner;first
8;power;24.5
3009;company;Bajaj
2851;model;GT250R
1364;power;18.76
687;price;120000
137;owner;first
2621;mileage;40.0
1123;model_year;2015
706;model;Karizma
4002;model;Pulsar
3616;company;Harley-Davidson
1657;model_year;2014
2773;kms_driven;6200
2199;kms_driven;8000
3484;location;kalyan
923;power;8.2
1793;mileage;45.0
2138;kms_driven;3500
33;kms_driven;15000
1755;mileage;25.0
1160;price;127500
2269;company;Royal-Enfield
617;price;100000
2422;owner;third
3356;price;65000
851;model_year;2017
974;power;24.8
1306;owner;first
899;power;24.8
2276;model;Avenger
2605;power;27.2
35;model;Classic
641;owner;first
2267;company;Bajaj
649;model_year;2013
229;model_year;2019
2767;owner;first
3628;company;Royal-Enfield
1419;mileage;81.0
2514;kms_driven;20000
1424;owner;first
558;model_year;2016
399;power;19.8
1377;price;497000
1159;model;RC
3068;price;515000
335;power;19.0
1205;company;Royal-Enfield
821;location;delhi
3357;model;Duke
2198;mileage;95.0
3755;power;27.2
978;owner;first
3383;mileage;40.0
3127;location;faridabad
3116;owner;first
1862;price;123400
4039;power;12.0
1472;kms_driven;43130
2665;model_year;2018
1745;owner;second
953;location;bangalore
706;company;Hero
3795;location;ahmedabad
2862;company;Yamaha
474;company;Bajaj
4050;power;8.2
657;price;130000
3074;mileage;32.0
505;location;bangalore
1842;price;49000
1454;company;Royal-Enfield
671;location;mumbai
2814;power;19.8
2811;model;Avenger
2591;model_year;2014
192;price;145000
3217;model;YZF-R15
126;price;27899
1743;mileage;35.0
519;model_year;2019
2100;location;mumbai
1386;model_year;2016
620;model;Pulsar
121;price;33000
1317;mileage;50.0
2710;model_year;2014
2121;company;TVS
3083;kms_driven;26000
3512;mileage;20.0
355;mileage;55.0
4035;owner;first
483;model_year;2014
3271;price;185000
3651;mileage;25.0
2592;location;ahmedabad
2801;power;19.8
1303;model_year;2015
161;kms_driven;16000
2854;location;bangalore
1334;kms_driven;9600
865;owner;first
3416;owner;first
999;mileage;37.0
890;power;12.9
2384;model_year;2014
779;price;80000
2633;mileage;50.0
2702;owner;first
3057;mileage;32.0
3171;price;106820
348;model_year;2017
3964;owner;first
3126;kms_driven;8000
2848;mileage;35.0
97;location;bangalore
3839;company;Royal-Enfield
1628;power;27.2
1745;kms_driven;35000
2901;company;Hero
518;kms_driven;11000
567;location;pune
1347;mileage;38.0
3246;location;kalyan
905;company;Bajaj
2128;power;67.2
1975;price;30000
2209;kms_driven;6900
1749;owner;first
1701;owner;first
595;location;noida
1192;model;Hunk
3230;power;21.0
1880;kms_driven;34000
3668;model_year;2004
3087;price;109500
2931;price;310000
1855;owner;first
269;power;19.0
2114;kms_driven;6000
218;location;pune
294;model_year;2017
1792;power;12.92
2281;owner;first
2445;company;Bajaj
2367;location;mumbai
3550;owner;first
2398;kms_driven;48263
895;mileage;89.0
3121;owner;first
3298;price;195000
2709;power;19.8
4014;location;delhi
633;model_year;2017
4;company;KTM
1669;kms_driven;9800
3254;mileage;20.0
50;company;KTM
1616;owner;first
1757;location;bangalore
2102;model_year;2020
2010;owner;third
2066;price;139000
3308;price;56000
526;kms_driven;32000
1398;company;Honda
3824;price;85000
2635;owner;first
2658;model_year;2014
1173;kms_driven;38000
2214;price;76000
2257;model;Hunk
2432;mileage;20.0
3403;owner;second
3208;company;Hero
3716;model_year;2017
46;price;26000
335;kms_driven;28331
1188;kms_driven;10115
3559;location;jaipur
1347;company;Honda
1334;company;Yamaha
3181;kms_driven;1600
2545;price;40000
2978;power;19.8
1644;model_year;2011
4001;model_year;2016
2695;price;110000
3375;mileage;57.0
3908;price;35400
3571;company;Royal-Enfield
1668;location;bangalore
264;model_year;2016
4012;model;Pulsar
2525;owner;first
3686;owner;first
3771;price;20000
1694;location;chandigarh
839;company;Royal-Enfield
3965;kms_driven;18000
134;model;Discover
201;mileage;38.0
3280;power;19.0
911;mileage;42.0
1455;model_year;2019
3657;owner;first
1622;mileage;55.0
884;model;Centuro
2649;owner;second
4038;model_year;2017
4064;model_year;2017
3593;mileage;57.0
2427;kms_driven;15000
829;model_year;2016
3188;model;Duke
2756;model;Avenger
2774;company;Royal-Enfield
631;power;14.0
2818;power;26.15
1171;power;54.2
2224;price;144500
1865;company;Harley-Davidson
1115;kms_driven;17225
4049;mileage;95.0
4015;mileage;45.0
859;price;20000
3994;model;Super
659;owner;third
3530;location;mumbai
3894;model;Passion
3378;model;Bullet
2873;power;8.2
896;owner;first
3214;power;8.2
3838;mileage;40.0
401;location;mumbai
1449;power;19.8
601;model_year;2020
3465;price;54400
3061;kms_driven;97000
163;mileage;38.0
235;price;105000
4021;power;8.2
2240;company;Royal-Enfield
420;model_year;2017
1209;owner;first
650;power;42.9
1971;model;Duke
949;company;Hero
1966;kms_driven;14367
3874;model_year;2008
201;price;80000
3226;company;Bajaj
3111;location;delhi
2006;kms_driven;1166
1663;price;35216
2442;price;170000
1048;model_year;2017
3289;kms_driven;12276
3331;price;22000
2049;mileage;62.0
813;owner;first
1316;mileage;43.0
1211;mileage;32.0
3644;model_year;2016
2105;owner;first
386;price;72000
1628;model;Thunderbird
1295;company;Bajaj
324;location;jaipur
1068;owner;first
1993;kms_driven;46000
2430;kms_driven;100000
3766;kms_driven;22253
809;power;25.0
1989;owner;first
3286;location;mumbai
3396;price;39000
3759;mileage;40.0
2086;model;Avenger
2683;model;Classic
623;mileage;65.0
872;mileage;25.0
2100;power;27.2
822;owner;first
2428;owner;first
3770;kms_driven;22840
740;location;gurgaon
1448;price;80000
2046;model;FZ25
2641;price;130000
1475;owner;first
2583;location;bangalore
2820;mileage;50.0
4064;mileage;35.0
3673;owner;first
3384;location;bangalore
1978;power;19.8
2309;company;Royal-Enfield
53;model;YZF-R15
4018;company;Bajaj
3025;model;Classic
3315;mileage;25.0
783;price;59000
1048;mileage;35.0
488;owner;third
3174;mileage;25.0
2920;owner;first
3206;kms_driven;12358
1564;company;Royal-Enfield
1272;power;47.0
638;mileage;62.0
1911;power;11.8
3661;kms_driven;13795
3851;company;Suzuki
3553;price;26900
270;power;21.0
1272;location;pune
473;model;Classic
2161;company;Suzuki
1325;model;Thunderbird
747;location;jaipur
824;company;TVS
3719;model;Passion
3560;company;Royal-Enfield
2306;model;Classic
2268;model;Avenger
2685;mileage;35.0
560;kms_driven;9700
1019;company;Hero
1009;location;delhi
1970;company;Royal-Enfield
2929;model;Street
1232;price;115600
1566;mileage;85.0
1866;price;110000
1564;price;98500
1933;model;Pulsar
3475;model_year;2016
2724;owner;first
3856;model_year;2015
1349;model_year;2017
1576;power;19.8
3312;power;16.7
2499;owner;first
252;power;13.0
1125;location;ghaziabad
3130;owner;first
1577;price;255000
2010;model;YZF-R15
1212;owner;second
3520;price;80000
3140;model_year;2009
981;price;140000
3252;location;gurgaon
2002;owner;first
1314;power;77.0
3420;company;Hero
3908;mileage;38.0
1631;power;8.17
346;owner;first
1979;location;ahmedabad
1438;model_year;2007
300;price;160000
1841;model_year;2016
3539;company;Royal-Enfield
3376;kms_driven;12315
808;model;RC
777;mileage;65.0
3427;model_year;2018
453;company;Bajaj
3890;model;Passion
1565;price;525000
17;price;44000
115;owner;first
1304;owner;first
3265;model_year;2013
2049;power;11.64
3191;model;Classic
2830;model_year;2015
1261;owner;first
2525;mileage;40.0
1769;model;Gixxer
2030;price;190000
614;model_year;2015
1903;owner;second
3285;owner;first
4057;owner;first
2691;model;Thunderbird
3777;owner;first
2691;mileage;40.0
2100;model_year;2016
2668;price;155000
2516;location;delhi
1417;company;Kawasaki
4095;mileage;35.0
2251;company;Hero
2506;model_year;2014
1174;power;19.8
1499;price;200000
116;company;Royal-Enfield
3895;company;Hero
1502;company;Yamaha
960;owner;first
1945;model;Discover
182;mileage;35.0
1199;price;160700
2876;kms_driven;15100
3860;model_year;2013
1188;model_year;2018
121;model_year;2014
903;owner;first
679;model;Bullet
3976;location;thane
689;power;28.0
2419;power;12.0
3988;model;Passion
199;power;14.6
1865;kms_driven;7757
3402;price;52000
2685;model;Classic
2554;price;12500
85;mileage;5.0
3588;kms_driven;2000
2218;model_year;2020
2747;power;12.32
3020;mileage;55.0
1480;owner;first
455;model;Passion
2329;kms_driven;17000
4000;power;16.8
3038;model;YZF-R15
3501;model_year;2013
3183;kms_driven;16000
1570;kms_driven;7400
1886;power;11.8
2569;model;Classic
2695;power;19.8
3214;price;45000
866;company;Royal-Enfield
1948;owner;first
2191;company;Royal-Enfield
4089;model;CD
541;power;26.1
1590;company;Yamaha
3204;kms_driven;19400
3977;model;Discover
3239;price;125000
2455;kms_driven;40000
2894;kms_driven;7200
3259;model;Splendor
2879;owner;first
2493;location;mumbai
258;model;Pulsar
3555;model_year;2014
2196;model;Duke
2493;company;Royal-Enfield
3149;location;mumbai
816;location;bangalore
3523;model;Avenger
3237;model_year;2017
2789;mileage;65.0
1727;price;28000
1734;model;Pulsar
75;kms_driven;17000
786;kms_driven;7000
1073;model_year;2017
1001;model_year;2017
2469;mileage;55.0
2770;model;Himalayan
2525;location;jaipur
2524;model_year;2013
3037;owner;first
1948;company;Yamaha
2185;owner;first
1557;owner;first
3629;company;Bajaj
53;owner;first
2402;owner;second
3085;location;pune
35;location;mumbai
3595;company;Bajaj
468;mileage;35.0
906;kms_driven;24520
1670;owner;first
1095;kms_driven;26877
3928;company;Bajaj
968;model;Classic
629;location;ghaziabad
2684;price;165000
2995;kms_driven;17000
2672;location;delhi
2821;kms_driven;26000
2983;kms_driven;40000
3926;location;delhi
1524;location;dehradun
289;company;Bajaj
747;kms_driven;88000
2371;location;pune
680;kms_driven;15000
770;company;Bajaj
3446;model;RC
2682;price;160000
203;power;19.8
3859;mileage;40.0
1857;power;17.0
2059;kms_driven;11000
1646;power;12.9
2010;mileage;42.0
805;price;59000
1323;kms_driven;6000
1718;price;33500
518;model;Thunderbird
944;mileage;35.0
1776;owner;first
3852;company;Bajaj
1269;kms_driven;11277
3996;location;faridabad
1242;company;UM
3111;kms_driven;15000
2378;price;39000
2524;company;KTM
1056;owner;fourth
2641;model_year;2017
2762;model;Avenger
345;price;11250
158;company;Hero
3313;owner;first
3506;model;Street
3116;company;Bajaj
3886;power;19.8
1989;mileage;65.0
595;kms_driven;35000
2782;power;42.9
3987;model;Gixxer
1420;model;Avenger
715;company;Royal-Enfield
3173;location;faridabad
2009;model_year;2018
3489;location;ghaziabad
1650;company;Yamaha
1509;kms_driven;32075
274;mileage;35.0
3943;company;Bajaj
3745;price;70000
3749;location;delhi
3453;company;Royal-Enfield
668;mileage;45.0
2361;company;Hero
2494;model_year;2013
3155;kms_driven;8866
390;owner;first
2783;kms_driven;19000
898;model;Thunderbird
658;power;21.0
4019;model_year;2005
3673;power;9.0
2337;owner;first
2976;location;bangalore
2130;company;Royal-Enfield
3104;power;9.0
2221;model;FZs
2786;owner;first
1875;company;Bajaj
1437;kms_driven;4200
3703;kms_driven;13240
2913;kms_driven;11000
3130;price;59500
22;location;mumbai
3744;owner;second
3691;kms_driven;7384
421;company;Royal-Enfield
2789;kms_driven;40300
2992;company;Hero
2394;mileage;35.0
598;location;bangalore
2241;power;21.0
2492;model;Thunderbird
1519;model_year;2020
2415;model;Avenger
392;model_year;2013
652;owner;first
1011;location;delhi
3766;mileage;32.0
2031;location;delhi
433;owner;first
2927;model;TNT
3445;owner;second
1026;owner;first
4016;kms_driven;6742
3679;location;mumbai
110;mileage;35.0
3654;mileage;35.0
1141;price;90000
1734;kms_driven;73000
3508;owner;first
2084;model;Avenger
308;location;gurgaon
2523;price;180000
1061;location;faridabad
3010;company;Royal-Enfield
2495;model_year;2017
2881;power;13.0
742;mileage;81.0
1081;owner;first
3959;model_year;2014
2267;price;125000
1365;company;Royal-Enfield
1052;kms_driven;13000
1254;model;Classic
1961;model_year;2017
2773;power;25.0
962;model;Thunderbird
2922;model_year;2014
3128;price;48000
3935;company;Yamaha
2339;kms_driven;36000
3303;kms_driven;27000
1889;power;19.8
3837;company;KTM
1241;company;Bajaj
500;price;165000
1149;mileage;35.0
1328;power;19.8
2556;model;Classic
3036;model_year;2016
444;owner;third
3280;mileage;40.0
3321;company;Bajaj
817;company;Royal-Enfield
4089;company;Hero
2483;location;pune
474;owner;first
1693;company;Royal-Enfield
1418;owner;first
418;owner;first
3082;price;61600
1212;model_year;2009
712;owner;first
1315;owner;first
1412;location;gurgaon
451;owner;first
3106;model_year;2018
1585;owner;first
1206;model;Apache
1830;model_year;2017
3813;owner;first
986;company;Bajaj
1245;model;RC
2298;power;67.2
18;price;141500
1566;owner;first
3357;location;chennai
1416;power;11.8
3281;power;67.2
1707;mileage;57.0
642;model;Classic
639;mileage;40.0
2667;location;ludhiana
2701;location;noida
1430;model_year;2018
589;owner;first
1504;model;Thunderbird
1684;price;88187
3342;mileage;53.0
594;model_year;2016
453;model;Pulsar
3055;kms_driven;3600
2946;model;RC
1582;mileage;35.0
233;power;27.2
3063;location;mumbai
646;company;Honda
2007;model;Pulsar
4044;model;Bullet
432;power;16.8
1177;power;7.91
3237;company;Royal-Enfield
2382;price;25000
3209;power;16.7
4040;location;faridabad
2783;model;Gixxer
4067;price;26000
796;price;245000
2038;owner;first
3312;location;chennai
2964;power;43.0
3896;kms_driven;8000
1915;price;150000
1995;mileage;57.0
2142;owner;first
838;price;88000
3702;model_year;2016
917;kms_driven;17600
1814;price;40000
211;price;17000
280;model_year;2020
3985;power;17.0
1512;model;YZF-R15
4000;company;Bajaj
3763;kms_driven;27792
1413;price;105000
1501;kms_driven;4900
230;location;chandigarh
1849;mileage;81.0
770;location;ghaziabad
3957;model_year;2014
891;model_year;2007
1817;model;CB
2831;owner;first
1057;location;ghaziabad
2644;kms_driven;15000
3394;price;37000
1804;model;Classic
3712;power;8.0
1791;company;Yamaha
681;power;17.0
2976;price;150000
665;model_year;2017
2899;price;36558
277;power;26.1
2278;price;160000
209;company;KTM
2471;kms_driven;43000
2001;company;Hero
196;model;Himalayan
1604;kms_driven;29148
255;company;Bajaj
2025;company;KTM
3214;owner;first
168;company;Bajaj
17;company;Yamaha
1744;model;Duke
887;owner;first
1651;model;FZs
490;price;39000
2086;company;Bajaj
350;mileage;65.0
1802;model;Classic
3470;location;delhi
3374;company;Bajaj
2910;kms_driven;19829
1966;model_year;2016
789;power;8.17
87;owner;first
3244;company;Hero
2254;mileage;53.0
1394;price;65000
2346;mileage;35.0
3582;location;pune
2149;mileage;35.0
2007;mileage;65.0
783;location;hyderabad
2849;model_year;2019
2645;owner;first
3027;kms_driven;40000
2501;price;140000
2788;power;60.0
395;price;80000
1652;model;Mojo
2995;mileage;35.0
3895;owner;first
1280;location;gurgaon
3168;location;pune
563;model;Thunderbird
449;mileage;35.0
4037;location;delhi
3137;location;delhi
3187;model_year;2016
1348;model;CBR
3664;owner;first
3891;mileage;5.0
4043;company;Hero
3931;location;delhi
2220;power;197.3
3370;price;16400
78;model;Bullet
427;price;19200
2788;mileage;20.0
1296;power;25.0
3157;mileage;42.0
2678;power;8.2
432;mileage;53.0
2947;kms_driven;13000
202;model_year;2016
2074;location;mumbai
1582;kms_driven;24000
3328;model_year;2010
1628;kms_driven;50000
2837;model_year;2018
709;price;130000
3804;mileage;42.0
3330;price;95000
1458;model_year;2019
1653;location;pune
2844;mileage;67.0
694;model;Splendor
3117;model;Thunderbird
383;kms_driven;15500
1051;company;Yamaha
2145;kms_driven;40000
2351;price;120000
2742;location;ghaziabad
2906;location;gurgaon
3619;model_year;2018
1316;location;delhi
3961;kms_driven;18470
951;kms_driven;8000
6;owner;first
195;kms_driven;1400
659;mileage;38.0
108;company;KTM
1953;model;RC
1895;model;Bullet
762;company;Hero
2001;owner;first
3841;company;KTM
2851;company;Hyosung
1516;location;bangalore
735;model;Bullet
3629;price;45000
1264;owner;first
565;location;ahmedabad
2406;model;GT250R
666;kms_driven;54500
2165;owner;second
1167;price;528425
2878;company;TVS
2377;location;noida
2785;price;160000
2929;owner;first
2162;model;FZs
1866;company;Royal-Enfield
1964;owner;first
3640;location;bangalore
2147;price;95000
3042;location;thane
2750;model_year;2018
2349;location;mumbai
2504;model_year;2019
3498;mileage;25.0
3796;mileage;37.0
2459;model;Discover
34;model_year;2013
518;mileage;30.0
2808;price;101000
2114;company;Royal-Enfield
2521;price;99700
849;location;mumbai
2065;kms_driven;44375
3907;power;24.8
701;kms_driven;14000
341;company;Royal-Enfield
2617;model_year;2012
3339;kms_driven;8000
1484;mileage;35.0
2902;price;150000
3051;mileage;35.0
2946;price;154000
3601;model_year;2016
543;model_year;2016
3108;price;145000
1462;kms_driven;10000
3382;mileage;32.0
1941;mileage;25.0
2067;model;Continental
3121;company;Hero
1182;power;19.8
2542;location;gurgaon
1361;price;62000
1053;kms_driven;10800
1848;power;7.7
2351;model;FZ25
1980;location;bangalore
439;location;delhi
2557;kms_driven;25256
2892;price;275000
1233;company;Royal-Enfield
1840;company;Royal-Enfield
1863;company;Royal-Enfield
3874;location;jaipur
3326;mileage;40.0
4063;owner;first
2969;model;Bullet
1181;kms_driven;27600
3942;mileage;37.0
3251;owner;first
22;company;Honda
2886;owner;first
1884;kms_driven;53000
3977;kms_driven;30000
3583;location;delhi
1039;model_year;2014
1574;model;Street
1135;model;Street
3776;mileage;35.0
2609;price;28000
3205;owner;first
13;company;Royal-Enfield
4092;power;12.32
1327;price;99750
1804;owner;first
2688;price;56550
1874;company;Yamaha
1579;location;delhi
2748;model;Super
3185;owner;first
1248;company;Hero
320;kms_driven;5000
1597;company;Royal-Enfield
2807;company;Royal-Enfield
1282;kms_driven;13500
4094;location;chennai
174;model_year;2016
1842;owner;first
1813;model;Street
676;owner;first
2152;mileage;40.0
2557;model;Thunderbird
2003;power;14.3
3406;price;475000
4085;model;Pulsar
3790;location;chennai
2157;model;Karizma
2921;owner;first
610;owner;first
2431;price;230000
2038;model;Avenger
180;model;Bullet
1748;company;Hero
155;model;FZs
3818;power;20.3
733;mileage;45.0
31;model_year;2009
974;mileage;35.0
694;owner;first
1399;location;indore
775;location;chandigarh
1941;company;Royal-Enfield
393;model;Passion
3692;location;mumbai
840;price;115000
1436;model;Gixxer
3203;power;13.0
1901;location;pune
3533;price;140000
2704;model;RC
2796;model_year;2013
3851;power;14.6
1393;company;Royal-Enfield
1394;location;ludhiana
3501;price;130000
3441;model_year;2015
3108;model;Classic
2486;owner;first
2596;kms_driven;59000
119;owner;first
1548;power;19.8
3535;model;Avenger
1569;location;chennai
1483;power;26.21
494;company;Hero
248;power;14.3
556;mileage;35.0
2884;mileage;81.0
2829;kms_driven;12233
3642;price;130000
565;mileage;35.0
270;model;Pulsar
2549;owner;first
2927;kms_driven;5000
3616;mileage;20.0
3983;mileage;55.0
1229;model_year;2018
3091;kms_driven;24000
2731;kms_driven;39067
3080;price;72000
3766;company;Royal-Enfield
990;power;19.8
3440;mileage;32.0
254;model;Thunderbird
2195;mileage;40.0
3117;company;Royal-Enfield
832;model;Duke
1927;model;RC
1509;location;bangalore
319;model_year;2015
2253;location;mumbai
669;power;11.64
2271;kms_driven;19000
204;price;110000
223;owner;second
2685;location;delhi
1557;power;42.3
1248;owner;first
3385;kms_driven;12300
1007;kms_driven;12500
2849;company;Royal-Enfield
3040;power;19.8
2964;kms_driven;20000
3172;mileage;26.0
460;model_year;2018
402;kms_driven;97000
2548;power;19.8
1270;kms_driven;25000
1736;company;Royal-Enfield
1657;model;Classic
3629;model;Discover
101;mileage;35.0
2217;model;Duke
2854;kms_driven;7500
3821;model_year;2018
253;model;Avenger
584;mileage;53.0
3737;location;bangalore
1799;company;Bajaj
2511;power;19.8
1564;model_year;2014
2179;power;19.8
2011;owner;first
3844;price;325000
2092;kms_driven;6000
3599;model;Classic
1617;price;35000
1885;mileage;35.0
535;owner;first
2919;model;Pulsar
166;company;Hero
1911;mileage;57.0
1327;location;delhi
3211;price;92000
1111;power;24.6
3267;location;chandigarh
127;power;33.0
2179;kms_driven;13400
298;mileage;26.0
1616;mileage;55.0
777;model_year;2006
1283;model;Avenger
2662;kms_driven;4525
2832;kms_driven;13580
307;model;Pulsar
2298;model_year;2016
2627;price;110000
329;model_year;2016
3942;kms_driven;2172
3807;owner;first
1941;model_year;2017
2716;model;Classic
1209;kms_driven;36324
593;kms_driven;4
1878;owner;second
366;owner;first
1169;mileage;32.0
4;price;63400
2016;model_year;2019
2144;owner;first
1060;price;526300
3649;company;KTM
2739;model;Avenger
2942;power;16.0
28;location;chittorgarh
3317;price;160000
1085;owner;second
2125;owner;first
713;location;jaipur
948;kms_driven;7000
1536;power;19.8
854;model_year;2020
1541;location;surat
473;mileage;32.0
371;model;HF
3036;owner;first
875;mileage;35.0
2320;location;delhi
3794;kms_driven;4189
3571;owner;first
3747;location;jaipur
1872;mileage;20.0
3017;mileage;32.0
2087;kms_driven;24000
2672;company;Yamaha
2133;model_year;2018
2160;model;YZF-R15
1058;location;faridabad
3225;mileage;57.0
1375;company;Royal-Enfield
3214;location;mumbai
2025;model;RC
3950;model;Passion
926;location;gurgaon
3970;price;32000
248;model_year;2016
2581;owner;second
3685;price;110000
281;owner;first
1161;power;19.8
149;location;mumbai
1872;price;480000
4062;model;Classic
987;price;118000
1889;owner;first
552;model;Renegade
2698;model;Standard
1241;owner;first
664;owner;first
629;company;Royal-Enfield
3916;owner;first
3176;location;tiruvallur
3847;mileage;20.0
231;kms_driven;15000
1613;power;13.0
1931;model;Avenger
3496;mileage;20.0
2667;kms_driven;2700
703;mileage;81.0
1367;owner;first
916;price;140000
1763;model;Super
3659;power;7.5
2933;owner;first
3613;owner;first
2401;power;8.2
2671;model_year;2017
3084;location;pune
3497;owner;first
1970;model;Thunderbird
1569;owner;first
1344;mileage;35.0
2410;mileage;35.0
2793;power;67.2
301;location;gurgaon
3915;location;ahmedabad
1547;kms_driven;3000
3399;power;24.5
1797;price;86200
979;kms_driven;10100
2521;model;Classic
1904;mileage;38.0
327;owner;first
1699;company;Royal-Enfield
2652;price;130000
2253;model_year;2015
2742;power;8.2
528;company;Royal-Enfield
2335;mileage;37.0
3030;owner;second
132;model;Classic
1631;owner;first
1571;location;delhi
3500;power;47.0
66;model;Gixxer
1168;mileage;81.0
2198;owner;second
734;owner;first
2678;mileage;84.0
2693;power;19.8
3582;mileage;26.0
1989;model;Pulsar
1606;owner;first
1890;price;120000
1625;kms_driven;20000
921;model_year;2014
2794;power;67.2
3258;price;200000
472;company;Royal-Enfield
1938;model_year;2013
104;location;delhi
18;mileage;35.0
3233;model;Thunderbird
3935;location;gurgaon
