3544;candidate_last_name;TRUMP
737;party_simplified;OTHER
1312;party_detailed;DEMOCRAT
2996;party_detailed;CONSTITUTION PARTY
377;candidate_last_name;CLARK
2096;state;NORTH DAKOTA
901;state_po;TN
1350;totalvotes;2773664
2016;state_po;MA
719;state_po;IL
1223;candidate_last_name;HAGELIN
323;candidate_last_name;COMMONER
463;state;MINNESOTA
2264;party_detailed;REPUBLICAN
658;candidate_first_name;DAVID
1083;state;NEVADA
233;state;PENNSYLVANIA
2908;state;MINNESOTA
1378;state_fips;29
468;year;1980
1910;party_simplified;OTHER
1272;candidate_last_name;BUSH
498;candidatevotes;234632
2008;candidatevotes;5310
3241;candidate_first_name;HILLARY
2274;party_detailed;LIBERTARIAN
339;totalvotes;8582938
3233;party_detailed;AMERICAN DELTA PARTY
208;candidate_last_name;CAMEJO
2109;party_detailed;INDEPENDENT
722;state;ILLINOIS
1400;state_po;NH
1547;candidatevotes;662165
160;state_fips;32
3033;state;WEST VIRGINIA
141;state;MISSISSIPPI
3052;state;ALASKA
2343;state_fips;29
423;candidatevotes;4233
1759;totalvotes;6439129
1222;state_fips;4
1601;party_simplified;OTHER
2040;state_po;MO
15;party_simplified;OTHER
2683;state;NORTH CAROLINA
871;year;1984
2434;state_fips;48
2666;state_po;NM
1246;candidatevotes;348771
2744;year;2008
1490;year;1992
2948;state_po;NM
283;party_simplified;DEMOCRAT
3339;state;ARIZONA
2883;candidate_last_name;WHITE
2869;state_fips;21
2885;state_po;ME
2565;state;INDIANA
404;totalvotes;1317661
2814;state;COLORADO
3465;state_fips;17
445;party_detailed;DEMOCRAT
241;candidate_last_name;FORD
1565;state_fips;5
3579;state;MISSOURI
2090;party_simplified;LIBERTARIAN
2457;candidatevotes;2974
3651;candidate_first_name;DONALD J.
134;state_po;MN
2653;totalvotes;710970
61;candidate_first_name;JIMMY
1970;candidate_last_name;BROWNE
852;candidate_first_name;EARL
1563;state_fips;5
1918;candidate_last_name;NADER
2735;candidate_last_name;BALDWIN
1519;party_simplified;DEMOCRAT
1964;state;ILLINOIS
2093;state_fips;38
3183;state_fips;27
1684;party_detailed;NATURAL LAW
295;candidate_last_name;FORD
892;candidate_first_name;MELVIN
824;state_po;NJ
1778;candidate_first_name;HARRY
3467;candidate_last_name;JORGENSEN
1599;party_simplified;LIBERTARIAN
3094;state_po;CT
3116;totalvotes;437664
3389;totalvotes;3279980
3111;state_po;FL
2488;state;ARKANSAS
3513;state_po;LA
2494;year;2008
1673;candidate_first_name;ROBERT
2666;candidatevotes;472422
895;state_po;TN
1690;state_fips;25
3249;state;NORTH DAKOTA
3078;year;2016
1919;state_fips;9
1319;totalvotes;1790017
3051;party_detailed;GREEN
2976;state_fips;41
3622;candidate_first_name;JADE
2152;candidatevotes;119775
3546;totalvotes;3658005
3343;party_detailed;INDEPENDENT
1050;party_simplified;REPUBLICAN
1903;candidatevotes;44987
1402;candidatevotes;294
2360;totalvotes;829587
1133;party_detailed;LIBERTARIAN
2681;candidatevotes;1639
375;candidate_first_name;RONALD
1614;party_detailed;SOCIALIST WORKERS
1233;candidate_first_name;RON
1876;totalvotes;1666272
2934;candidate_first_name;nan
22;candidate_last_name;MACBRIDE
706;state_po;HI
1861;state;WASHINGTON
58;candidatevotes;3558
664;state;ARKANSAS
2139;candidate_last_name;BUSH
385;totalvotes;4749721
2196;party_detailed;REPUBLICAN
733;party_detailed;SOCIALIST WORKERS
179;state;NEW JERSEY
3107;year;2016
2836;totalvotes;8474179
2588;state_po;LA
1627;candidate_last_name;BROWNE
3281;state_fips;46
1909;state;COLORADO
874;state;PENNSYLVANIA
946;party_simplified;OTHER
981;state;CONNECTICUT
2492;state_po;AR
2125;candidatevotes;97
1967;state;INDIANA
1798;totalvotes;4501307
1845;state_po;VT
646;candidate_first_name;JIMMY
1261;state;DISTRICT OF COLUMBIA
3228;candidatevotes;74541
1793;year;1996
2624;party_simplified;DEMOCRAT
2694;candidatevotes;19917
2361;party_simplified;OTHER
3129;state_po;IN
2159;state_po;VT
2247;state;DISTRICT OF COLUMBIA
838;state_fips;36
3474;state_fips;17
3501;party_detailed;AMERICAN SOLIDARITY PARTY
2268;totalvotes;598376
2785;state;ARIZONA
1564;totalvotes;884262
3178;state_fips;27
3436;candidate_first_name;GLORIA ESTELLA
1938;year;2000
2776;state_fips;56
15;party_detailed;AMERICAN
1251;party_simplified;OTHER
2991;year;2012
1051;party_detailed;LIBERTARIAN
235;party_detailed;REPUBLICAN
1966;state;ILLINOIS
2244;candidatevotes;21256
47;candidatevotes;1469531
2807;state_po;CO
3332;party_detailed;REPUBLICAN
2031;totalvotes;994184
2639;candidate_first_name;BOB
1137;totalvotes;1201694
1069;candidate_first_name;MICHAEL
225;candidate_first_name;EUGENE GENE
1490;party_simplified;LIBERTARIAN
1657;candidatevotes;4557
757;party_detailed;ALLIANCE
817;state;NEW JERSEY
1267;totalvotes;2321133
2808;state_fips;8
916;candidatevotes;423
114;state_po;MA
924;candidate_first_name;RONALD
73;candidate_last_name;FORD
1035;party_detailed;REPUBLICAN
2787;state;ARIZONA
516;candidatevotes;2728372
2412;year;2004
2567;totalvotes;1537123
217;candidate_last_name;LAROUCHE
1647;state_fips;19
311;candidate_first_name;CLIFTON
3493;year;2020
2382;state;NEW YORK
3269;totalvotes;464144
933;year;1984
3436;party_simplified;OTHER
2349;state_po;MT
2483;state_po;AZ
917;totalvotes;234561
1576;candidate_first_name;ROSS
2920;year;2012
3163;state;MARYLAND
2911;year;2012
2111;state_po;OR
891;state_po;SD
1174;candidate_last_name;KENOYER
1001;party_detailed;NEW ALLIANCE
3470;party_detailed;PARTY FOR SOCIALISM AND LIBERATION
1283;candidate_last_name;CLINTON
1714;year;1996
871;party_simplified;OTHER
161;candidatevotes;185935
3623;party_detailed;ALLIANCE
3627;candidatevotes;98
1757;party_simplified;OTHER
1977;candidate_last_name;PHILLIPS
3510;state_po;LA
1159;totalvotes;312991
1037;totalvotes;1628202
1224;year;1992
3266;state_po;RI
3307;candidate_last_name;JOHNSON
641;year;1980
3723;state_po;VT
3080;state;COLORADO
1365;state_fips;27
2265;candidatevotes;181098
598;party_detailed;LIBERTARIAN
1142;candidate_last_name;PAUL
864;party_detailed;REPUBLICAN
3118;totalvotes;437664
665;party_simplified;OTHER
2824;state;DISTRICT OF COLUMBIA
1750;party_detailed;U.S. TAXPAYERS PARTY
1675;party_detailed;GREEN
2330;party_simplified;OTHER
5;party_detailed;COMMUNIST PARTY USE
2729;party_detailed;REPUBLICAN
2961;state_fips;38
2944;party_simplified;OTHER
2088;state;NORTH CAROLINA
3543;totalvotes;3658005
1745;candidate_last_name;CLINTON
1698;party_simplified;DEMOCRAT
1120;party_simplified;REPUBLICAN
1716;candidate_first_name;ROSS
365;state_po;DC
298;candidatevotes;4298
310;year;1980
63;party_detailed;COMMUNIST PARTY USE
1236;candidate_last_name;BUSH
2925;party_simplified;DEMOCRAT
2593;candidate_first_name;GENE
1133;state;OKLAHOMA
2729;state_po;TX
2662;party_detailed;SOCIALIST
4;state;ALABAMA
301;state;WISCONSIN
2700;party_simplified;DEMOCRAT
806;year;1984
142;state_fips;28
1178;candidate_last_name;LAROUCHE
2431;party_simplified;OTHER
1984;totalvotes;1072216
2476;candidate_first_name;JOHN
1503;state;UTAH
3640;state;OHIO
1737;state_po;NV
2631;state_po;MO
2773;state_po;WI
2794;state_po;CA
1458;year;1992
1615;party_detailed;DEMOCRAT
1731;party_detailed;DEMOCRAT
155;candidate_last_name;MADDOX
1689;totalvotes;2556459
3326;state;WYOMING
1556;state_po;AK
1959;candidate_first_name;HARRY
695;year;1984
1588;candidate_first_name;CHARLES
43;party_simplified;OTHER
1189;candidatevotes;903835
1478;totalvotes;336254
965;year;1988
874;state_fips;42
1968;party_simplified;DEMOCRAT
1801;candidate_last_name;CLINTON
1163;party_simplified;DEMOCRAT
1909;candidate_first_name;HARRY
1528;totalvotes;2287565
1279;state_fips;16
417;totalvotes;979795
676;year;1984
2771;candidate_last_name;BALDWIN
1337;state_fips;24
2738;party_simplified;OTHER
564;party_detailed;SOCIALIST WORKERS
300;party_detailed;SOCIALIST WORKERS
1097;state_po;NJ
2610;candidate_last_name;OBAMA
2625;candidatevotes;4011
2336;state_fips;28
3138;state_po;IA
3220;year;2016
3123;candidatevotes;28331
3199;candidatevotes;177709
1048;state;MARYLAND
323;year;1980
1122;year;1988
289;year;1976
2747;totalvotes;325046
2422;state_fips;45
2558;totalvotes;5522371
3072;year;2016
3372;state;COLORADO
446;state_fips;25
1523;totalvotes;2287565
2690;party_simplified;OTHER
941;candidate_first_name;DAVID
1412;candidatevotes;1996
2496;totalvotes;13561900
2635;year;2008
3081;candidate_first_name;ROQUE ROCKY
3147;state;KENTUCKY
2946;state_fips;35
912;state_po;UT
2884;year;2012
1288;party_simplified;OTHER
1374;state_po;MS
201;candidate_first_name;THOMAS J.
1024;candidate_last_name;FULANI
1969;candidate_first_name;PATRICK PAT
1169;party_detailed;AMERICAN
2535;state_po;FL
2872;state;KENTUCKY
2744;state_po;VT
947;totalvotes;2211689
918;candidate_first_name;SONIA
3741;year;2020
69;totalvotes;2220362
1976;party_simplified;OTHER
3616;candidatevotes;60234
3307;year;2016
2788;candidate_last_name;STEIN
2394;candidate_last_name;BUSH
3707;candidate_first_name;JO
2220;candidate_last_name;BADNARIK
3398;party_simplified;OTHER
2934;party_simplified;OTHER
700;year;1984
252;year;1976
2658;party_detailed;INDEPENDENT
515;party_detailed;SOCIALIST WORKERS
181;party_simplified;DEMOCRAT
1916;year;2000
2435;state;UTAH
2236;candidatevotes;200152
1535;state_po;WI
587;state_fips;47
2895;state;MASSACHUSETTS
462;party_simplified;OTHER
1201;candidate_last_name;DUKAKIS
5;state_fips;1
3185;year;2016
764;candidatevotes;5721
1034;state;KENTUCKY
2162;state;VIRGINIA
3697;state;UTAH
1545;state;WYOMING
1650;candidate_last_name;HAGELIN
2730;party_detailed;DEMOCRAT
1765;state_fips;37
3514;candidatevotes;860
1122;candidate_last_name;PAUL
2634;year;2008
3384;year;2020
2149;candidate_first_name;JOHN
2176;candidatevotes;304
2253;state_fips;12
3016;state;VERMONT
2718;state;SOUTH CAROLINA
705;party_simplified;DEMOCRAT
1707;state_po;MN
3700;candidatevotes;1139
3714;candidate_last_name;BLANKENSHIP
2269;state_po;IL
1119;totalvotes;2134370
2715;state_fips;44
252;candidate_first_name;EUGENE GENE
2082;candidate_last_name;BUCHANAN
1215;state_po;AK
3390;candidate_last_name;SCOTT
1637;state;ILLINOIS
2342;party_simplified;REPUBLICAN
2404;state_po;PA
41;totalvotes;235642
2735;state_fips;49
724;state_po;IN
2476;candidatevotes;193841
3741;party_detailed;CONSTITUTION PARTY
2973;totalvotes;1334872
1619;state;GEORGIA
1226;party_simplified;REPUBLICAN
580;state_fips;46
3308;year;2016
1231;state;CALIFORNIA
1190;candidatevotes;17240
1725;state;NEBRASKA
1236;totalvotes;1569180
3472;totalvotes;6033743
720;year;1984
3428;candidate_last_name;LA RIVA
3584;state_po;MT
1106;year;1988
2033;candidate_first_name;HOWARD
2325;candidate_first_name;WALT
551;party_detailed;REPUBLICAN
2991;totalvotes;446049
3675;party_simplified;OTHER
1429;party_detailed;CONSERVATIVE
2557;party_simplified;REPUBLICAN
938;state_fips;54
3187;totalvotes;1209357
3666;party_simplified;REPUBLICAN
457;candidatevotes;873268
1637;candidate_last_name;DOLE
2279;state_fips;19
1426;state_po;NY
3021;totalvotes;3854489
1370;candidate_last_name;CLINTON
215;totalvotes;4110456
1839;candidatevotes;80352
458;party_simplified;OTHER
330;year;1980
1931;party_detailed;GREEN
24;state_fips;6
1498;candidate_last_name;FULANI
1808;party_detailed;WORKERS WORLD
2216;state_po;CA
2688;party_simplified;OTHER
1631;candidatevotes;165443
2404;state_fips;42
2355;candidate_last_name;NADER
2806;state_po;CO
3445;state;GEORGIA
819;state;NEW JERSEY
2686;year;2008
1548;candidate_last_name;BROWNE
1433;state_po;NY
450;party_detailed;REPUBLICAN
66;candidate_first_name;LEVIN
336;party_detailed;LIBERTARIAN
1065;state;MINNESOTA
1646;candidate_first_name;BILL
2846;party_simplified;REPUBLICAN
777;state_po;MI
125;candidate_last_name;CAMEJO
783;state;MINNESOTA
272;year;1976
3442;state_fips;13
3216;state;NEW HAMPSHIRE
2686;party_simplified;REPUBLICAN
1436;totalvotes;2611850
2101;state_po;OK
2753;candidatevotes;2344
1340;year;1992
767;year;1984
1771;year;1996
3213;totalvotes;744296
402;candidatevotes;508672
2141;candidate_first_name;RALPH
3675;candidate_last_name;BLANKENSHIP
1004;candidate_last_name;PAUL
3540;candidatevotes;5
630;year;1980
2631;party_simplified;DEMOCRAT
3086;candidatevotes;710
2947;totalvotes;783758
3706;year;2020
3474;party_simplified;OTHER
3561;candidate_first_name;BROCK
1800;candidatevotes;5783
1470;party_simplified;OTHER
162;candidate_first_name;JIMMY
767;state_po;MD
24;totalvotes;7803770
933;state_fips;53
1699;candidatevotes;766395
812;year;1984
308;party_simplified;LIBERTARIAN
1996;year;2000
3145;state;KANSAS
1167;state_fips;49
2611;state;MICHIGAN
1557;totalvotes;1404405
1219;year;1992
951;candidate_last_name;BERGLAND
1966;state_fips;17
2948;totalvotes;783758
2430;party_simplified;DEMOCRAT
1161;party_detailed;DEMOCRAT
2498;party_detailed;GREEN
2559;state;ILLINOIS
3367;candidate_last_name;MARK CHARLES
3648;candidate_last_name;SIMMONS
46;candidate_last_name;CARTER
3279;candidatevotes;117458
1829;state;UTAH
2318;candidate_last_name;NADER
3279;state_fips;46
1506;candidate_last_name;PEROT
1741;candidatevotes;4214
2246;party_simplified;OTHER
3730;candidatevotes;1584651
2593;party_detailed;PROHIBITION
253;state_fips;47
1162;state_po;TX
3244;state_po;NC
1774;party_detailed;NATURAL LAW
561;totalvotes;4561501
3317;state;WISCONSIN
2411;candidate_last_name;NADER
2524;year;2008
1185;party_detailed;DEMOCRAT
2762;state_fips;54
3291;state_po;UT
3017;candidate_last_name;JOHNSON
1836;candidatevotes;235
2626;totalvotes;1289865
28;state_fips;8
3487;candidatevotes;546
64;totalvotes;4721282
2504;state;COLORADO
723;party_detailed;REPUBLICAN
276;party_detailed;REPUBLICAN
3197;candidate_last_name;CASTLE
690;state_fips;10
2799;year;2012
3646;candidate_first_name;JOSEPH R. JR
1799;candidate_last_name;PHILLIPS
1178;candidatevotes;275
2054;state_fips;31
2755;candidatevotes;1229216
504;state;NEW JERSEY
694;candidate_first_name;WALTER
1557;year;1996
3529;party_detailed;GREEN
3650;year;2020
2376;state_fips;35
848;candidate_last_name;RICHARDS
173;totalvotes;3014472
2388;year;2004
968;candidate_first_name;RONALD RON
881;party_detailed;COMMUNIST PARTY USE
212;party_simplified;OTHER
3505;candidate_last_name;HOEFLING
3088;candidatevotes;452
278;state_po;VA
3383;state_fips;8
1350;party_detailed;PROHIBITION
771;totalvotes;3801658
2123;candidatevotes;271
1413;candidate_last_name;GRITZ
314;year;1980
2960;state_po;NC
474;year;1980
2655;state_fips;33
836;candidatevotes;118324
1358;candidate_first_name;BILL
383;candidate_first_name;EDWARD ED
44;party_detailed;DEMOCRAT
1109;candidate_first_name;GEORGE H.W.
2759;candidate_first_name;CYNTHIA
2488;candidate_first_name;RALPH
1082;state_fips;32
2339;state_fips;28
3273;candidate_last_name;JOHNSON
1047;state_po;MD
1678;party_simplified;OTHER
677;candidatevotes;821817
1769;totalvotes;266411
1301;year;1992
418;state_fips;20
2166;year;2000
2110;candidate_last_name;BUCHANAN
360;state;DISTRICT OF COLUMBIA
763;state_po;MD
839;totalvotes;6806810
3157;party_detailed;DEMOCRAT
3181;candidatevotes;36986
1398;state_po;NH
450;party_simplified;REPUBLICAN
3464;candidatevotes;21
322;state_po;AZ
2184;candidate_first_name;GEORGE W.
2913;party_detailed;LIBERTARIAN
2082;candidate_first_name;PATRICK PAT
2385;totalvotes;3501007
1504;state_fips;50
2935;state_po;NJ
286;candidate_last_name;MACBRIDE
3006;party_simplified;DEMOCRAT
3340;candidatevotes;51465
1098;totalvotes;3099553
2983;candidatevotes;49991
2336;candidate_last_name;KERRY
1159;party_simplified;DEMOCRAT
572;party_simplified;OTHER
465;party_detailed;REPUBLICAN
3425;state_fips;12
1896;totalvotes;921781
3108;state_po;FL
2315;party_detailed;REPUBLICAN
2397;year;2004
2079;candidate_first_name;GEORGE W.
459;candidatevotes;31593
1984;year;2000
2471;year;2004
360;party_simplified;OTHER
2044;candidate_last_name;BUSH
2437;candidate_first_name;RALPH
1045;candidate_last_name;BUSH
111;state;MARYLAND
2493;year;2008
552;totalvotes;1149708
3624;year;2020
311;candidatevotes;1303
814;party_detailed;LIBERTARIAN
491;state_po;NH
3689;totalvotes;11315056
1134;state_fips;40
2804;state_fips;8
3028;candidate_last_name;STEIN
3120;state_fips;16
489;candidate_last_name;CARTER
2590;state_fips;22
2024;year;2000
1632;party_detailed;REFORM PARTY
1485;candidate_last_name;PEROT
930;candidatevotes;1654
887;state_po;SC
2682;state;NORTH CAROLINA
2439;state;UTAH
641;totalvotes;2273221
2061;state;NEVADA
3617;state_fips;36
1390;totalvotes;506318
2996;state;SOUTH CAROLINA
1270;totalvotes;2321133
1024;candidate_first_name;LENORA
1736;candidate_first_name;HOWARD
3320;totalvotes;2976150
517;year;1980
1755;state_fips;36
2311;party_detailed;CONSTITUTION PARTY
1644;party_simplified;OTHER
3328;candidatevotes;849624
1355;candidate_first_name;HOWARD
1525;totalvotes;2287565
1553;candidatevotes;7597
1904;candidatevotes;17042
3434;state_fips;13
1097;candidate_last_name;DUKE
1155;totalvotes;986009
472;totalvotes;2099824
2703;state_po;OR
1784;year;1996
2883;totalvotes;1994065
158;candidatevotes;92479
3227;candidatevotes;319667
2030;candidatevotes;1022
1500;year;1992
2189;candidate_first_name;PATRICK PAT
596;year;1980
2444;party_simplified;OTHER
953;party_simplified;DEMOCRAT
2646;state;NEVADA
2157;party_simplified;OTHER
2879;candidate_last_name;ANDERSON
2603;party_simplified;OTHER
2020;year;2000
2277;state;IOWA
2654;candidate_last_name;NADER
876;party_simplified;DEMOCRAT
3322;year;2016
1664;state;LOUISIANA
1076;year;1988
1789;candidate_last_name;PEROT
2742;candidate_first_name;RALPH
1057;state_fips;27
3528;party_detailed;LIBERTARIAN
2148;candidatevotes;2709
319;party_detailed;DEMOCRAT
2304;candidate_last_name;BADNARIK
1767;candidate_first_name;HARRY
2387;candidatevotes;11731
1124;candidatevotes;396
3099;candidate_first_name;DONALD J.
2839;party_simplified;REPUBLICAN
227;candidate_last_name;CARTER
1248;candidate_last_name;FULANI
3055;party_simplified;DEMOCRAT
3474;candidate_last_name;BLANKENSHIP
101;candidatevotes;10058
2426;totalvotes;388215
1952;state_po;HI
1838;candidate_last_name;CLINTON
3577;state_fips;29
1799;candidate_first_name;HOWARD
278;year;1976
2577;year;2008
2955;candidate_first_name;JILL
3097;state;CONNECTICUT
3530;state_fips;24
1392;year;1992
2349;candidate_first_name;RALPH
2969;party_simplified;OTHER
199;party_detailed;REPUBLICAN
634;state_po;WV
2643;totalvotes;801281
3410;state_po;DE
3527;candidate_first_name;JOSEPH R. JR
2040;candidate_last_name;BUCHANAN
2078;party_simplified;OTHER
945;year;1984
3476;totalvotes;6033743
81;candidatevotes;233
859;state;OHIO
3029;party_detailed;CONSTITUTION PARTY
3151;candidatevotes;13913
43;state_fips;10
2344;party_simplified;LIBERTARIAN
1916;state_fips;9
206;year;1976
2659;candidate_first_name;BOB
646;state_fips;56
2226;party_simplified;OTHER
2203;state_fips;4
3179;state_po;MN
2832;state;FLORIDA
425;candidatevotes;393
1173;year;1988
1205;year;1992
578;state_fips;45
1383;candidate_first_name;ANDRE
691;candidate_first_name;DAVID
2145;totalvotes;770754
3690;totalvotes;11315056
3320;party_detailed;GREEN
2824;totalvotes;293764
3068;state;ARKANSAS
3225;candidate_last_name;LA RIVA
832;candidatevotes;155
2303;state_fips;23
1355;party_simplified;OTHER
3160;totalvotes;771892
3287;party_simplified;OTHER
2156;candidate_last_name;BROWNE
522;party_simplified;OTHER
1022;state_po;IA
3567;totalvotes;1313759
2503;year;2008
1427;totalvotes;7079432
594;state_fips;47
504;totalvotes;2975684
71;state_po;IN
2198;totalvotes;312598
3222;state_fips;34
3446;candidatevotes;366130
124;state_fips;26
285;state;WASHINGTON
2059;candidate_last_name;BROWNE
3022;candidate_last_name;JOHNSON
2363;candidatevotes;1152
1960;state_po;ID
1773;year;1996
1005;totalvotes;354461
1601;candidate_last_name;HAGELIN
1687;party_simplified;OTHER
810;candidate_last_name;MONDALE
479;candidate_last_name;CLARK
2620;candidatevotes;6787
1967;candidatevotes;1245836
609;candidatevotes;81952
2489;party_detailed;LIBERTARIAN
412;candidatevotes;326150
1096;state_po;NJ
438;party_simplified;OTHER
1011;candidatevotes;2310939
2047;candidate_first_name;PATRICK PAT
2011;party_detailed;DEMOCRAT
3080;state_po;CO
3439;year;2020
1615;candidate_last_name;CLINTON
667;totalvotes;884406
2710;candidate_first_name;JOHN
3466;totalvotes;6033743
1053;candidate_first_name;GEORGE H.W.
1505;candidate_first_name;GEORGE H.W.
1661;year;1996
858;candidatevotes;10693
1280;party_simplified;OTHER
361;state_po;DC
2020;candidatevotes;16711
750;state;LOUISIANA
2114;totalvotes;4912185
2341;state;MISSISSIPPI
501;state_po;NJ
1941;year;2000
3194;party_detailed;DEMOCRAT
307;candidate_first_name;JOHN
519;totalvotes;6201959
1451;candidate_first_name;BILL
3083;state_fips;8
1966;candidate_first_name;PATRICK PAT
3395;candidatevotes;20230
827;party_simplified;DEMOCRAT
791;state;MISSISSIPPI
2727;state;TENNESSEE
3040;party_simplified;REPUBLICAN
2651;candidate_last_name;MCKINNEY
69;candidate_last_name;CARTER
3728;totalvotes;4460524
1367;candidate_first_name;HOWARD
1153;party_detailed;SOCIALIST
554;state;OKLAHOMA
298;state;WISCONSIN
3703;candidate_last_name;SIMMONS
2505;totalvotes;2401361
3240;state_fips;36
2556;state_po;IL
1546;party_detailed;REPUBLICAN
739;year;1984
2560;state;ILLINOIS
1747;totalvotes;556074
829;state_fips;35
1872;candidatevotes;77934
706;candidate_last_name;REAGAN
1803;party_detailed;REFORM PARTY
1702;state_po;MN
1570;candidatevotes;747
835;totalvotes;6806810
2200;candidate_last_name;BADNARIK
1353;state_fips;26
2165;state_fips;51
555;year;1980
1541;totalvotes;199884
2173;candidatevotes;1989
2653;party_simplified;REPUBLICAN
3639;candidate_last_name;JORGENSEN
2828;state_fips;12
1400;state_fips;33
2462;state;WEST VIRGINIA
3232;party_detailed;SOCIALISM AND LIBERATION PARTY
2214;candidatevotes;40771
1780;state;OHIO
2383;totalvotes;7448266
3663;totalvotes;516990
2828;candidate_first_name;MITT
1258;state_po;DC
58;party_detailed;LIBERTARIAN
56;totalvotes;340932
3017;candidate_first_name;GARY
2818;candidate_last_name;JOHNSON
3156;year;2016
152;candidate_last_name;FORD
2366;totalvotes;678287
2136;party_simplified;LIBERTARIAN
52;totalvotes;291301
2325;state_fips;26
3728;candidate_last_name;JORGENSEN
109;candidate_last_name;BUBAR
1351;party_simplified;DEMOCRAT
1439;party_detailed;LIBERTARIAN
2856;candidatevotes;50111
128;party_simplified;DEMOCRAT
1126;state_fips;39
712;state_po;ID
1587;state_po;CO
2796;party_simplified;LIBERTARIAN
1813;candidate_last_name;BROWNE
728;year;1984
2019;candidate_first_name;RALPH
121;candidate_first_name;JIMMY
3397;state_po;CT
3034;state;WEST VIRGINIA
919;candidatevotes;127
2911;candidate_last_name;ROMNEY
971;state_po;CA
2760;candidatevotes;705
2375;party_simplified;OTHER
377;candidate_first_name;EDWARD ED
1884;state;ALASKA
1285;candidate_first_name;ROSS
3006;state;TEXAS
3288;candidate_last_name;TRUMP
2309;state_po;MD
145;state_fips;28
915;totalvotes;234561
3746;party_detailed;INDEPENDENT
2896;party_detailed;DEMOCRAT
1881;party_detailed;GREEN
808;candidate_first_name;DENNIS
1651;candidate_last_name;BROWNE
3632;year;2020
3598;candidate_last_name;HAWKINS
1854;party_simplified;DEMOCRAT
1005;state;HAWAII
298;party_simplified;OTHER
147;state_fips;29
2704;year;2008
2607;candidatevotes;13189
1467;candidate_first_name;LENORA
3076;state_po;CO
1354;state_po;MI
668;candidate_last_name;SERRETTE
2876;totalvotes;1994065
2562;party_detailed;DEMOCRAT
169;year;1976
2226;year;2004
1964;candidate_last_name;NADER
2151;year;2000
3698;state_po;UT
928;state;WASHINGTON
2754;state_fips;53
1446;candidatevotes;1984942
3120;candidate_first_name;DONALD J.
1468;state;RHODE ISLAND
2862;state_po;IA
1546;candidatevotes;769044
895;totalvotes;1711993
1951;year;2000
320;candidatevotes;76952
1629;state_po;HI
3221;state;NEW JERSEY
3703;year;2020
2522;totalvotes;412412
1541;candidatevotes;79347
197;state_fips;37
804;party_simplified;REPUBLICAN
2906;party_detailed;GRASSROOTS
2164;state_po;VA
1069;year;1988
3697;state_fips;49
724;year;1984
1621;candidatevotes;146337
2902;state;MINNESOTA
3344;party_simplified;OTHER
2391;party_simplified;OTHER
3719;candidatevotes;126
635;state_po;WI
2873;year;2012
198;state_po;NC
2656;candidate_last_name;OBAMA
1577;candidatevotes;237016
3041;candidatevotes;69286
2948;candidate_last_name;STEIN
3205;state;NEBRASKA
2901;state;MINNESOTA
2765;state_po;WV
55;totalvotes;340932
1568;state_po;AR
1882;candidatevotes;5192
2552;candidate_first_name;BARACK H.
2326;state_fips;27
158;state_po;NV
3173;candidate_last_name;JOHNSON
2506;state_po;CO
1454;state_fips;41
374;state_po;HI
1046;party_simplified;DEMOCRAT
3679;candidate_first_name;ALYSON
2591;state;LOUISIANA
867;party_detailed;REPUBLICAN
260;state_po;TX
580;candidate_first_name;RONALD
296;state_po;WI
2796;candidate_first_name;GARY
3248;state;NORTH DAKOTA
3300;party_detailed;DEMOCRAT
1454;state;OREGON
2463;candidate_first_name;RALPH
857;totalvotes;4563235
713;party_detailed;LIBERTARIAN
2887;candidatevotes;8119
1311;year;1992
440;party_simplified;DEMOCRAT
716;candidate_last_name;MONDALE
2582;totalvotes;1826620
3188;state_fips;28
1745;candidatevotes;273495
2249;state_fips;12
3290;state_fips;49
2183;year;2000
1144;candidate_first_name;DAVID
872;candidate_last_name;BERGLAND
2233;totalvotes;1578769
348;party_detailed;REPUBLICAN
569;party_simplified;OTHER
1723;state_fips;30
2313;candidatevotes;7
3085;candidate_last_name;SILVA
1299;year;1992
2891;candidate_first_name;JILL
1918;year;2000
3263;candidate_first_name;GARY
1613;party_detailed;NATURAL LAW
1740;party_detailed;REFORM PARTY
2655;candidate_last_name;BARR
1608;candidate_first_name;BILL
658;candidatevotes;6378
2272;state_po;IN
2665;state_fips;34
1113;candidate_last_name;FULANI
2430;state_fips;47
2898;candidate_last_name;STEIN
2570;party_detailed;CONSTITUTION PARTY
2380;state;NEW YORK
1629;candidate_last_name;PHILLIPS
145;totalvotes;768390
261;totalvotes;4071884
2648;year;2008
1813;party_simplified;LIBERTARIAN
3661;state_po;RI
725;state;INDIANA
175;state_po;NJ
1249;totalvotes;289620
2735;state_po;UT
3495;candidatevotes;1326646
2881;candidate_first_name;LOWELL JACKSON JACK
1909;candidatevotes;12799
262;party_detailed;SOCIALIST WORKERS
545;year;1980
3124;state_po;ID
1921;candidate_last_name;BROWNE
1645;state_fips;18
3680;year;2020
2097;party_simplified;REPUBLICAN
2372;party_simplified;DEMOCRAT
3311;candidatevotes;3523
2910;party_detailed;SOCIALISM AND LIBERATION PARTY
2501;party_detailed;INDEPENDENT
2385;candidatevotes;1961166
3727;state;VIRGINIA
3232;state_fips;35
1084;party_detailed;LIBERTARIAN
1853;candidate_last_name;HAGELIN
3171;candidatevotes;2279543
2059;party_simplified;LIBERTARIAN
959;state;ALASKA
2841;state_fips;13
1081;party_detailed;NEW ALLIANCE
2630;state_po;MO
3044;party_simplified;REPUBLICAN
1077;year;1988
662;state_fips;5
2033;state_po;MS
3184;state_fips;27
613;state;VERMONT
942;state;WISCONSIN
233;candidate_first_name;GUS
1108;party_simplified;DEMOCRAT
599;state_fips;49
2295;year;2004
2072;party_detailed;LIBERTARIAN
509;totalvotes;456237
1173;state_po;UT
1223;state_fips;4
3421;state_po;DC
2882;party_simplified;OTHER
2214;state;CALIFORNIA
2318;state_fips;25
844;totalvotes;2175361
6;party_simplified;LIBERTARIAN
781;totalvotes;2084449
900;candidate_first_name;MELVIN
1695;state;MICHIGAN
1771;state_fips;38
2659;totalvotes;3868237
676;state_po;CA
446;totalvotes;2524090
3315;state;WEST VIRGINIA
305;year;1980
1164;year;1988
2475;candidate_first_name;BARACK H.
1791;year;1996
1177;party_simplified;LIBERTARIAN
2361;state_fips;32
1108;candidate_first_name;MICHAEL
1937;totalvotes;5963110
947;state_po;WI
3589;candidate_last_name;BIDEN
1370;state;MISSISSIPPI
1919;year;2000
2372;totalvotes;756304
157;totalvotes;201876
2095;year;2000
1028;party_simplified;REPUBLICAN
3576;state;MISSOURI
1088;year;1988
790;party_simplified;OTHER
1221;candidate_last_name;GRITZ
3654;year;2020
3174;candidatevotes;51463
2657;state_po;NJ
1502;state_fips;49
718;year;1984
770;candidatevotes;7998
3241;candidatevotes;36294
966;state_po;AR
1070;state_po;MS
2653;candidate_last_name;MCCAIN
1665;state_po;LA
3296;party_simplified;LIBERTARIAN
3425;party_simplified;REPUBLICAN
1769;state;NORTH DAKOTA
3364;party_detailed;PEACE & FREEDOM
2705;totalvotes;6013272
301;totalvotes;2101336
3647;totalvotes;1560699
